<?xml version="1.0" encoding="UTF-8"?>
<beans xmlns="http://www.springframework.org/schema/beans"
		xmlns:xsi="http://www.w3.org/2001/XMLSchema-instance"
		xmlns:aop="http://www.springframework.org/schema/aop"
		xmlns:tx="http://www.springframework.org/schema/tx"
		xsi:schemaLocation="
			http://www.springframework.org/schema/beans http://www.springframework.org/schema/beans/spring-beans-2.5.xsd
			http://www.springframework.org/schema/aop http://www.springframework.org/schema/aop/spring-aop-2.5.xsd
			http://www.springframework.org/schema/tx http://www.springframework.org/schema/tx/spring-tx-2.5.xsd" >
	   
	<bean id="catalogoHelper" class="pe.gob.sunat.despaduanero2.declaracion.ingreso.validador.service.CatalogoHelperImpl">
		<property name="catalogoAyudaService" ref="Ayuda.catalogoAyudaService"/>
		<property name="catalogoValidacionService" ref="Ayuda.catalogoValidaService"/>
		<property name="operadorValidaService" ref="Ayuda.operadorValidaService"/>
		<property name="operadorAyudaService" ref="Ayuda.operadorAyudaService"/>
		<property name="ayudaService" ref="Ayuda.ayudaService"/>
		<property name="packageTD" ref="PackageTD"/>		
	</bean>

   <bean id="FuncionesFechaService"  class="pe.gob.sunat.despaduanero2.declaracion.ingreso.validador.service.FuncionesFechaService">
        <property name="swapperDatasource" ref="tg.model.swapper.ds.prp1" />        
        <property name="fabricaDeServicios" ref="framework.fabricaDeServicios" />
		<property name="calculaDiaDAOService" ref="Ayuda.calculaDiaService"/>
        
   </bean>

   <bean id="soporteServiceDef"  class="pe.gob.sunat.despaduanero2.diligencia.ingreso.service.SoporteServiceImpl">
   		<property name="cabActasDAO" ref="asignacion.CabActasDAO" />
   		<property name="movDuasActasDAO" ref="movDuasActasDAORef" />
   		<property name="datAuxActaDAO" ref="datAuxActaDAORef" />   
   		<property name="ayudaService" ref="Ayuda.ayudaService"/>
    	<property name="ddpDAOService"     ref="Ayuda.ddpService" />
    	<property name="t733daoService"		ref="Ayuda.t733Service" />
   </bean>
		
	<bean id="liquidaDeclaracionService"  class="pe.gob.sunat.recauda2.genadeudo.service.LiquidaDeclaracionServiceImpl">
   		<property name="cabDocliqDAO" ref="cabDocliqDef" />
		<property name="detDocliqDAO" ref="detDocliqDef" />
		<property name="patgLiquidaNpdaDAO" ref="patgLiquidaNpdaDef" />
		<property name="patgGeneraLcNpdaDAO" ref="patgGeneraLcNpdaDef" />
		<property name="deudaDocumDAO" ref="deudaDocumDef" />
		<property name="cabDeudaDAO" ref="cabDeudaDef" />
		<property name="detDeudaDAO" ref="detDeudaDef" />
		<property name="movCabliqdiligDAO" ref="movCabliqdiligDef" />
		<property name="movLiqdiligDAO" ref="movLiqdiligDef" />
		<property name="prepolpecoDAO" ref="prepolpecoDef" />
		<property name="preserpecoDAO" ref="preserpecoDef" />
		<property name="cabDeclaraDAO" ref="cabDeclaraDef" />
		<property name="preserdcigvDAO" ref="preserdcigvDef" />
		<property name="detPagoduaDAO" ref="detPagoDuaDef" />
		<property name="liquidaDAO" ref="recaudacion2.liquidaDefDxdaen" />
		<property name="vfpDAO" ref="servicio.registro.model.vfpDAO" />
		<property name="ddpDAO" ref="servicio.registro.model.ddpDAO" />
		<property name="fabricaDeServicios" ref="framework.fabricaDeServicios" />
		<property name="swapperDatasource" ref="declaracion.swapper.dx.prp1" />		
		<property name="swapperDatasourceDeclaracionOP"   ref="declaracion.swapper.dx.prp1" /><!--<KAH>RIN10</KAH>-->
		<property name="cabAdjImpoconsuDAO" ref="cabAdjImpoconsuDAO" />		
		<property name="enableSwapperDataSource" value="true" />
		<property name="ebd1Prov1DAO" ref="ebd1prov1DAO" />     
		<property name="ebd1ProvDAO" ref="ebd1provDAO" />   
		<property name="ebd1CduiDAO" ref="declaracionIngresoEbd1CduiWrite" />
		<property name="movCalcTributoDAO" ref="movCalcTributoDAO" />   
        <property name="cambio1DAO" ref="declaracion.cambio1DAO.Def" />
        <property name="validaAnexoDeclaracionService"	ref="validaAnexoDeclaracion" />			
   </bean>
   
  	<bean id="declaracion.configuracionDeclaracion" class="pe.gob.sunat.despaduanero2.declaracion.ingreso.validador.utils.ObtenerPantillas" scope="singleton">
		  <property name="directorioPlantillasRespuesta" value="/data1/sigad/plantillas/receptor" /> 
		  <property name="directorioTmpGenArchivos" value="/data1/sigad/envios/tmpresparalelo/archivos" /> 
		  <property name="nombrePlantillaRespuestaNumeracion" value="response-declaracion-numeracion.ftl" /> 
		  <property name="nombrePlantillaRespuestaRectiRegul" value="response-declaracion-retiregul.ftl" /> 
	</bean>
	
	<bean id="declaracion.freemarkerTransactionResponseConfiguration" class="org.springframework.ui.freemarker.FreeMarkerConfigurationFactoryBean">
		<property name="templateLoaderPath" value="file:/data1/sigad/plantillas/receptor"/>
		<property name="defaultEncoding" value="ISO-8859-1"></property>
  	</bean>

     
   <bean id="genRespuestaDef"  class="pe.gob.sunat.despaduanero2.declaracion.ingreso.validador.respuesta.GenRespuesta">
            <property name="liquidaDeclaracionService" ref="liquidaDeclaracionService" />
            <property name="cabDeclaraDAO" ref="cabDeclaraDef" />
            <property name="deudaDocumDAO" ref="deudaDocumDef" />
            <property name="cabDeudaDAO" ref="cabDeudaDef" />
            <property name="cambio1DAO" ref="declaracion.cambio1DAO.Def" />
            <property name="liquidaDAO" ref="liquidaDef" />
            <property name="movCabliqdiligDAO" ref="movCabliqdiligDef" />
            <property name="cabDocpagoDAO" ref="cabDocpagoDef" />
            <property name="solicitudDAO" ref="solicitudDAO" />
            <property name="ayudaService" ref="Ayuda.ayudaService"/>
            <property name="fabricaDeServicios" ref="framework.fabricaDeServicios" />
   </bean>
   
   <bean id="imputacionServiceDef"  class="pe.gob.sunat.recauda2.genadeudo.service.ImputacionServiceImpl">
            <property name="deudaDocumeDAO" ref="deudaDocumDef" />
            <property name="cabdeudaDAO" ref="cabDeudaDef" />
            <property name="detpagoduaDAO" ref="detPagoDuaDef" />
            <property name="cambio1DAO" ref="declaracion.cambio1DAO.Def" />
            <property name="catalogoHelper" ref="catalogoHelper" />
            <property name="funcionesService" ref="funcionesService" />
   			<property name="ebd1prov1DAO" ref="ebd1prov1DAO" />
            <property name="ebd1provDAO" ref="ebd1provDAO" />
            <property name="liquidaDAO" ref="liquidaDef" /> 
   </bean>
   
   
   <bean id="declaracion.ingreso.consultaLiquidacionService"  class="pe.gob.sunat.recauda2.genadeudo.service.ConsultaLiquidacionServiceImpl">
 			 <property name="liquidaDAO" ref="liquidaDef" />
  		    <property name="fabricaDeServicios" ref="framework.fabricaDeServicios" />
		    <property name="diasUtilesDAO" ref="diasUtilesDAO" />
   </bean>
 		  
  
  <!--  Servicios de contingentes -->
  <bean id="declaracion.contingentesUtil"  class="pe.gob.sunat.despaduanero2.declaracion.ingreso.validador.contingentes.ContingentesUtil">
		<property name="prupersoDAO" ref="prupersoDAO" />
		<property name="contCtaCteDAO" ref="contCtaCteDAO" />
		<property name="contingenteDAO" ref="contingenteDAO" />
	  	<property name="detDeclaraDAO" ref="detDeclaraDAO" />
  		<property name="detPagoDuaDAO" ref="detPagoDuaDef" />
  		<property name="envErrorCabDAO" ref="orquestador.envErrorCabDAO" />
  		<property name="getDeclaracionService" ref="declaracionService" />
		<property name="manifiestoService" ref="manifiesto.manifiestoService" />
		<property name="manifiestoValidacionService" ref="manifiesto.manifiestoValidacionService" />
		<property name="documentoOAManifiestoValidacionService" ref="manifiesto.documentoOAManifiestoValidacionService" />
  		<property name="operaCargaDAO" ref="operaCargaDAO" />
  		<property name="contValidDAO" ref="contValidDAO" />
  		<property name="fabricaDeServicios" ref="framework.fabricaDeServicios" />
  		<property name="deudaDocumDAO" ref="deudaDocumDAO" />
	  	<property name="swapperDatasource"    ref="declaracion.swapper.ds.prp1" />
  </bean>   

	<bean id="declaracion.eliminaMovTempCtaCteService" class="pe.gob.sunat.recauda2.garantia.service.EliminaMovTempCtaCteServiceImpl">
    	<property name="fabricaDeServicios" ref="framework.fabricaDeServicios" />
  	</bean>   
   
	<bean id="PackageGeneral"  class="pe.gob.sunat.despaduanero2.declaracion.ingreso.validador.service.PackageGeneral">
			<property name="ayudaService" ref="Ayuda.ayudaService"/>
			<property name="ayudaServiceCatConversion" ref="Ayuda.ayudaServiceCatConversion"/>
			<property name="mercanciaRestringidaService" ref="mercanciaRestringService"/>			
   </bean>

   <bean id="PackageRucDni"  class="pe.gob.sunat.despaduanero2.declaracion.ingreso.validador.service.PackageRucDni">
			<property name="ddpDAOService" ref="Ayuda.ddpService" />
   </bean> 
   <bean id="formatoAService" class="pe.gob.sunat.despaduanero2.declaracion.ingreso.validador.service.FormatoAServiceImpl" factory-method="getInstance">
   		<property name="catalogoValidacionService" ref="catalogoHelper" />
 		<property name="codilibeDAO" ref="codilibeDAO" />
   		<property name="expodumpDAO" ref="expodumpDAO" />
   		<property name="iscfactoDAO" ref="iscfactoDAO" />
   		<property name="iscvalorDAO" ref="iscvalorDAO" />
   		<property name="nandtasaDAO" ref="nandtasaDAO" />
   		<property name="nabandinDAO" ref="nabandinDAO" />
   		<property name="radirecDAO" ref="radirecDAO" />
   		<property name="tasadumpDAO" ref="tasadumpDAO" />
   		<property name="triblibeDAO" ref="triblibeDAO" />
   		<property name="declaranDAO" ref="declaracion.declaranDAO" />
   		<property name="opecomextDAO" ref="opeComExtDAO" />
   		<property name="directoDAO" ref="directoDAO" />
   		<property name="orilibeDAO" ref="orilibeDAO" />
   		<property name="nandlibeDAO" ref="nandlibeDAO" />
   		<property name="nandi110DAO" ref="nandi110DAO" />
   		<property name="aladlibeDAO" ref="aladlibeDAO" />
   		<property name="adulibeDAO" ref="adulibeDAO" />
   		<property name="aladi504DAO" ref="aladi504DAO" />
   		<property name="excodlibDAO" ref="excodlibDAO" />
   		<property name="exnanlibDAO" ref="exnanlibDAO" />
   		<property name="cupoTpiDAO" ref="cupoTpiDAO" />
   		<property name="adualibDAO" ref="adualibDAO" />
   		<property name="catRefRucDAO" ref="catRefRucDAO" />
   		<property name="expediDAO" ref="expediDAO" />
   		<property name="tablibeDAO" ref="tablibeDAO" /> 
   		<property name="duaRegPreDAO" ref="duaregpreDAO" />   						
   		<property name="ctaCtePerNatDAO" ref="ctaCtePerNatDAO" />
   		<property name="mrestriDAO" ref="mrestriDAO" />
   		<property name="catparSenasaDAO" ref="catparSenasaDAO" />
   		<property name="ditabltasDAO" ref="ditabltasDAO" />  	
   		<property name="resspimDAO" ref="resspimDAO" /> 	
   		<property name="manifiestoDAO" ref="manifiesto.manifiestoDAO" />
   		<property name="ddpDAO" ref="servicio.registro.model.ddpDAO" />
   		<property name="maxaplDAO" ref="maxaplDAO" />
   		<property name="cabDeclaraDAO" ref="cabDeclaraDAO" />   
   		<property name="participanteDAO" ref="participanteDAO" />			
   		<property name="contingenteDAO" ref="contingenteDAO" />
   		<property name="contValidDAO" ref="contValidDAO" />
   		<property name="contPlazoDAO" ref="contPlazoDAO" />
   		<property name="prupersoDAO" ref="prupersoDAO" />
   		<property name="trasladoSeriesCeticoDAO" ref="trasladoSeriesCeticoDAO" />
   		<property name="trasladoCeticoDAO" ref="trasladoCeticoDAO" />   		
   		<property name="estabnoaptoDAO" ref="estabnoaptoDAO" />
   		<property name="tablNewDAO" ref="tablNewDAO" />
   		<property name="operadorValidaService" ref="Ayuda.operadorValidaService"/>
   		<property name="cabimportfrecDAO" ref="cabImportFrecDAO" />
   		<property name="funcionesService" ref="funcionesService" />  
   		<property name="detAutorizacionDAO" ref="detAutorizacionDAO" />
   		<property name="polizadDAO" ref="polizadDAO" />
   		<property name="seriesdDAO" ref="seriesdDAO" />
   		<property name="depoctaDAO" ref="depoctaDAO" />   	
		<property name="dipolizaiDAO" ref="dipolizaiDAO" />
   		<property name="catRefRucCentralizadaDAO" ref="catRefRucCentralizadaDAO" />   		
   		<property name="docuTransDAO" ref="manifiesto.gralDocTranporteDAO" /> 		
   		<property name="detDeclaraDAO" ref="detDeclaraDAO" /> 		
   		<property name="correl9298DAO" ref="correl9298DAO" />
        <property name="fabricaDeServicios" ref="framework.fabricaDeServicios" />
        <property name="swapperDatasource" ref="declaracion.swapper.dx.prp1" />  
        <property name="opecomextDao" ref="Ayuda.opecomextDef" /> 
        <property name="mcdetaDAO" ref="manifiesto.mcdetaDAO"/>
        <property name="manifiestoSigadService" ref="manifiesto.manifiestoSigadService" />  	
		<property name="operadorComexDAO" ref="operadorcomexDAO" />		   	
        <property name="autorizacionZonaPrimariaService" ref="autorizacionZonaPrimariaService"/>
        <property name="consultaLiquidacionService" ref="declaracion.ingreso.consultaLiquidacionService"/>
        <property name="getDeclaracionService" ref="declaracionService" />
		<property name="consultaDeclaracionDepositoAduaneroService" ref="sigad.ingreso.ConsultaDeclaracionDepositoAduaneroService"/>
		<property name="consultaDeclaracionImpoConsumoService" ref="sigad.ingreso.ConsultaDeclaracionImpoConsumoService"/>
		<property name="consultaDeclaracionImportacionAdmisionPerfecService" ref="sigad.ingreso.ConsultaDeclaracionImportacionAdmisionPerfecService"/>
		<property name="consultaDeclaracionImportacionAdmisionReexpService" ref="sigad.ingreso.ConsultaDeclaracionImportacionAdmisionReexpService"/>
	</bean>	
		
	<bean id="NumeracionService" class="pe.gob.sunat.despaduanero2.declaracion.ingreso.validador.service.NumeracionServiceImpl" factory-method="getInstance">
		<property name="pagarantiaDAO" ref="pagarantiaDAO" />
   		<property name="cabDeclaraDAO" ref="cabDeclaraDAO" />
   		<property name="deudaDocumDAO" ref="deudaDocumDAO" />
   		<property name="diasUtilesDAO" ref="diasUtilesDAO" />
   		<property name="cambio1DAO" ref="declaracion.cambio1DAO.Def" />
   		<property name="tabImpDUDAO" ref="tabImpDUDAO" />
   		<property name="cabDocliqDAO" ref="cabDocliqDef" />
   		<property name="spGeneralDAO" ref="spGeneralDAO" />
	    <property name="funcionesService" ref="funcionesService" />   		
	</bean>
	
   <bean id="rectificacionService"  class="pe.gob.sunat.despaduanero2.declaracion.ingreso.validador.service.RectificacionServiceImpl" factory-method="getInstance">
   		<property name="rectioficioDAO" ref="rectioficioDAO" />
   		<property name="cabdiligenciaDAO" ref="cabdiligenciaDAO" />
   		<property name="manifiestoDAO" ref="manifiesto.manifiestoDAO" />
   		<property name="datadoDAO" ref="datadoDAO" />
   		<property name="detaliqDAO" ref="detaliqDAO" />
   		<property name="indicadorDUADAO" ref="indicadorDUADAO" />
   		<property name="sequenceDAO" ref="Framework.sequenceDef" />
   		<property name="documentoDAO" ref="documentoDAO" />
   		<property name="solicitudDAO" ref="solicitudDAO" />
   		<property name="relaciondocDAO" ref="relaciondocDAO" />
   		<property name="solirectificaDAO" ref="solirectificaDAO" />
   		<property name="detsolrectiDAO" ref="detsolrectiDAO" />
   		<property name="cabdeclaraDAO" ref="cabDeclaraDAO" />
   		<property name="validaciongeneralservice" ref="validaciongeneralservice" />
		<property name="catalogoayudaservice" ref="Ayuda.catalogoAyudaService" />
		<property name="catalogoHelper" ref="catalogoHelper"/>  
		<property name="declaracionService" ref="declaracionService" />
		<property name="calculoAdeudoService" ref="generaLiquidacionService"/>
		<property name="liquidaDeclaracionService" ref="liquidaDeclaracionService"/>
		<property name="valcabdua" ref="ValCabdua"/>
   		<property name="funcionesService" ref="funcionesService" />
   		<property name="imputacionService" ref="imputacionServiceDef" />
   		<property name="detPagoDuaDAO" ref="detPagoDuaDef" />
   		<property name="deudaDocumDAO" ref="deudaDocumDAO" />
		<property name="liquidaDAO" ref="liquidaDef" />
   		<property name="ratcc3DAO" ref="ratcc3DAO" />
		<property name="depoctaDAO" ref="depoctaDAO" />   	
		<property name="movNGarantiaDAO" ref="movNGarantiaDAO" />
		<property name="ritccDAO" ref="ritccDAO" />   		
        <property name="cabNacioTempoDAO" ref="cabNacioTempoDAO" />
		<property name="movCabliqdiligDAO" ref="movCabliqdiligDef" />
		<property name="cabDeudaDAO" ref="cabDeudaDef" />
		<property name="notiDudaCabDAO" ref="asignacion.notiDudaCabDAO" />
        <property name="movDuasActasDAO" ref="movDuasActasDAORef" />
        <property name="movManifActasDAO" ref="movManifiestosActasDAORef" />
        <property name="soporteService" ref="soporteServiceDef" />
        <property name="detDeclaraDAO" ref="detDeclaraDAO" />
		<property name="manifiestoSigadService" ref="manifiesto.manifiestoSigadService" />
        <property name="dataCatalogoDAO" ref="Ayuda.dataCatalogoDef"/>
        <property name="padUsuGaraDAO" ref="padusugaraDef"/>
        <property name="cabCtaCteGarDAO" ref="cabctactegarDef"/>
   </bean>
   <!-- Numeracion DSEER -->
   <bean id="ingresos.DAMOperativaConsultaService" 	class="pe.gob.sunat.despaduanero2.declaracion.service.DAMOperativaConsultaServiceImpl">
		<property name="polizaXCDAO" ref="declaracion.entrada.polizaXCDAO" />
		<property name="polizadxDAO" ref="declaracion.salida.polizadxDAO" />
		<property name="declaraeDAO" ref="salida.declaraeDAO" />
		<property name="fabricaDeServicios" ref="framework.fabricaDeServicios" />
		<property name="swapperDatasource" ref="declaracion.swapper.ds.prp1" />

</bean>	
   <!-- Fin Numeracion DSEER -->
</beans>
