<?xml version="1.0" encoding="UTF-8"?>
<beans xmlns="http://www.springframework.org/schema/beans"
	xmlns:xsi="http://www.w3.org/2001/XMLSchema-instance" xmlns:aop="http://www.springframework.org/schema/aop"
	xmlns:tx="http://www.springframework.org/schema/tx"
	xsi:schemaLocation="
            http://www.springframework.org/schema/beans http://www.springframework.org/schema/beans/spring-beans.xsd
            http://www.springframework.org/schema/aop http://www.springframework.org/schema/aop/spring-aop.xsd
            http://www.springframework.org/schema/tx http://www.springframework.org/schema/tx/spring-tx.xsd"
	default-lazy-init="true">

	<!-- Servicios de soporte a otras aplicaciones -->

	<bean id="descripcionMinima.TipoDeDescrMinimaService"  class="pe.gob.sunat.despaduanero2.declaracion.ingreso.validador.formatob.descrminimas.service.TipoDeDescrMinimaServiceImpl"	parent="validacionFormatoB" />

	<bean id="descripcionMinima.TransformadorDescrMinimaService" class="pe.gob.sunat.despaduanero2.declaracion.ingreso.validador.formatob.descrminimas.service.TransformadorDescrMinimaServiceImpl">
	<!-- property name="descrPosicionDAO" ref="descrPosicionDAO" /-->
	</bean>

    <bean id="descripcionMinima.VehiculoService"  class="pe.gob.sunat.despaduanero2.declaracion.ingreso.validador.formatob.descrminimas.service.VehiculoServiceImpl"/>

	<bean id="descripcionMinima.ValidadorSEIDADescrMinimaService" class="pe.gob.sunat.despaduanero2.declaracion.ingreso.validador.formatob.descrminimas.service.ValidadorSEIDADescrMinimaServiceImpl">
	<!-- property name="tipoDeDescrMinima" ref="descripcionMinima.TipoDeDescrMinimaService" /-->
		<!-- property name="transformador"  ref="descripcionMinima.TransformadorDescrMinimaService" /-->
		<!-- property name="catalogoHelper" ref="catalogoHelper" /-->
		<!-- property name="validadorFactory" ref="ValidadorFactory" /-->
		<!-- property name="fabricaDeServicios" ref="framework.fabricaDeServicios" /-->
	</bean>

	<bean id="descripcionMinima.ValidadorSivepDescrMinimaService"  class="pe.gob.sunat.despaduanero2.declaracion.ingreso.validador.formatob.descrminimas.service.ValidadorSivepDescrMinimaServiceImpl"	parent="ValidadorAbstract" />
	<!-- Servicios de Negocios de descripciones minimas -->
      <bean id="ValidadorFactory"  class="pe.gob.sunat.despaduanero2.declaracion.ingreso.validador.formatob.descrminimas.ValidadorFactory">
           <!-- property name="fabricaDeServicios" ref="framework.fabricaDeServicios" /-->
       </bean>

	<bean id="ValidadorAbstract" abstract="true" class="pe.gob.sunat.despaduanero2.declaracion.ingreso.validador.formatob.descrminimas.ValidadorAbstract"	parent="validacionFormatoB" />
	<bean id="ValidadorAnillo"	class="pe.gob.sunat.despaduanero2.declaracion.ingreso.validador.formatob.descrminimas.anillos.ValidadorAnillo"		parent="ValidadorAbstract" />			
	<bean id="ValidadorAnillo2"	class="pe.gob.sunat.despaduanero2.declaracion.ingreso.validador.formatob.descrminimas.anillos.ValidadorAnillo2"		parent="ValidadorAbstract" />		 
	
	<!-- calzados -->
	<bean id="ValidadorCalzadoAbstract" abstract="true"	class="pe.gob.sunat.despaduanero2.declaracion.ingreso.validador.formatob.descrminimas.calzados.ValidadorCalzadoAbstract" parent="ValidadorAbstract" />
	<bean id="ValidadorCalzadoAbstract2" abstract="true" class="pe.gob.sunat.despaduanero2.declaracion.ingreso.validador.formatob.descrminimas.calzados.ValidadorCalzadoAbstract2"	parent="ValidadorAbstract" />		
	<bean id="ValidadorCalzadoCueroNatural" 	class="pe.gob.sunat.despaduanero2.declaracion.ingreso.validador.formatob.descrminimas.calzados.ValidadorCalzadoCueroNatural"	parent="ValidadorCalzadoAbstract" />
	<bean id="ValidadorCalzadoOtros"	class="pe.gob.sunat.despaduanero2.declaracion.ingreso.validador.formatob.descrminimas.calzados.ValidadorCalzadoOtros"	parent="ValidadorCalzadoAbstract" />
	<bean id="ValidadorCalzadoPlasticoSintetico"  class="pe.gob.sunat.despaduanero2.declaracion.ingreso.validador.formatob.descrminimas.calzados.ValidadorCalzadoPlasticoSintetico" 	parent="ValidadorCalzadoAbstract" />		
	<bean id="ValidadorCalzadoPlasticoSintetico2" class="pe.gob.sunat.despaduanero2.declaracion.ingreso.validador.formatob.descrminimas.calzados.ValidadorCalzadoPlasticoSintetico2"	parent="ValidadorCalzadoAbstract" />
	<bean id="ValidadorCalzadoTextil" class="pe.gob.sunat.despaduanero2.declaracion.ingreso.validador.formatob.descrminimas.calzados.ValidadorCalzadoTextil" parent="ValidadorCalzadoAbstract" />

	<!-- ceramicos -->
	<bean id="ValidadorCeramico" class="pe.gob.sunat.despaduanero2.declaracion.ingreso.validador.formatob.descrminimas.ceramicos.ValidadorCeramico" parent="ValidadorAbstract" />
	<bean id="ValidadorCeramico2" class="pe.gob.sunat.despaduanero2.declaracion.ingreso.validador.formatob.descrminimas.ceramicos.ValidadorCeramico2" parent="ValidadorAbstract" />
	<bean id="ValidadorCeramico3" class="pe.gob.sunat.despaduanero2.declaracion.ingreso.validador.formatob.descrminimas.ceramicos.ValidadorCeramico3" parent="ValidadorAbstract" />

	<!-- cierres -->
	<bean id="ValidadorCierreAbstract" abstract="true" class="pe.gob.sunat.despaduanero2.declaracion.ingreso.validador.formatob.descrminimas.cierres.ValidadorCierreAbstract" parent="ValidadorAbstract" />
	<bean id="ValidadorCierreCremallera" class="pe.gob.sunat.despaduanero2.declaracion.ingreso.validador.formatob.descrminimas.cierres.ValidadorCierreCremallera" parent="ValidadorCierreAbstract" />
	<bean id="ValidadorCierreCremallera2" class="pe.gob.sunat.despaduanero2.declaracion.ingreso.validador.formatob.descrminimas.cierres.ValidadorCierreCremallera2" 	parent="ValidadorCierreAbstract" />
	<bean id="ValidadorCierreOtros" 	class="pe.gob.sunat.despaduanero2.declaracion.ingreso.validador.formatob.descrminimas.cierres.ValidadorCierreOtros" 	parent="ValidadorCierreAbstract" />
	<bean id="ValidadorCierreOtros2"	class="pe.gob.sunat.despaduanero2.declaracion.ingreso.validador.formatob.descrminimas.cierres.ValidadorCierreOtros2"	parent="ValidadorCierreAbstract" />

	<!-- computo -->
	<bean id="ValidadorComputoAbstract" abstract="true"	class="pe.gob.sunat.despaduanero2.declaracion.ingreso.validador.formatob.descrminimas.computo.ValidadorComputoAbstract" parent="ValidadorAbstract" />
	<bean id="ValidadorComputoCDRom" class="pe.gob.sunat.despaduanero2.declaracion.ingreso.validador.formatob.descrminimas.computo.ValidadorComputoCDRom" parent="ValidadorComputoAbstract" />
	<bean id="ValidadorComputoComputadora" class="pe.gob.sunat.despaduanero2.declaracion.ingreso.validador.formatob.descrminimas.computo.ValidadorComputoComputadora" parent="ValidadorComputoAbstract" />
	<bean id="ValidadorComputoZipDriver" class="pe.gob.sunat.despaduanero2.declaracion.ingreso.validador.formatob.descrminimas.computo.ValidadorComputoZipDriver" parent="ValidadorComputoAbstract" />
	<bean id="ValidadorComputoZipDriver2" class="pe.gob.sunat.despaduanero2.declaracion.ingreso.validador.formatob.descrminimas.computo.ValidadorComputoZipDriver2" parent="ValidadorComputoAbstract" />
	<bean id="ValidadorComputoCPU"	class="pe.gob.sunat.despaduanero2.declaracion.ingreso.validador.formatob.descrminimas.computo.ValidadorComputoCPU"	parent="ValidadorComputoAbstract" />
	<bean id="ValidadorComputoDiscoDuro" class="pe.gob.sunat.despaduanero2.declaracion.ingreso.validador.formatob.descrminimas.computo.ValidadorComputoDiscoDuro"	parent="ValidadorComputoAbstract" />
	<bean id="ValidadorComputoDisquetera" class="pe.gob.sunat.despaduanero2.declaracion.ingreso.validador.formatob.descrminimas.computo.ValidadorComputoDisquetera" parent="ValidadorComputoAbstract" />
	<bean id="ValidadorComputoDisquetera2" class="pe.gob.sunat.despaduanero2.declaracion.ingreso.validador.formatob.descrminimas.computo.ValidadorComputoDisquetera2" parent="ValidadorComputoAbstract" />
	<bean id="ValidadorComputoImpresora" class="pe.gob.sunat.despaduanero2.declaracion.ingreso.validador.formatob.descrminimas.computo.ValidadorComputoImpresora" 	parent="ValidadorComputoAbstract" />
	<bean id="ValidadorComputoImpresora2"	class="pe.gob.sunat.despaduanero2.declaracion.ingreso.validador.formatob.descrminimas.computo.ValidadorComputoImpresora2"	parent="ValidadorComputoAbstract" />
	<bean id="ValidadorComputoMemoria"	class="pe.gob.sunat.despaduanero2.declaracion.ingreso.validador.formatob.descrminimas.computo.ValidadorComputoMemoria"	parent="ValidadorComputoAbstract" />
	<bean id="ValidadorComputoMemoria2"	class="pe.gob.sunat.despaduanero2.declaracion.ingreso.validador.formatob.descrminimas.computo.ValidadorComputoMemoria2"	parent="ValidadorComputoAbstract" />
	<bean id="ValidadorComputoMonitor"	class="pe.gob.sunat.despaduanero2.declaracion.ingreso.validador.formatob.descrminimas.computo.ValidadorComputoMonitor"	parent="ValidadorComputoAbstract" />
	<bean id="ValidadorComputoMouse"	class="pe.gob.sunat.despaduanero2.declaracion.ingreso.validador.formatob.descrminimas.computo.ValidadorComputoMouse"	parent="ValidadorComputoAbstract" />
	<bean id="ValidadorComputoProcesador"	class="pe.gob.sunat.despaduanero2.declaracion.ingreso.validador.formatob.descrminimas.computo.ValidadorComputoProcesador"	parent="ValidadorComputoAbstract" />
	<bean id="ValidadorComputoScanner"	class="pe.gob.sunat.despaduanero2.declaracion.ingreso.validador.formatob.descrminimas.computo.ValidadorComputoScanner"	parent="ValidadorComputoAbstract" />
	<bean id="ValidadorComputoTarjetaMadre"	class="pe.gob.sunat.despaduanero2.declaracion.ingreso.validador.formatob.descrminimas.computo.ValidadorComputoTarjetaMadre"	parent="ValidadorComputoAbstract" />
	<bean id="ValidadorComputoTarjetaRed"	class="pe.gob.sunat.despaduanero2.declaracion.ingreso.validador.formatob.descrminimas.computo.ValidadorComputoTarjetaRed"	parent="ValidadorComputoAbstract" />
	<bean id="ValidadorComputoTarjetaSonido"	class="pe.gob.sunat.despaduanero2.declaracion.ingreso.validador.formatob.descrminimas.computo.ValidadorComputoTarjetaSonido"	parent="ValidadorComputoAbstract" />
	<bean id="ValidadorComputoTarjetaVideo"	class="pe.gob.sunat.despaduanero2.declaracion.ingreso.validador.formatob.descrminimas.computo.ValidadorComputoTarjetaVideo"	parent="ValidadorComputoAbstract" />
	<bean id="ValidadorComputoTeclado"	class="pe.gob.sunat.despaduanero2.declaracion.ingreso.validador.formatob.descrminimas.computo.ValidadorComputoTeclado"	parent="ValidadorComputoAbstract" />
	<bean id="ValidadorComputoVentilador"	class="pe.gob.sunat.despaduanero2.declaracion.ingreso.validador.formatob.descrminimas.computo.ValidadorComputoVentilador"	parent="ValidadorComputoAbstract" />

	<!-- domesticos -->
	<bean id="ValidadorArticuloDomestico"	class="pe.gob.sunat.despaduanero2.declaracion.ingreso.validador.formatob.descrminimas.domesticos.ValidadorArticuloDomestico"	parent="ValidadorAbstract" />
	<bean id="ValidadorArticuloDomestico2"	class="pe.gob.sunat.despaduanero2.declaracion.ingreso.validador.formatob.descrminimas.domesticos.ValidadorArticuloDomestico2"	parent="ValidadorAbstract" />

	<!-- Juguetes -->
	<bean id="ValidadorJuguete" 	class="pe.gob.sunat.despaduanero2.declaracion.ingreso.validador.formatob.descrminimas.juguetes.ValidadorJuguete"	parent="ValidadorAbstract" />
	<bean id="ValidadorJuguete2"	class="pe.gob.sunat.despaduanero2.declaracion.ingreso.validador.formatob.descrminimas.juguetes.ValidadorJuguete2"	parent="ValidadorAbstract" />

	<!-- Laminas -->
	<bean id="ValidadorLamina"	class="pe.gob.sunat.despaduanero2.declaracion.ingreso.validador.formatob.descrminimas.laminas.ValidadorLamina"	parent="ValidadorAbstract" />
	<bean id="ValidadorLamina2"	class="pe.gob.sunat.despaduanero2.declaracion.ingreso.validador.formatob.descrminimas.laminas.ValidadorLamina2"	parent="ValidadorAbstract" />
	<bean id="ValidadorLamina3"	class="pe.gob.sunat.despaduanero2.declaracion.ingreso.validador.formatob.descrminimas.laminas.ValidadorLamina3"	parent="ValidadorAbstract" />

	<!-- Lentes -->
	<bean id="ValidadorLentesAbstract" abstract="true"	class="pe.gob.sunat.despaduanero2.declaracion.ingreso.validador.formatob.descrminimas.lentes.ValidadorLentesAbstract"	parent="ValidadorAbstract" />
	<bean id="ValidadorLentesContacto"	class="pe.gob.sunat.despaduanero2.declaracion.ingreso.validador.formatob.descrminimas.lentes.ValidadorLentesContacto"	parent="ValidadorLentesAbstract" /> 
	<bean id="ValidadorLentesGafa"	class="pe.gob.sunat.despaduanero2.declaracion.ingreso.validador.formatob.descrminimas.lentes.ValidadorLentesGafa"	parent="ValidadorLentesAbstract" />
	<bean id="ValidadorLentesOtros"	class="pe.gob.sunat.despaduanero2.declaracion.ingreso.validador.formatob.descrminimas.lentes.ValidadorLentesOtros"	parent="ValidadorLentesAbstract" />

	<!-- Malestas -->
	<bean id="ValidadorMaleta"	class="pe.gob.sunat.despaduanero2.declaracion.ingreso.validador.formatob.descrminimas.maletas.ValidadorMaleta"	parent="ValidadorAbstract" />
	<bean id="ValidadorMaleta2"	class="pe.gob.sunat.despaduanero2.declaracion.ingreso.validador.formatob.descrminimas.maletas.ValidadorMaleta2"		parent="ValidadorAbstract" />
		
	<!-- Neumaticos -->
	<bean id="ValidadorNeumatico"	class="pe.gob.sunat.despaduanero2.declaracion.ingreso.validador.formatob.descrminimas.neumaticos.ValidadorNeumatico"	parent="ValidadorAbstract" />
	<bean id="ValidadorNeumatico2"		class="pe.gob.sunat.despaduanero2.declaracion.ingreso.validador.formatob.descrminimas.neumaticos.ValidadorNeumatico2"		parent="ValidadorAbstract" />

	<!-- Pilas -->
	<bean id="ValidadorPila" class="pe.gob.sunat.despaduanero2.declaracion.ingreso.validador.formatob.descrminimas.pilas.ValidadorPila" parent="ValidadorAbstract" />

	<!-- Reproducciones -->
	<bean id="ValidadorReproAbstract" abstract="true"	class="pe.gob.sunat.despaduanero2.declaracion.ingreso.validador.formatob.descrminimas.reproduccion.ValidadorReproAbstract"	parent="ValidadorAbstract" />
	<bean id="ValidadorReproCasetteAudio"	class="pe.gob.sunat.despaduanero2.declaracion.ingreso.validador.formatob.descrminimas.reproduccion.ValidadorReproCasetteAudio"	parent="ValidadorReproAbstract" />
	<bean id="ValidadorReproCasetteVHS"		class="pe.gob.sunat.despaduanero2.declaracion.ingreso.validador.formatob.descrminimas.reproduccion.ValidadorReproCasetteVHS"	parent="ValidadorReproAbstract" />
	<bean id="ValidadorReproControlador"	class="pe.gob.sunat.despaduanero2.declaracion.ingreso.validador.formatob.descrminimas.reproduccion.ValidadorReproControlador"	parent="ValidadorReproAbstract" />
	<bean id="ValidadorReproDiscoOptico"	class="pe.gob.sunat.despaduanero2.declaracion.ingreso.validador.formatob.descrminimas.reproduccion.ValidadorReproDiscoOptico"	parent="ValidadorReproAbstract"/>				
	<bean id="ValidadorReproDuplicadora" class="pe.gob.sunat.despaduanero2.declaracion.ingreso.validador.formatob.descrminimas.reproduccion.ValidadorReproDuplicadora" parent="ValidadorReproAbstract" />
	<bean id="ValidadorReproEstucheDisco" class="pe.gob.sunat.despaduanero2.declaracion.ingreso.validador.formatob.descrminimas.reproduccion.ValidadorReproEstucheDisco" parent="ValidadorReproAbstract" />
	<bean id="ValidadorReproTorre"	class="pe.gob.sunat.despaduanero2.declaracion.ingreso.validador.formatob.descrminimas.reproduccion.ValidadorReproTorre"	parent="ValidadorReproAbstract" />

	<!-- Sanitarios -->
	<bean id="ValidadorSanitarioAbstract" abstract="true" class="pe.gob.sunat.despaduanero2.declaracion.ingreso.validador.formatob.descrminimas.sanitarios.ValidadorSanitarioAbstract" parent="ValidadorAbstract" />
	<bean id="ValidadorSanitarioInodoro" class="pe.gob.sunat.despaduanero2.declaracion.ingreso.validador.formatob.descrminimas.sanitarios.ValidadorSanitarioInodoro" parent="ValidadorSanitarioAbstract" />
	<bean id="ValidadorSanitarioInodoro2" class="pe.gob.sunat.despaduanero2.declaracion.ingreso.validador.formatob.descrminimas.sanitarios.ValidadorSanitarioInodoro2" parent="ValidadorSanitarioAbstract" />
	<bean id="ValidadorSanitarioOtros"	class="pe.gob.sunat.despaduanero2.declaracion.ingreso.validador.formatob.descrminimas.sanitarios.ValidadorSanitarioOtros"	parent="ValidadorSanitarioAbstract" />
	<bean id="ValidadorSanitarioOtros2" class="pe.gob.sunat.despaduanero2.declaracion.ingreso.validador.formatob.descrminimas.sanitarios.ValidadorSanitarioOtros2"	parent="ValidadorSanitarioAbstract" />

	<!-- Textiles -->
	<bean id="ValidadorTextilAbstract" abstract="true"	class="pe.gob.sunat.despaduanero2.declaracion.ingreso.validador.formatob.descrminimas.textiles.ValidadorTextilAbstract"	parent="ValidadorAbstract" />
	<bean id="ValidadorTextilFibra"	class="pe.gob.sunat.despaduanero2.declaracion.ingreso.validador.formatob.descrminimas.textiles.ValidadorTextilFibra"	parent="ValidadorTextilAbstract" />
	<bean id="ValidadorTextilHilado"	class="pe.gob.sunat.despaduanero2.declaracion.ingreso.validador.formatob.descrminimas.textiles.ValidadorTextilHilado"	parent="ValidadorTextilAbstract" />
	<bean id="ValidadorTextilOtros" 	class="pe.gob.sunat.despaduanero2.declaracion.ingreso.validador.formatob.descrminimas.textiles.ValidadorTextilOtros"	parent="ValidadorTextilAbstract" />
	<bean id="ValidadorTextilPrenda"	class="pe.gob.sunat.despaduanero2.declaracion.ingreso.validador.formatob.descrminimas.textiles.ValidadorTextilPrenda"	parent="ValidadorTextilAbstract" />
	<bean id="ValidadorTextilPrenda2"	  class="pe.gob.sunat.despaduanero2.declaracion.ingreso.validador.formatob.descrminimas.textiles.ValidadorTextilPrenda2"	  parent="ValidadorTextilAbstract" />
	<bean id="ValidadorTextilTela"		class="pe.gob.sunat.despaduanero2.declaracion.ingreso.validador.formatob.descrminimas.textiles.ValidadorTextilTela"		parent="ValidadorTextilAbstract" />

	<!-- Utiles -->
	<bean id="ValidadorUtilesAbstract" abstract="true"	class="pe.gob.sunat.despaduanero2.declaracion.ingreso.validador.formatob.descrminimas.utiles.ValidadorUtilesAbstract"	parent="ValidadorAbstract" />
	<bean id="ValidadorUtilesEscritorio"	class="pe.gob.sunat.despaduanero2.declaracion.ingreso.validador.formatob.descrminimas.utiles.ValidadorUtilesEscritorio"		parent="ValidadorUtilesAbstract" />
	<bean id="ValidadorUtilesOtros"		class="pe.gob.sunat.despaduanero2.declaracion.ingreso.validador.formatob.descrminimas.utiles.ValidadorUtilesOtros"		parent="ValidadorUtilesAbstract" />

	<!-- Vehiculos -->
	<bean id="ValidadorVehiculo"	class="pe.gob.sunat.despaduanero2.declaracion.ingreso.validador.formatob.descrminimas.vehiculos.ValidadorVehiculo"	parent="ValidadorAbstract">
	<!-- property name="catModVehiDAO" ref="catModVehiDAO" /-->
		<!-- property name="catRevisa1DAO" ref="catRevisa1DAO" /-->
		<!-- Inicio - P46 -->
		<!-- property name="valTratamientoDonacionService" ref="ValTratamientoDonacion" /--> 
		<!-- Fin - P46 -->
	</bean>

	<bean id="ValidadorVehiculo2"  class="pe.gob.sunat.despaduanero2.declaracion.ingreso.validador.formatob.descrminimas.vehiculos.ValidadorVehiculo2"	  parent="ValidadorAbstract">
	<!-- property name="catModVehiDAO" ref="catModVehiDAO" /-->
		<!-- property name="catRevisa1DAO" ref="catRevisa1DAO" /-->
		<!-- Inicio - P46 -->
		<!-- property name="valTratamientoDonacionService" ref="ValTratamientoDonacion" /-->
		<!-- Fin - P46 -->
	</bean>
	
	<bean id="ValidadorVehiculo3"  class="pe.gob.sunat.despaduanero2.declaracion.ingreso.validador.formatob.descrminimas.vehiculos.ValidadorVehiculo3"	  parent="ValidadorAbstract">
	</bean>

</beans>