<?xml version="1.0" encoding="UTF-8"?>
<beans xmlns="http://www.springframework.org/schema/beans"
		xmlns:xsi="http://www.w3.org/2001/XMLSchema-instance"
		xmlns:aop="http://www.springframework.org/schema/aop"
		xmlns:tx="http://www.springframework.org/schema/tx"
		xsi:schemaLocation="
			http://www.springframework.org/schema/beans http://www.springframework.org/schema/beans/spring-beans-2.5.xsd
			http://www.springframework.org/schema/aop http://www.springframework.org/schema/aop/spring-aop-2.5.xsd
			http://www.springframework.org/schema/tx http://www.springframework.org/schema/tx/spring-tx-2.5.xsd"  default-lazy-init="true">

	<bean id="ingreso2.fabricaDeServicios" name="ingreso2.fabricaDeServicios" class="org.springframework.beans.factory.config.ServiceLocatorFactoryBean" autowire="byName">
    	<property name="serviceLocatorInterface" value="pe.gob.sunat.framework.spring.util.factory.FabricaDeServicios"/>
	</bean>
  
	<!-- Configuracion de la Clase PADRE. Importante, notar la propiedad "abstract" en la definiciï¿½n del Bean -->
	<bean id="ingreso2.Service" class="pe.gob.sunat.despaduanero2.declaracion.ingreso.service.IngresoAbstractServiceImpl" abstract="true" />
	
	<!-- Configuraciï¿½n Beans de archivo despaduanero2-ingreso-service -->
	
	<!-- Configuracion de la Clase EXTENDIDA. Importante, notar la propiedad "parent" en la definiciï¿½n del Bean -->
	<bean id="declaracionService"  class="pe.gob.sunat.despaduanero2.declaracion.ingreso.service.GetDeclaracionServiceImpl" parent="ingreso2.Service" />
	<bean id="declaracionSIGADService"  class="pe.gob.sunat.despaduanero2.declaracion.ingreso.service.GetDeclaracionSIGADServiceImpl" parent="ingreso2.Service" /> 	
	<bean id="funcionesService" class="pe.gob.sunat.despaduanero2.declaracion.ingreso.validador.service.ProveedorFuncionesServiceImpl" parent="ingreso2.Service" />  
    <bean id="formatoBService" class="pe.gob.sunat.despaduanero2.declaracion.ingreso.validador.service.FormatoBServiceImpl"  parent="ingreso2.Service"/>
    <!-- bean id="formatoAService" class="pe.gob.sunat.despaduanero2.declaracion.ingreso.validador.service.FormatoAServiceImpl"  parent="ingreso2.Service"/-->
	<!-- bean id="NumeracionService" class="pe.gob.sunat.despaduanero2.declaracion.ingreso.validador.service.NumeracionServiceImpl"  parent="ingreso2.Service"/-->
    <!-- bean id="rectificacionService"  class="pe.gob.sunat.despaduanero2.declaracion.ingreso.validador.service.RectificacionServiceImpl" parent="ingreso2.Service" /-->
    <bean id="generaLiquidacionService"  class="pe.gob.sunat.despaduanero2.declaracion.ingreso.validador.service.GeneraLiquidacionServiceImpl" parent="ingreso2.Service" />
    <bean id="mercanciaRestringService"  class="pe.gob.sunat.despaduanero2.declaracion.ingreso.validador.mercanciarestringida.MercanciaRestringidaServiceImpl" parent="ingreso2.Service" /> 
	<bean id="mercanciaDispuestaService"  class="pe.gob.sunat.despaduanero2.declaracion.ingreso.validador.mercanciadispuesta.MercanciaDispuestaServiceImpl" parent="ingreso2.Service" /> 
    <bean id="DepositoValidacionService"  class="pe.gob.sunat.despaduanero2.declaracion.ingreso.validador.service.DepositoValidacionServiceImpl" parent="ingreso2.Service" />
	<bean id="GenRespuestaServiceImpl"  class="pe.gob.sunat.despaduanero2.declaracion.ingreso.validador.service.GeneraRespuestaServiceImpl" parent="ingreso2.Service" />
    <bean id="regularizacionService"  class="pe.gob.sunat.despaduanero2.declaracion.ingreso.validador.service.RegularizacionServiceImpl" parent="ingreso2.Service"/> 		  
    <bean id="secuenciaPerdidaService"  class="pe.gob.sunat.despaduanero2.declaracion.ingreso.service.SecuenciaDeclaracionServiceImpl" parent="ingreso2.Service"/>
    <bean id="declaracion.validaContingentesService"  class="pe.gob.sunat.despaduanero2.declaracion.ingreso.validador.contingentes.ValidaContingentesServiceImpl" parent="ingreso2.Service"/>
    <bean id="declaracion.grabarContingentesService"  class="pe.gob.sunat.despaduanero2.declaracion.ingreso.validador.contingentes.GrabarContingentesServiceImpl" parent="ingreso2.Service" />
    <bean id="garantia.logRegiService" class="pe.gob.sunat.despaduanero2.declaracion.ingreso.service.LogRegiServiceImpl"  parent="ingreso2.Service" />
    <bean id="regimenesPrecedentesService"   class="pe.gob.sunat.despaduanero2.declaracion.ingreso.service.RegimenesPrecedentesServiceImpl" parent="ingreso2.Service" />
    <bean id="certiOrigenService"  class="pe.gob.sunat.despaduanero2.declaracion.ingreso.validador.certiorigen.CertiOrigenServiceImpl" parent="ingreso2.Service" />
	<bean id="exportadorAutorizadoService" class="pe.gob.sunat.despaduanero2.declaracion.ingreso.validador.certiorigen.ExportadorAutorizadoServiceImpl" parent="ingreso2.Service" />            
	<bean id="montosCertiOrigenService" class="pe.gob.sunat.despaduanero2.declaracion.ingreso.validador.certiorigen.MontosCertiOrigenServiceImpl" parent="ingreso2.Service" />
	<bean id="tipoDeclaraCertiOrigenService" class="pe.gob.sunat.despaduanero2.declaracion.ingreso.validador.certiorigen.TipoDeclaraCertiOrigenServiceImpl" parent="ingreso2.Service" />
	<bean id="tipoTransitoCertiOrigenService" class="pe.gob.sunat.despaduanero2.declaracion.ingreso.validador.certiorigen.TipoTransitoCertiOrigenServiceImpl" parent="ingreso2.Service" />
 	<bean id="codigoLiberatorioService" class="pe.gob.sunat.despaduanero2.declaracion.ingreso.validador.preferencias.CodigoLiberatorioServiceImpl" parent="ingreso2.Service" />
  	<bean id="estadoMercanciaTratoPreferencialService" class="pe.gob.sunat.despaduanero2.declaracion.ingreso.validador.preferencias.EstadoMercanciaTratoPreferencialServiceImpl" parent="ingreso2.Service"/>
	<bean id="paisOrigenTratoPreferencialService" class="pe.gob.sunat.despaduanero2.declaracion.ingreso.validador.preferencias.PaisOrigenTratoPreferencialServiceImpl" parent="ingreso2.Service" />
	<bean id="preferenciaArancelariaService" class="pe.gob.sunat.despaduanero2.declaracion.ingreso.validador.preferencias.PreferenciaArancelariaServiceImpl" parent="ingreso2.Service" />
    <bean id="subPartidaNacionalTratoPreferencialService" class="pe.gob.sunat.despaduanero2.declaracion.ingreso.validador.preferencias.SubPartidaNacionalTratoPreferencialServiceImpl" parent="ingreso2.Service" />
  	<bean id="tratoPreferencialInternacionalService" class="pe.gob.sunat.despaduanero2.declaracion.ingreso.validador.preferencias.TratoPreferencialInternacionalServiceImpl" parent="ingreso2.Service" />           
  	<bean id="declaracion.GeneralUtils" class="pe.gob.sunat.despaduanero2.declaracion.ingreso.validador.utils.GeneralUtils" />
    <bean id="mercanciaRestringidaEntidadService" class="pe.gob.sunat.despaduanero2.declaracion.ingreso.validador.mercanciarestringida.MercanciaRestringidaEntidadServiceImpl" parent="ingreso2.Service" />
	<bean id="PackageTD"  class="pe.gob.sunat.despaduanero2.declaracion.ingreso.validador.service.PackageTDServiceImpl" parent="ingreso2.Service" />	
    <bean id="ValidadorLocalAnexo"  class="pe.gob.sunat.despaduanero2.declaracion.ingreso.validador.formatoa.localanexo.ValidadorLocalAnexo" parent="ingreso2.Service"/>
    <bean id="pecoAmazoniaService" class="pe.gob.sunat.despaduanero2.declaracion.ingreso.validador.preferencias.PecoAmazoniaServiceImpl" parent="ingreso2.Service" />
    <bean id="pecoAmazoniaDirectoService" class="pe.gob.sunat.despaduanero2.declaracion.ingreso.validador.preferencias.PecoAmazoniaDirectoServiceImpl" parent="ingreso2.Service" />
    <bean id="ValidadorVehiculoService"	class="pe.gob.sunat.despaduanero2.declaracion.ingreso.validador.formatob.descrminimas.service.ValidadorVehiculoServiceImpl" parent="ingreso2.Service" />
	<bean id="validacion.ingreso.IndicadorDuaService"	class="pe.gob.sunat.despaduanero2.declaracion.ingreso.validador.service.IndicadorDuaServiceImpl" parent="ingreso2.Service" />
	<bean id="indicadorLcTratoPreferencialService" class="pe.gob.sunat.despaduanero2.declaracion.ingreso.validador.preferencias.IndicadorLCTratoPreferencialServiceImpl" parent="ingreso2.Service" />
  	<bean id="controlVigenciaTPIService" class="pe.gob.sunat.despaduanero2.declaracion.ingreso.validador.preferencias.ControlVigenciaTPIServiceImpl" parent="ingreso2.Service" />
    <bean id="ingreso.validacionPersonaNatural" class="pe.gob.sunat.despaduanero2.declaracion.ingreso.validador.personanatural.ValPersonaNaturalServiceImpl" parent="ingreso2.Service" />
    <bean id="ingreso.validador.bultos" class="pe.gob.sunat.despaduanero2.declaracion.ingreso.validador.bultos.ValBultosEERServiceImpl" parent="ingreso2.Service" />
    <bean id="ingreso.validador.depositotemporal" class="pe.gob.sunat.despaduanero2.declaracion.ingreso.validador.depositotemporal.ValDepositoTemporalServiceImpl" parent="ingreso2.Service" />
    <bean id="ingreso.validador.fob" class="pe.gob.sunat.despaduanero2.declaracion.ingreso.validador.fob.ValFobEERServiceImpl" parent="ingreso2.Service" />
    <bean id="ingreso.validador.importador" class="pe.gob.sunat.despaduanero2.declaracion.ingreso.validador.importador.ValImportadorServiceImpl" parent="ingreso2.Service" />
    <bean id="ingreso.validador.medidafrontera" class="pe.gob.sunat.despaduanero2.declaracion.ingreso.validador.medidafrontera.ValMedidaFronteraEERServiceImpl" parent="ingreso2.Service" />
    <bean id="ingreso.validador.mercanciavigente" class="pe.gob.sunat.despaduanero2.declaracion.ingreso.validador.mercanciavigente.ValMercanciaVigenteServiceImpl" parent="ingreso2.Service" />
    <bean id="ingreso.validador.partidas" class="pe.gob.sunat.despaduanero2.declaracion.ingreso.validador.partidas.ValPartidaEERServiceImpl" parent="ingreso2.Service" />
    <bean id="ingreso.validador.pesos" class="pe.gob.sunat.despaduanero2.declaracion.ingreso.validador.pesos.ValPesoEERServiceImpl" parent="ingreso2.Service" />
    <bean id="ingreso.validador.precedentes" class="pe.gob.sunat.despaduanero2.declaracion.ingreso.validador.precedentes.ValPrecedenteEERServiceImpl" parent="ingreso2.Service" />
    <bean id="ingreso.validador.precedentesCC" class="pe.gob.sunat.despaduanero2.declaracion.ingreso.validador.precedentes.ValPrecedenteComprobanteCustodiaServiceImpl" parent="ingreso2.Service" />
    <bean id="ingreso.validador.precedentesDF" class="pe.gob.sunat.despaduanero2.declaracion.ingreso.validador.precedentes.ValPrecedenteDutyFreeServiceImpl" parent="ingreso2.Service" />
    <bean id="ingreso.validador.precedentesMUA" class="pe.gob.sunat.despaduanero2.declaracion.ingreso.validador.precedentes.ValPrecedenteMaterialUsoAeronauticoServiceImpl" parent="ingreso2.Service" />
<!--    csantillan PAS20181U220200054 para validaciones zofratacna -->
 	<bean id="ingreso.validador.precedentesZT" class="pe.gob.sunat.despaduanero2.declaracion.ingreso.validador.formatoa.ValRegPrecZofratacnaServiceImpl" parent="ingreso2.Service" /> 
	
    <bean id="ingreso.validador.envioparcial" class="pe.gob.sunat.despaduanero2.declaracion.ingreso.validador.envioparcial.ValEnvioParcialEERServiceImpl" parent="ingreso2.Service" />
    <bean id="service.validarEnvioParcial" class="pe.gob.sunat.despaduanero2.manifiesto.service.ValidacionMDEERServiceImpl" parent="ingreso2.Service" />
    <bean id="ingreso.validador.formatoa" class="pe.gob.sunat.despaduanero2.declaracion.ingreso.validador.formatoa.ValManifcServiceImpl" parent="ingreso2.Service" />
    <bean id="ingreso.validador.service" class="pe.gob.sunat.despaduanero2.declaracion.ingreso.validador.service.ValGeneralEERServiceImpl" parent="ingreso2.Service" />
    <!-- F - YKVR 01/06/2018 -->
    <bean id="ingreso.grabarDeclaracionEER" class="pe.gob.sunat.despaduanero2.declaracion.ingreso.validador.service.GrabarDeclaracionEERServiceImpl" parent="ingreso2.Service" />
    <bean id="ingreso.validador.transportista" class = "pe.gob.sunat.despaduanero2.declaracion.ingreso.validador.transportista.ValTransportistaServiceImpl" parent="ingreso2.Service" />
  	<!-- PAS20181U220200022 -->
  	<bean id="ValidacionOEAService" class="pe.gob.sunat.despaduanero2.declaracion.ingreso.validador.service.ValidacionOEAServiceImpl"    parent="ingreso2.Service"/>
  	<!-- PAS20181U220200004 -->  	
	<bean id="controlVigenciaIngresoSevice" class="pe.gob.sunat.despaduanero2.declaracion.ingreso.service.ControlVigenciaServiceImpl"  parent="ingreso2.Service"/> 
	<bean id="ingreso.validador.precedenteActaEquipajeService" class="pe.gob.sunat.despaduanero2.declaracion.ingreso.validador.precedentes.ValPrecedenteActaEquipajeServiceImpl"  parent="ingreso2.Service"/> 
	<!-- PAS20181U220200056 -->  	
  	<bean id="certiOrigenElectronicoService"  class="pe.gob.sunat.despaduanero2.declaracion.ingreso.validador.certiorigen.CertiOrigenElectronicoServiceImpl" parent="ingreso2.Service" />
</beans>