<?xml version="1.0" encoding="UTF-8"?>
<beans xmlns="http://www.springframework.org/schema/beans"
		xmlns:xsi="http://www.w3.org/2001/XMLSchema-instance"
		xmlns:aop="http://www.springframework.org/schema/aop"
		xmlns:tx="http://www.springframework.org/schema/tx"
		xsi:schemaLocation="
			http://www.springframework.org/schema/beans http://www.springframework.org/schema/beans/spring-beans-2.5.xsd
			http://www.springframework.org/schema/aop http://www.springframework.org/schema/aop/spring-aop-2.5.xsd
			http://www.springframework.org/schema/tx http://www.springframework.org/schema/tx/spring-tx-2.5.xsd"  default-lazy-init="true">

	<bean id="ValCabdua" class="pe.gob.sunat.despaduanero2.declaracion.ingreso.validador.formatoa.ValCabduaServiceImpl" parent="ValDuaAbstract"/>
	<bean id="ValAdidua" class="pe.gob.sunat.despaduanero2.declaracion.ingreso.validador.formatoa.ValAdiduaServiceImpl" parent="ValDuaAbstract"/>   
	<bean id="ValAutocer" class="pe.gob.sunat.despaduanero2.declaracion.ingreso.validador.formatoa.ValAutocerServiceImpl" parent="ValDuaAbstract"/>
	<bean id="ValContrat" class="pe.gob.sunat.despaduanero2.declaracion.ingreso.validador.formatoa.ValContratServiceImpl" parent="ValDuaAbstract"/>
	<bean id="ValDeclaran" class="pe.gob.sunat.despaduanero2.declaracion.ingreso.validador.formatoa.ValDeclaranServiceImpl" parent="ValDuaAbstract"/>
	<bean id="ValDetdua" class="pe.gob.sunat.despaduanero2.declaracion.ingreso.validador.formatoa.ValDetduaServiceImpl" parent="ValDuaAbstract"/>
	<bean id="ValDocSop" class="pe.gob.sunat.despaduanero2.declaracion.ingreso.validador.formatoa.ValDocSopServiceImpl" parent="ValDuaAbstract"/>
	<bean id="ValDoctrans" class="pe.gob.sunat.despaduanero2.declaracion.ingreso.validador.formatoa.ValDoctransServiceImpl" parent="ValDuaAbstract"/>
	<bean id="ValEmptrans" class="pe.gob.sunat.despaduanero2.declaracion.ingreso.validador.formatoa.ValEmptransServiceImpl" parent="ValDuaAbstract"/>
	<bean id="ValEquipa" class="pe.gob.sunat.despaduanero2.declaracion.ingreso.validador.formatoa.ValEquipaServiceImpl" parent="ValDuaAbstract"/>   
	<bean id="ValFacturaref" class="pe.gob.sunat.despaduanero2.declaracion.ingreso.validador.formatoa.ValFacturarefServiceImpl" parent="ValDuaAbstract"/>
	<bean id="ValIndicad" class="pe.gob.sunat.despaduanero2.declaracion.ingreso.validador.formatoa.ValIndicadServiceImpl" parent="ValDuaAbstract"/>   
	<bean id="ValManifc" class="pe.gob.sunat.despaduanero2.declaracion.ingreso.validador.formatoa.ValManifcServiceImpl" parent="ValDuaAbstract"/>
	<bean id="ValMcia" class="pe.gob.sunat.despaduanero2.declaracion.ingreso.validador.formatoa.ValMciaServiceImpl" parent="ValDuaAbstract"/>   
	<bean id="ValMGastos" class="pe.gob.sunat.despaduanero2.declaracion.ingreso.validador.formatoa.ValMGastosServiceImpl" parent="ValDuaAbstract"/>
	<bean id="ValMTrans" class="pe.gob.sunat.despaduanero2.declaracion.ingreso.validador.formatoa.ValMTransServiceImpl" parent="ValDuaAbstract"/>
	<bean id="ValObserv" class="pe.gob.sunat.despaduanero2.declaracion.ingreso.validador.formatoa.ValObservServiceImpl" parent="ValDuaAbstract"/>
	<bean id="ValParticipante" class="pe.gob.sunat.despaduanero2.declaracion.ingreso.validador.formatoa.ValParticipanteServiceImpl" parent="ValDuaAbstract"/>
	<bean id="ValPrecinto" class="pe.gob.sunat.despaduanero2.declaracion.ingreso.validador.formatoa.ValPrecintoServiceImpl" parent="ValDuaAbstract"/>
	<bean id="ValProduct" class="pe.gob.sunat.despaduanero2.declaracion.ingreso.validador.formatoa.ValProductServiceImpl" parent="ValDuaAbstract"/>
	<bean id="ValRucAnexoUbic" class="pe.gob.sunat.despaduanero2.declaracion.ingreso.validador.formatoa.ValRucAnexoUbicServiceImpl" parent="ValDuaAbstract"/>
	<bean id="ValRegprec" class="pe.gob.sunat.despaduanero2.declaracion.ingreso.validador.formatoa.ValRegprecServiceImpl" parent="ValDuaAbstract"/>
	<bean id="ValTribauto" class="pe.gob.sunat.despaduanero2.declaracion.ingreso.validador.formatoa.ValTribautoServiceImpl" parent="ValDuaAbstract"/>
	<bean id="ValVehiculo" class="pe.gob.sunat.despaduanero2.declaracion.ingreso.validador.formatoa.ValVehiculoServiceImpl" parent="ValDuaAbstract"/>          
	<bean id="ValVerilib"  class="pe.gob.sunat.despaduanero2.declaracion.ingreso.validador.formatoa.ValVerilibServiceImpl" parent="ValDuaAbstract"/>
	<bean id="ValDuaAbstract"  class="pe.gob.sunat.despaduanero2.declaracion.ingreso.validador.formatoa.ValDuaAbstract"/>
	<bean id="ValNegocNumeracFormA" class="pe.gob.sunat.despaduanero2.declaracion.ingreso.validador.formatoa.ValNegocNumeracFormAServiceImpl" parent="ValDuaAbstract"/>	
	<bean id="ValNegocManifFormA" class="pe.gob.sunat.despaduanero2.declaracion.ingreso.validador.formatoa.ValNegocManifFormAServiceImpl" parent="ValDuaAbstract"/>
	<bean id="ValNegocDuaregapFormA" class="pe.gob.sunat.despaduanero2.declaracion.ingreso.validador.formatoa.ValNegocDuaregapFormAServiceImpl" parent="ValDuaAbstract"/>	       	
	<bean id="TratoPreferencialNacional" class="pe.gob.sunat.despaduanero2.declaracion.ingreso.validador.preferencias.TratoPreferencialNacionalServiceImpl" parent="ValDuaAbstract"/>
	<bean id="ValNegocCtaCteDepFormA" class="pe.gob.sunat.despaduanero2.declaracion.ingreso.validador.formatoa.ValNegocCtaCteDepFormAServiceImpl" parent="ValDuaAbstract"/>
	<bean id="ValNegocAduahdr1FormA" class="pe.gob.sunat.despaduanero2.declaracion.ingreso.validador.formatoa.ValNegocAduahdr1FormAServiceImpl" parent="ValDuaAbstract"/>
	<bean id="ingresos.valNegocAduadet1FormA" class="pe.gob.sunat.despaduanero2.declaracion.ingreso.validador.formatoa.ValNegocAduadet1FormAServiceImpl" parent="ValDuaAbstract"/>
	<bean id="validacionFormatoB" class="pe.gob.sunat.despaduanero2.declaracion.ingreso.validador.formatob.ValidacionFormatoB" parent="ValDuaAbstract"/>
	<bean id="ValCabdav" class="pe.gob.sunat.despaduanero2.declaracion.ingreso.validador.formatob.ValCabdavServiceImpl" parent="ValDuaAbstract"/>
	<bean id="ValConTransFB" class="pe.gob.sunat.despaduanero2.declaracion.ingreso.validador.formatob.ValConTransFBServiceImpl" 	parent="ValDuaAbstract" />
	<bean id="ValDeclaranteFB" class="pe.gob.sunat.despaduanero2.declaracion.ingreso.validador.formatob.ValDeclaranteFBServiceImpl" 	parent="ValDuaAbstract"/>
	<bean id="ValLibFB" class="pe.gob.sunat.despaduanero2.declaracion.ingreso.validador.formatob.ValLibFBServiceImpl" parent="ValDuaAbstract"/>	
	<bean id="ValDescMin" class="pe.gob.sunat.despaduanero2.declaracion.ingreso.validador.formatob.ValDescMinServiceImpl" parent="ValDuaAbstract"/>
	<bean id="ValFactSuc" class="pe.gob.sunat.despaduanero2.declaracion.ingreso.validador.formatob.ValFactSucServiceImpl" parent="ValDuaAbstract" />
	<bean id="ValFactura" class="pe.gob.sunat.despaduanero2.declaracion.ingreso.validador.formatob.ValFacturaServiceImpl" parent="ValDuaAbstract" />
	<bean id="ValIntermediarioFB" class="pe.gob.sunat.despaduanero2.declaracion.ingreso.validador.formatob.ValIntermediarioFBServiceImpl"	parent="ValDuaAbstract" />		
	<bean id="ValItemFB" class="pe.gob.sunat.despaduanero2.declaracion.ingreso.validador.formatob.ValItemFBServiceImpl" parent="ValDuaAbstract"/>
	<bean id="ValMontoFB" class="pe.gob.sunat.despaduanero2.declaracion.ingreso.validador.formatob.ValmontoFBServiceImpl" parent="ValDuaAbstract" />
	<bean id="ValObsFB" class="pe.gob.sunat.despaduanero2.declaracion.ingreso.validador.formatob.ValObsFBServiceImpl" parent="ValDuaAbstract"/>
	<bean id="ValProveFB" class="pe.gob.sunat.despaduanero2.declaracion.ingreso.validador.formatob.ValProveFBServiceImpl" parent="ValDuaAbstract"/>	
	<bean id="ValProveLocFB" class="pe.gob.sunat.despaduanero2.declaracion.ingreso.validador.formatob.ValProveLocFBServiceImpl"	parent="ValDuaAbstract" />		
	<bean id="ValSerieItemFB" class="pe.gob.sunat.despaduanero2.declaracion.ingreso.validador.formatob.ValSerieItemFBServiceImpl"	parent="ValDuaAbstract" />  
	<bean id="validaAnexoDeclaracion" class="pe.gob.sunat.despaduanero2.declaracion.ingreso.validador.service.ValidaAnexoDeclaracionServiceImpl" parent="ValDuaAbstract"/>
	<bean id="validaciongeneralservice" class="pe.gob.sunat.despaduanero2.declaracion.ingreso.validador.service.ValidacionGeneralServiceImpl" parent="ValDuaAbstract"/>
	<bean id="ValRectif" class="pe.gob.sunat.despaduanero2.declaracion.ingreso.validador.rectif.ValRectifServiceImpl" parent="ValDuaAbstract"/>
	<bean id="ingreso.validadorValorProvisionalService" class="pe.gob.sunat.despaduanero2.declaracion.ingreso.validador.valorprovisional.ValidadorValorProvisionalServiceImpl" parent="ValDuaAbstract"/>
	<bean id="admisionTemporalValidacioneService" class="pe.gob.sunat.despaduanero2.declaracion.ingreso.validador.service.AdmisionTemporalValidacionServiceImpl" parent="ValDuaAbstract"/>
	<bean id="getValidacionesService" class="pe.gob.sunat.despaduanero2.declaracion.ingreso.validador.service.GetValidacionesServiceImpl"/>
	<bean id="valRegularizacion" class="pe.gob.sunat.despaduanero2.declaracion.ingreso.validador.rectif.ValRegularizacionServiceImpl" parent="ValDuaAbstract"/>
	<bean id="ValTratamientoDonacion" class="pe.gob.sunat.despaduanero2.declaracion.ingreso.validador.mercanciadonacion.ValTratamientoDonacionServiceImpl" parent="ValDuaAbstract"/>
	<bean id="impugnacionTributosParaDonacionService" class="pe.gob.sunat.despaduanero2.declaracion.ingreso.validador.donacion.ImpugnacionTributosParaDonacionServiceImpl" parent="ValDuaAbstract"/>
	<bean id="validadorDonacionService" class="pe.gob.sunat.despaduanero2.declaracion.ingreso.validador.donacion.ValidadorDonacionServiceImpl" parent="ValDuaAbstract"/>
	<bean id="ValRegPrecedenciaReposicion" class="pe.gob.sunat.despaduanero2.declaracion.ingreso.validador.certireposicion.ValRegPrecedenciaReposicionServiceImpl" parent="ValDuaAbstract"/>	
	<bean id="ingreso.ValRegPrecDeposito" class=" pe.gob.sunat.despaduanero2.declaracion.ingreso.validador.formatoa.ValRegPrecDepositoServiceImpl" parent="ValDuaAbstract"/>
	<bean id="ingreso.ValRegPrecZofratacna" class=" pe.gob.sunat.despaduanero2.declaracion.ingreso.validador.formatoa.ValRegPrecZofratacnaServiceImpl" parent="ValDuaAbstract"/><!-- PAS20181U220200054 -->
	<bean id="ingreso.ValRegPrecCetico" class=" pe.gob.sunat.despaduanero2.declaracion.ingreso.validador.formatoa.ValRegPrecCeticosServiceImpl" parent="ValDuaAbstract"/>
	<bean id="ingreso.ValRegPrecEspeciales" class=" pe.gob.sunat.despaduanero2.declaracion.ingreso.validador.formatoa.ValRegPrecEspecialesServiceImpl" parent="ValDuaAbstract"/>
	<bean id="ingreso.ValModalidad" class="pe.gob.sunat.despaduanero2.declaracion.ingreso.validador.formatoa.ValModalidadServiceImpl" parent="ValDuaAbstract"/>
	<bean id="ingreso.ValPuntoLlegadaAnticipado" class="pe.gob.sunat.despaduanero2.declaracion.ingreso.validador.formatoa.puntollegada.ValidadorPuntoLlegadaMercanciaModalidadDespachoAnticipado" parent="ValDuaAbstract"/>
	<bean id="ingreso.ValPuntoLlegadaDiferido" class="pe.gob.sunat.despaduanero2.declaracion.ingreso.validador.formatoa.puntollegada.ValidadorPuntoLlegadaMercanciaModalidadExcepcional" parent="ValDuaAbstract"/>
	<bean id="ingreso.ValPuntoLlegadaUrgente" class="pe.gob.sunat.despaduanero2.declaracion.ingreso.validador.formatoa.puntollegada.ValidadorPuntoLlegadaMercanciaModalidadDespachoUrgente" parent="ValDuaAbstract"/>
    <bean id="ingreso.ValMercanciaVigenteService" class="pe.gob.sunat.despaduanero2.declaracion.ingreso.validador.mercanciavigente.ValMercanciaVigenteServiceImpl" parent="ValDuaAbstract"/>
    <bean id="ValOperadorOeaServiceImpl" class="pe.gob.sunat.despaduanero2.declaracion.ingreso.validador.operadoroea.ValOperadorOeaServiceImpl" parent="ValDuaAbstract"/>
</beans>