<?xml version="1.0" encoding="UTF-8"?>
<beans xmlns="http://www.springframework.org/schema/beans" xmlns:xsi="http://www.w3.org/2001/XMLSchema-instance" xmlns:aop="http://www.springframework.org/schema/aop" xmlns:tx="http://www.springframework.org/schema/tx"
xmlns:jee="http://www.springframework.org/schema/jee"
 xsi:schemaLocation="
   http://www.springframework.org/schema/beans http://www.springframework.org/schema/beans/spring-beans-2.5.xsd
   http://www.springframework.org/schema/aop http://www.springframework.org/schema/aop/spring-aop-2.5.xsd
   http://www.springframework.org/schema/tx http://www.springframework.org/schema/tx/spring-tx-2.5.xsd
   http://www.springframework.org/schema/jee http://www.springframework.org/schema/jee/spring-jee-2.5.xsd"  default-lazy-init="true">
	
	
	 <bean id="despaduanero2.ingreso.txManager" class="org.springframework.transaction.jta.WebLogicJtaTransactionManager">
                 <property name="transactionManagerName" value="javax.transaction.TransactionManager"/>
 				 <property name="defaultTimeout" value="1800"/>   
   </bean>  
	
    	
	<tx:annotation-driven transaction-manager="despaduanero2.ingreso.txManager" />

	<aop:config>
		<aop:pointcut id="despaduanero2.ingreso.pointcut" expression="execution(* pe.gob.sunat.despaduanero2.declaracion.ingreso..*Grabar*ServiceImpl.*(..))" />		
	    <aop:pointcut id="despuadanero2.insert.pointcut" expression="(execution(public * pe.gob.sunat..SqlMap*.insert*(..)) 
																		or execution(public * pe.gob.sunat..SqlMap*BatchDAO.procesarBatch(..))) 
														and !execution(public * pe.gob.sunat.recauda2.genadeudo.model.dao.ibatis.SqlMap*.insert*(..))
														and !execution(public * pe.gob.sunat..SqlMap*BatchDAO.insert*(..))" />
								<aop:pointcut id="despuadanero2.update.pointcut" expression="(execution(public * pe.gob.sunat..SqlMap*.update*(..)) 
																		or execution(public * pe.gob.sunat..SqlMap*BatchDAO.procesarBatch(..)))
														and !execution(public * pe.gob.sunat.recauda2.genadeudo.model.dao.ibatis.SqlMap*.update*(..))
														and !execution(public * pe.gob.sunat..SqlMap*BatchDAO.update*(..))" />

		<aop:advisor id="txDeclaracionIngreso" pointcut-ref="despaduanero2.ingreso.pointcut" advice-ref="despaduanero2.ingreso.txAdvice2" order="1"/>
		<aop:advisor id="replicadorDeclaracionIngreso" pointcut-ref="despaduanero2.ingreso.pointcut" advice-ref="replicador.replicaAdvice" order="3"/>
		
		<aop:aspect id="auditoriaDeclaracionIngreso" ref="auditoria.auditoryAdvice" order="2" >
	    	<aop:before method="asignarAuditoria" pointcut-ref="despuadanero2.insert.pointcut" />
	    	<aop:before method="asignarAuditoria" pointcut-ref="despuadanero2.update.pointcut" />
	    </aop:aspect>
	</aop:config>
	
	<tx:advice id="despaduanero2.ingreso.txAdvice2" transaction-manager="despaduanero2.ingreso.txManager">
		<tx:attributes>
			<!-- Grabar Numeracion de envio-->
			<tx:method name="grabarNumeracion" propagation="REQUIRES_NEW"  rollback-for="java.lang.Exception" />
			<tx:method name="grabarEnvioComplementario" propagation="REQUIRES_NEW"  rollback-for="java.lang.Exception" />
			<tx:method name="grabarRegularizacion" propagation="REQUIRES_NEW"  rollback-for="java.lang.Exception" />			
			<tx:method name="grabarRectificacion" propagation="REQUIRES_NEW"  rollback-for="java.lang.Exception" />
			<tx:method name="enviarException" propagation="REQUIRES_NEW"  rollback-for="java.lang.Exception" />                   
			<tx:method name="asignaCanal" propagation="REQUIRES_NEW"  rollback-for="java.lang.Exception" />
        		<tx:method name="grabarNumeracionRegimenesEspeciales" propagation="REQUIRES_NEW"  rollback-for="java.lang.Exception" />
			<tx:method name="grabarNumeracionEER" propagation="REQUIRED"  rollback-for="java.lang.Exception" /> <!-- cambiado de REQUIRES_NEW -->

		</tx:attributes>
	</tx:advice>
<!--
	<aop:config>
		<aop:pointcut id="despaduanero2.ingreso.liquidacion.pointcut" expression="execution(* pe.gob.sunat.recauda2.genadeudo.service.LiquidaDeclaracionServiceImpl.preliquidacion*(..))" />		
		<aop:advisor pointcut-ref="despaduanero2.ingreso.liquidacion.pointcut" advice-ref="despaduanero2.ingreso.liquidacion.txAdvice"/>
	</aop:config>
	
	<tx:advice id="despaduanero2.ingreso.liquidacion.txAdvice" transaction-manager="despaduanero2.ingreso.txManager">
		<tx:attributes>
			<tx:method name="preliquidacion" propagation="REQUIRES_NEW"  rollback-for="java.lang.Exception" />
		</tx:attributes>
	</tx:advice>
-->
	<aop:config>
		<aop:pointcut id="despaduanero2.ingreso.garantia.pointcut" expression="execution(* pe.gob.sunat.despaduanero2.declaracion.ingreso.validador.service.GrabarDeclaracionServiceImpl.desafectaGarantia*(..))" />		
		<aop:advisor pointcut-ref="despaduanero2.ingreso.garantia.pointcut" advice-ref="despaduanero2.ingreso.garantia.txAdvice"/>
	</aop:config>
	
	<tx:advice id="despaduanero2.ingreso.garantia.txAdvice" transaction-manager="despaduanero2.ingreso.txManager">
		<tx:attributes>
			<tx:method name="desafectaGarantia" propagation="REQUIRES_NEW"  rollback-for="java.lang.Exception" />
		</tx:attributes>
	</tx:advice>
	
	
	<aop:config>
		<aop:pointcut id="despaduanero2.ingreso.respuesta.pointcut" expression="execution(* pe.gob.sunat.despaduanero2.declaracion.ingreso.validador.service.GeneraRespuestaServiceImpl.*(..))" />		
		<aop:advisor pointcut-ref="despaduanero2.ingreso.respuesta.pointcut" advice-ref="despaduanero2.ingreso.respuesta.txAdvice"/>
	</aop:config>
	
	<tx:advice id="despaduanero2.ingreso.respuesta.txAdvice" transaction-manager="despaduanero2.ingreso.txManager">
		<tx:attributes>
			<tx:method name="validacionGeneraRespuestaEnvio" propagation="REQUIRES_NEW"  rollback-for="java.lang.Exception" />
		</tx:attributes>
	</tx:advice>
	
	<aop:config>
		<aop:pointcut id="despaduanero2.secuencia.pointcut" expression="execution(public * pe.gob.sunat.despaduanero2.declaracion.ingreso.service.SecuenciaDeclaracionServiceImpl.*(..))" />
		
		<aop:advisor pointcut-ref="despaduanero2.secuencia.pointcut" advice-ref="despaduanero2.secuencia.txAdvice"/>
	</aop:config>
	
	<tx:advice id="despaduanero2.secuencia.txAdvice" transaction-manager="despaduanero2.ingreso.txManager">
		<tx:attributes>
			<tx:method name="registrarSecuencia" propagation="REQUIRES_NEW"  rollback-for="java.lang.Exception" />
			<tx:method name="generaSecuenciaDeclaracion" propagation="REQUIRES_NEW"  rollback-for="java.lang.Exception" />
			<tx:method name="actualizarSecuencia" propagation="REQUIRES_NEW"  rollback-for="java.lang.Exception" />
			<tx:method name="actualizarSecException" propagation="REQUIRES_NEW" rollback-for="java.lang.Exception"/>
		</tx:attributes>
	</tx:advice>
</beans>