<?xml version="1.0" encoding="UTF-8"?>
<beans xmlns="http://www.springframework.org/schema/beans"
		xmlns:xsi="http://www.w3.org/2001/XMLSchema-instance"
		xmlns:aop="http://www.springframework.org/schema/aop"
		xmlns:tx="http://www.springframework.org/schema/tx"
		xsi:schemaLocation="
			http://www.springframework.org/schema/beans http://www.springframework.org/schema/beans/spring-beans-2.5.xsd
			http://www.springframework.org/schema/aop http://www.springframework.org/schema/aop/spring-aop-2.5.xsd
			http://www.springframework.org/schema/tx http://www.springframework.org/schema/tx/spring-tx-2.5.xsd" default-lazy-init="true">
	
	<bean id="ingreso.grabarDeclaracionEER"  class="pe.gob.sunat.despaduanero2.declaracion.ingreso.validador.service.GrabarDeclaracionEERServiceImpl">
	</bean>
   <bean id="grabarFormatoAService"  class="pe.gob.sunat.despaduanero2.declaracion.ingreso.validador.service.GrabarFormatoAServiceImpl">
   </bean>
	
   <bean id="grabarFormatoBService"  class="pe.gob.sunat.despaduanero2.declaracion.ingreso.validador.service.GrabarFormatoBServiceImpl">
   </bean>
   
    <bean id="GrabarGeneralService"  class="pe.gob.sunat.despaduanero2.declaracion.ingreso.validador.service.GrabarGeneralServiceImpl">
   </bean>
	

	<bean id="grabarTablasAntiguasService"  class="pe.gob.sunat.despaduanero2.declaracion.ingreso.validador.service.GrabarTablasAntiguasServiceImpl">
   	 </bean>	
   	 
	<bean id="grabarDeclaracionService" class="pe.gob.sunat.despaduanero2.declaracion.ingreso.validador.service.GrabarDeclaracionServiceImpl">
	</bean>
	
	<bean id="GrabarRectificacion" class="pe.gob.sunat.despaduanero2.declaracion.ingreso.validador.service.GrabarRectificacionServiceImpl">
	
	</bean>
	
  	<bean id="GrabarRectificacionServiceImpl" class=" pe.gob.sunat.despaduanero2.declaracion.ingreso.validador.service.GrabarRectificacionServiceImpl">
	</bean>	
	
	<bean id="GrabarRegularizacion" class="pe.gob.sunat.despaduanero2.declaracion.ingreso.validador.service.GrabarRegularizacionServiceImpl">
	</bean>
	
  	<bean id="GrabarRegularizacionServiceImpl" class=" pe.gob.sunat.despaduanero2.declaracion.ingreso.validador.service.GrabarRegularizacionServiceImpl">
	</bean>	
	
	<bean id="despaduanero2.ingreso.grabarMandatoElectronicoService"  class="pe.gob.sunat.despaduanero2.declaracion.ingreso.validador.service.GrabarMandatoElectronicoServiceImpl">
   		<!-- property name="fabricaDeServicios" ref="framework.fabricaDeServicios" /-->
   	</bean>
   
	<bean id="ingresos.comparatorFactoy" class="pe.gob.sunat.despaduanero2.declaracion.ingreso.validador.rectif.ComparatorFactoy">
		<!-- property name="fabricaDeServicios" ref="framework.fabricaDeServicios" /-->
	</bean>
	<!-- PAS20171U220200005 -->
	<bean id="grabarDescripcionAdicionalService"  class="pe.gob.sunat.despaduanero2.declaracion.ingreso.validador.service.GrabarDescripcionAdicionalServiceImpl">
   		
   	</bean>
   	<!-- PAS20171U220200005 -->
</beans>