<?xml version="1.0" encoding="UTF-8"?>
<beans xmlns="http://www.springframework.org/schema/beans" xmlns:xsi="http://www.w3.org/2001/XMLSchema-instance"
 xmlns:aop="http://www.springframework.org/schema/aop" xmlns:tx="http://www.springframework.org/schema/tx"
 xmlns:jee="http://www.springframework.org/schema/jee"
 xsi:schemaLocation="
   http://www.springframework.org/schema/beans http://www.springframework.org/schema/beans/spring-beans-2.5.xsd
   http://www.springframework.org/schema/aop http://www.springframework.org/schema/aop/spring-aop-2.5.xsd
   http://www.springframework.org/schema/tx http://www.springframework.org/schema/tx/spring-tx-2.5.xsd
   http://www.springframework.org/schema/jee http://www.springframework.org/schema/jee/spring-jee-2.5.xsd" >
	
    <import resource="classpath:catalogo-ayudas-util-data.xml"/>
    <import resource="classpath:despaduanero2-asignacion-data.xml"/>
    <import resource="classpath:despaduanero2-asignacion-service.xml"/>
    <import resource="classpath:despaduanero2-ingreso-data.xml"/>
    <import resource="classpath:servicio2-avisos-service-publicacion.xml"/>
	<import resource="classpath:despaduanero2-seleccion-service.xml"/>
	<import resource="classpath:tecnologia-menu-intranet-service.xml"/>
	<import resource="classpath:recaudacion2-garantia-data.xml"/>
    <import resource="classpath:administracion2-tramite-service.xml"/>
	<import resource="classpath:declaracion-service.xml"/>
	<import resource="classpath*:declaracion-ws-service.xml"/>
	<import resource="classpath*:despaduanero2-ingreso-config.xml"/>
	<import resource="classpath*:despacho-salida-data.xml"/>
	<import resource="classpath*:prevcontrabando2-config.xml"/>
	<import resource="classpath*:ingreso-especial-service.xml"/>
	<import resource="classpath*:ingreso-especial-data.xml"/>

</beans>
