<?xml version="1.0" encoding="UTF-8"?>

<beans xmlns="http://www.springframework.org/schema/beans"
  xmlns:xsi="http://www.w3.org/2001/XMLSchema-instance" xmlns:jee="http://www.springframework.org/schema/jee"
  xmlns:aop="http://www.springframework.org/schema/aop"
  xsi:schemaLocation="http://www.springframework.org/schema/beans
  http://www.springframework.org/schema/beans/spring-beans-2.5.xsd
  http://www.springframework.org/schema/aop
  http://www.springframework.org/schema/aop/spring-aop-2.5.xsd
  http://www.springframework.org/schema/jee http://www.springframework.org/schema/jee/spring-jee-2.5.xsd"
  default-lazy-init="true">

  <jee:jndi-lookup id="dcbdsigad" jndi-name="jdbc/dcbdsigad" resource-ref="true" cache="true" />
  <jee:jndi-lookup id="dcbdsigadadri" jndi-name="jdbc/dcbdsigadadri" resource-ref="true" cache="true" />
  <jee:jndi-lookup id="dxbdsigad" jndi-name="jdbc/dxbdsigad" resource-ref="true" cache="true" />
  <jee:jndi-lookup id="pram1DS" jndi-name="jdbc/dspram1" resource-ref="true" cache="true" />
  <jee:jndi-lookup id="dcsp" jndi-name="jdbc/dcsp" resource-ref="true" />
  <jee:jndi-lookup id="prad1DX" jndi-name="jdbc/dxprad1daen" resource-ref="true" cache="true" />
  <jee:jndi-lookup id="diligencia.prad1DS" jndi-name="jdbc/dsprad1" resource-ref="true" cache="true" />

  <bean id="prad1Daen" class="org.springframework.jndi.JndiObjectFactoryBean">
    <property name="jndiName">
      <value>jdbc/dxprad1daen</value>
    </property>
  </bean>
  
  <!-- gmontoya Pase 7  -->
  <bean id="diligencia.dsPram1" class="org.springframework.jndi.JndiObjectFactoryBean">
    <property name="jndiName">
      <value>jdbc/dspram1</value>
    </property>
  </bean>
  <!-- gmontoya Pase 7  -->

  <bean id="diligencia.ingreso.swapperDatasource" class="org.springframework.aop.target.HotSwappableTargetSource">
    <constructor-arg ref="diligencia.dsPram1" />
  </bean>

  <bean id="diligencia.ingreso.swappableDatasource" class="org.springframework.aop.framework.ProxyFactoryBean">
    <property name="targetSource" ref="diligencia.ingreso.swapperDatasource" />
  </bean>


<!-- Definicion de swappers de aduanas operativas, de lectura -->

<bean id="diligencia.swapper.consulta.ds.prpp1" class="org.springframework.aop.target.HotSwappableTargetSource">
    <constructor-arg ref="despaduanero2.ds.000" />
  </bean>

  <bean id="diligencia.swappable.consulta.ds.prpp1" class="org.springframework.aop.framework.ProxyFactoryBean">
    <property name="targetSource" ref="diligencia.swapper.consulta.ds.prpp1" />

</bean>

<!-- Definicion de swappers de aduanas operativas, de lectura DZC CPUENTE-->

<bean id="diligencia.swapper.consulta.dx.prpp1" class="org.springframework.aop.target.HotSwappableTargetSource">
    <constructor-arg ref="despaduanero2.dxdaen.000" />
  </bean>

  <bean id="diligencia.swappable.consulta.dx.prpp1" class="org.springframework.aop.framework.ProxyFactoryBean">
    <property name="targetSource" ref="diligencia.swapper.consulta.dx.prpp1" />

</bean>

<!-- FIN-->

  <!-- ======================== tipos de clientes Sql =============== -->

  <bean id="diligencia.sqlMapClient1" class="org.springframework.orm.ibatis.SqlMapClientFactoryBean">
    <property name="configLocation" value="classpath:/sql-map-config-NPDA11g.xml" />
    <property name="dataSource" ref="dcbdsigad" />
  </bean>

  <bean id="diligencia.sqlMapClient2" class="org.springframework.orm.ibatis.SqlMapClientFactoryBean">
    <property name="configLocation" value="classpath:/sql-map-config-ASIGADprpp1.xml" />
    <property name="dataSource" ref="diligencia.ingreso.swappableDatasource" />
  </bean>
 
 <!-- inicio  PAS20165E220200114 REQ 2016-098400-->
  <bean id="diligencia.sqlMapClientRouting" class="org.springframework.orm.ibatis.SqlMapClientFactoryBean">
    <property name="configLocation" value="classpath:/sql-map-config-ASIGADprpp1.xml" /> 
    <property name="dataSource" ref="Framework.RoutingDataSource.ds" />
  </bean> 
 	 <!-- fin PAS20165E220200114  -->


  <bean id="diligencia.sqlMapClient3" class="org.springframework.orm.ibatis.SqlMapClientFactoryBean">
    <property name="configLocation" value="classpath:/sql-map-config-NPDA11g.xml" />
    <property name="dataSource" ref="dxbdsigad" />
  </bean>

  <bean id="diligencia.sqlMapClient4" class="org.springframework.orm.ibatis.SqlMapClientFactoryBean">
    <property name="configLocation" value="classpath:/sql-map-config-ASIGADprad1.xml" />
    <property name="dataSource" ref="prad1Daen" />
  </bean>

  <bean id="sqlMapClient5" class="org.springframework.orm.ibatis.SqlMapClientFactoryBean">
    <property name="configLocation" value="classpath:/sql-map-config-NPDA11g.xml" />
    <property name="dataSource" ref="dcbdsigadadri" />
  </bean>

  <bean id="diligencia.sqlMapClient6" class="org.springframework.orm.ibatis.SqlMapClientFactoryBean">
    <property name="configLocation" value="classpath:/sql-map-config-ASIGADprad1.xml" />
    <property name="dataSource" ref="prad1DX" />
  </bean>

  <bean id="sqlMapClient7" class="org.springframework.orm.ibatis.SqlMapClientFactoryBean">
    <property name="configLocation" value="classpath:/sql-map-config-Informixsp.xml" />
    <property name="dataSource" ref="dcsp" />
  </bean>

  <bean id="diligencia.sqlMapClient8" class="org.springframework.orm.ibatis.SqlMapClientFactoryBean">
    <property name="configLocation" value="classpath:/sql-map-config-ASIGADprad1.xml" />
    <property name="dataSource" ref="diligencia.prad1DS" />
  </bean>

  <bean id="sqlMapClient.ds.pram1" class="org.springframework.orm.ibatis.SqlMapClientFactoryBean">
    <property name="configLocation" value="classpath:/sql-map-config-ASIGADprpp1.xml" />
    <property name="dataSource" ref="pram1DS" />
  </bean>


<!-- cliente swappable solo consulta base de datos destribuida  PRPP1-->
  <bean id="sqlMapClient.ds.prpp1" class="org.springframework.orm.ibatis.SqlMapClientFactoryBean">
    <property name="configLocation" value="classpath:/sql-map-config-ASIGADprpp1.xml" />
    <property name="dataSource" ref="diligencia.swappable.consulta.ds.prpp1" />
  </bean>


<!-- cliente swappable solo consulta/escritura base de datos destribuida  PRPP1 DZC CPUENTE-->
  <bean id="sqlMapClient.dx.prpp1" class="org.springframework.orm.ibatis.SqlMapClientFactoryBean">
    <property name="configLocation" value="classpath:/sql-map-config-ASIGADprpp1.xml" />
    <property name="dataSource" ref="diligencia.swappable.consulta.dx.prpp1" />
  </bean>
<!-- FIN-->

<!-- bean ejecuta los querys solo en prad1DS consulta de prad1-->
      <bean id="diligencia.daoBase.prad1" class="pe.gob.sunat.framework.spring.util.dao.SqlMapDAOBase">
    <property name="sqlMapClient"  ref="diligencia.sqlMapClient8"/>
  </bean>

<!-- bean ejecuta los querys solo en pram1DS consulta de pram1-->
    <bean id="diligencia.daoBase.pram1" class="pe.gob.sunat.framework.spring.util.dao.SqlMapDAOBase">
        <property name="sqlMapClient"  ref="sqlMapClient.ds.pram1"/>
    </bean>



	<!-- P34-3014-INICIO -->
	<bean id="receptor.formatob.sqlMapClient" class="org.springframework.orm.ibatis.SqlMapClientFactoryBean" >
		<!-- se iba a usar receptor.dataSource.consulta de itseida-ws-data.xml -->
		<property name="dataSource" ref="dcbdsigad" />
		<property name="configLocation" value="classpath:/sql-map-config-NPDA11g.xml" />
	</bean>	
	<!-- P34-3014-FIN -->


<bean id="diligencia.fnValidarMedidaPreventiva"
         class="pe.gob.sunat.prevcontrabando2.operativo.model.dao.ibatis.SqlMapFnValidarMedidaPreventivaDAO"
         parent="diligencia.daoBase.pram1">
  </bean>


  <!-- ======================== configuracion de los DAOS BD informix =============== -->
  <bean id="diligencia.ingreso.catEmpleadoDAO"
class="pe.gob.sunat.despaduanero2.asignacion.model.dao.ibatis.SqlMapCatEmpleadoDAO">
    <property name="sqlMapClient" ref="sqlMapClient7"/>
  </bean>

  <bean id="diligencia.ingreso.catEmpleadoDef"
class="pe.gob.sunat.despaduanero2.asignacion.model.dao.ibatis.SqlMapCatEmpleadoDAO">
     <property name="sqlMapClient" ref="sqlMapClient7" />
  </bean>

 <!-- ======================== configuracion de los DAOS BD NSIGAD =============== -->


  <!-- ======================== declaracion model   =============== -->

   <bean id="diligencia.ingreso.cabDeclaraDef"
class="pe.gob.sunat.despaduanero2.declaracion.model.dao.ibatis.SqlMapCabDeclaraDAO">
    <property name="sqlMapClient" ref="diligencia.sqlMapClient1" />
  </bean>

  <bean id="diligencia.ingreso.cabDeclaraDef_xa"
class="pe.gob.sunat.despaduanero2.declaracion.model.dao.ibatis.SqlMapCabDeclaraDAO">
    <property name="sqlMapClient" ref="diligencia.sqlMapClient3" />
  </bean>

   <!-- rtineo mejoras, grabacion en batch -->
  <bean id="diligencia.ingreso.cabDeclaraBatchDef_xa"
class="pe.gob.sunat.despaduanero2.declaracion.model.dao.ibatis.SqlMapCabDeclaraBatchDAO">
    <property name="sqlMapClient" ref="diligencia.sqlMapClient3" />
  </bean>  
  <!-- rtineo mejoras, fin -->
  
   <bean id="diligencia.ingreso.cabAdiAdmTemDef"
class="pe.gob.sunat.despaduanero2.declaracion.model.dao.ibatis.SqlMapCabAdiAdmTemDAO">
    <property name="sqlMapClient" ref="diligencia.sqlMapClient1" />
  </bean>

  <bean id="diligencia.ingreso.cabAdjImpConsuDef"
class="pe.gob.sunat.despaduanero2.declaracion.model.dao.ibatis.SqlMapCabAdjImpoconsuDAO">
    <property name="sqlMapClient" ref="diligencia.sqlMapClient3" />
  </bean>

  <bean id="diligencia.ingreso.cabAdiAdmTemDef_xa"
class="pe.gob.sunat.despaduanero2.declaracion.model.dao.ibatis.SqlMapCabAdiAdmTemDAO">
    <property name="sqlMapClient" ref="diligencia.sqlMapClient3" />
  </bean>


<!-- rtineo mejoras, grabacion en batch -->
  <bean id="diligencia.ingreso.cabAdiAdmTemBatchDef_xa"
class="pe.gob.sunat.despaduanero2.declaracion.model.dao.ibatis.SqlMapCabAdiAdmTemBatchDAO">
    <property name="sqlMapClient" ref="diligencia.sqlMapClient3" />
  </bean>  
  <!-- rtineo mejoras, fin -->
  
  <bean id="diligencia.ingreso.comprobpagoDef"
class="pe.gob.sunat.despaduanero2.declaracion.model.dao.ibatis.SqlMapComprobPagoDAO">
    <property name="sqlMapClient" ref="diligencia.sqlMapClient1" />
  </bean>

  <bean id="diligencia.ingreso.comprobpagoDef_xa"
class="pe.gob.sunat.despaduanero2.declaracion.model.dao.ibatis.SqlMapComprobPagoDAO">
    <property name="sqlMapClient" ref="diligencia.sqlMapClient3" />
  </bean>

  <!-- rtineo mejoras, grabacion en batch -->
  <bean id="diligencia.ingreso.comprobpagoBatchDef_xa"
class="pe.gob.sunat.despaduanero2.declaracion.model.dao.ibatis.SqlMapComprobPagoBatchDAO">
    <property name="sqlMapClient" ref="diligencia.sqlMapClient3" />
  </bean>
  <!-- rtineo mejoras, fin -->

  <bean id="diligencia.ingreso.observacionDef"
class="pe.gob.sunat.despaduanero2.declaracion.model.dao.ibatis.SqlMapObservacionDAO">
    <property name="sqlMapClient" ref="diligencia.sqlMapClient1" />
  </bean>

  <bean id="diligencia.ingreso.observacionDef_xa"
class="pe.gob.sunat.despaduanero2.declaracion.model.dao.ibatis.SqlMapObservacionDAO">
    <property name="sqlMapClient" ref="diligencia.sqlMapClient3" />
  </bean>


<!-- rtineo mejoras, grabacion en batch -->
  <bean id="diligencia.ingreso.observacionBatchDef_xa"
class="pe.gob.sunat.despaduanero2.declaracion.model.dao.ibatis.SqlMapObservacionBatchDAO">
    <property name="sqlMapClient" ref="diligencia.sqlMapClient3" />
  </bean>
  <!-- rtineo mejoras, fin -->
  
    <bean id="diligencia.ingreso.formBProveedorDef"
class="pe.gob.sunat.despaduanero2.declaracion.model.dao.ibatis.SqlMapFormBProveedorDAO">
    <property name="sqlMapClient" ref="diligencia.sqlMapClient1" />
  </bean>

    <bean id="diligencia.ingreso.formBProveedorDef_xa"
class="pe.gob.sunat.despaduanero2.declaracion.model.dao.ibatis.SqlMapFormBProveedorDAO">
    <property name="sqlMapClient" ref="diligencia.sqlMapClient3" />
  </bean>

  <!-- rtineo mejoras, grabacion en batch -->
    <bean id="diligencia.ingreso.formBProveedorBatchDef_xa"
class="pe.gob.sunat.despaduanero2.declaracion.model.dao.ibatis.SqlMapFormBProveedorBatchDAO">
    <property name="sqlMapClient" ref="diligencia.sqlMapClient3" />
  </bean>
  <!-- rtineo mejoras, fin -->
  
  <bean id="diligencia.ingreso.formBMontoDef"
class="pe.gob.sunat.despaduanero2.declaracion.model.dao.ibatis.SqlMapFormBMontoDAO">
    <property name="sqlMapClient" ref="diligencia.sqlMapClient1" />
  </bean>

  <bean id="diligencia.ingreso.formBMontoDef_xa"
class="pe.gob.sunat.despaduanero2.declaracion.model.dao.ibatis.SqlMapFormBMontoDAO">
    <property name="sqlMapClient" ref="diligencia.sqlMapClient3" />
  </bean>

  <!-- rtineo mejoras, grabacion en batch -->
  <bean id="diligencia.ingreso.formBMontoBatchDef_xa"
class="pe.gob.sunat.despaduanero2.declaracion.model.dao.ibatis.SqlMapFormBMontoBatchDAO">
    <property name="sqlMapClient" ref="diligencia.sqlMapClient3" />
  </bean>
  <!-- rtineo mejoras, fin -->
  
  <bean id="diligencia.ingreso.formBItemDescri"
class="pe.gob.sunat.despaduanero2.declaracion.model.dao.ibatis.SqlMapFormBItemDescriDAO">
    <property name="sqlMapClient" ref="diligencia.sqlMapClient1" />
  </bean>

  <bean id="diligencia.ingreso.formBItemDescri_xa"
class="pe.gob.sunat.despaduanero2.declaracion.model.dao.ibatis.SqlMapFormBItemDescriDAO">
    <property name="sqlMapClient" ref="diligencia.sqlMapClient3" />
  </bean>

  <!-- rtineo mejoras, grabacion en batch -->
  <bean id="diligencia.ingreso.formBItemDescriBatch_xa"
class="pe.gob.sunat.despaduanero2.declaracion.model.dao.ibatis.SqlMapFormBItemDescriBatchDAO">
    <property name="sqlMapClient" ref="diligencia.sqlMapClient3" />
  </bean>  
  <!-- rtineo mejoras, fin -->
  
  <bean id="diligencia.ingreso.condicionTransaDef"
class="pe.gob.sunat.despaduanero2.declaracion.model.dao.ibatis.SqlMapCondicionTransaDAO">
    <property name="sqlMapClient" ref="diligencia.sqlMapClient1" />
  </bean>

  <bean id="diligencia.ingreso.condicionTransaDef_xa"
class="pe.gob.sunat.despaduanero2.declaracion.model.dao.ibatis.SqlMapCondicionTransaDAO">
    <property name="sqlMapClient" ref="diligencia.sqlMapClient3" />
  </bean>

  <!-- rtineo mejoras, agregado para la grabacion en batch -->
  <bean id="diligencia.ingreso.condicionTransaBatchDef_xa"
class="pe.gob.sunat.despaduanero2.declaracion.model.dao.ibatis.SqlMapCondicionTransaBatchDAO">
    <property name="sqlMapClient" ref="diligencia.sqlMapClient3" />
  </bean>
	<!-- rtineo mejoras, fin grabacion en batch-->
	
  <bean id="diligencia.ingreso.indicadorDuaDef"
class="pe.gob.sunat.despaduanero2.declaracion.model.dao.ibatis.SqlMapIndicadorDUADAO">
    <property name="sqlMapClient" ref="diligencia.sqlMapClient3" />
  </bean>

<!-- rtineo mejoras, grabacion en batch -->
  <bean id="diligencia.ingreso.indicadorDuaBatchDef"
class="pe.gob.sunat.despaduanero2.declaracion.model.dao.ibatis.SqlMapIndicadorDUABatchDAO">
    <property name="sqlMapClient" ref="diligencia.sqlMapClient3" />
  </bean>
<!-- rtineo mejoras, fin -->

    <bean id="diligencia.ingreso.itemFacturaDef"
class="pe.gob.sunat.despaduanero2.declaracion.model.dao.ibatis.SqlMapItemFacturaDAO">
      <property name="sqlMapClient" ref="diligencia.sqlMapClient1" />
     </bean>

      <bean id="diligencia.ingreso.itemFacturaDef_xa"
class="pe.gob.sunat.despaduanero2.declaracion.model.dao.ibatis.SqlMapItemFacturaDAO">
    <property name="sqlMapClient" ref="diligencia.sqlMapClient3" />
     </bean>

    <!-- rtineo mejoras, grabacion en batch -->
      <bean id="diligencia.ingreso.itemFacturaBatchDef_xa"
class="pe.gob.sunat.despaduanero2.declaracion.model.dao.ibatis.SqlMapItemFacturaBatchDAO">
    <property name="sqlMapClient" ref="diligencia.sqlMapClient3" />
     </bean>	
	<!-- rtineo mejoras, fin-->
	
    <bean id="diligencia.ingreso.cabCertiOrigenDef"
class="pe.gob.sunat.despaduanero2.declaracion.model.dao.ibatis.SqlMapCabCertiOrigenDAO">
      <property name="sqlMapClient" ref="diligencia.sqlMapClient1" />
    </bean>

    <bean id="diligencia.ingreso.cabCertiOrigenDef_xa"
class="pe.gob.sunat.despaduanero2.declaracion.model.dao.ibatis.SqlMapCabCertiOrigenDAO">
      <property name="sqlMapClient" ref="diligencia.sqlMapClient3" />
    </bean>

    <!-- rtineo mejoras, para grabacion en batch-->
	<bean id="diligencia.ingreso.cabCertiOrigenBatchDef_xa"
class="pe.gob.sunat.despaduanero2.declaracion.model.dao.ibatis.SqlMapCabCertiOrigenBatchDAO">
      <property name="sqlMapClient" ref="diligencia.sqlMapClient3" />
    </bean>
	<!-- rtineo fin mejoras-->
	
    <bean id="diligencia.ingreso.docAutAsociadoDef"
class="pe.gob.sunat.despaduanero2.declaracion.model.dao.ibatis.SqlMapDocAutAsociadoDAO">
      <property name="sqlMapClient" ref="diligencia.sqlMapClient1" />
    </bean>

    <bean id="diligencia.ingreso.docAutAsociadoDef_xa"
class="pe.gob.sunat.despaduanero2.declaracion.model.dao.ibatis.SqlMapDocAutAsociadoDAO">
      <property name="sqlMapClient" ref="diligencia.sqlMapClient3" />
    </bean>

   <!-- rtineo mejoras, grabacion en batch -->
    <bean id="diligencia.ingreso.docAutAsociadoBatchDef_xa"
class="pe.gob.sunat.despaduanero2.declaracion.model.dao.ibatis.SqlMapDocAutAsociadoBatchDAO">
      <property name="sqlMapClient" ref="diligencia.sqlMapClient3" />
    </bean>
	<!-- rtineo mejoras, fin -->
	
   <bean id="diligencia.ingreso.detAutorizacionDef"
class="pe.gob.sunat.despaduanero2.declaracion.model.dao.ibatis.SqlMapDetAutorizacionDAO">
      <property name="sqlMapClient" ref="diligencia.sqlMapClient3" />
    </bean>

  <!-- rtineo mejoras, grabacion en batch -->
   <bean id="diligencia.ingreso.detAutorizacionBatchDef"
class="pe.gob.sunat.despaduanero2.declaracion.model.dao.ibatis.SqlMapDetAutorizacionBatchDAO">
      <property name="sqlMapClient" ref="diligencia.sqlMapClient3" />
    </bean>	
	<!-- rtineo mejoras, fin-->
	
  <bean id="diligencia.ingreso.deudaDocumDef"
class="pe.gob.sunat.despaduanero2.declaracion.model.dao.ibatis.SqlMapDeudaDocumDAO">
      <property name="sqlMapClient" ref="diligencia.sqlMapClient1" />
  </bean>

   <bean id="diligencia.ingreso.deudaDocumDef_xa"
class="pe.gob.sunat.despaduanero2.declaracion.model.dao.ibatis.SqlMapDeudaDocumDAO">
      <property name="sqlMapClient" ref="diligencia.sqlMapClient3" />
  </bean>

   <bean id="diligencia.ingreso.detPagoDuaDef"
class="pe.gob.sunat.despaduanero2.declaracion.model.dao.ibatis.SqlMapDetPagoDuaDAO">
    <property name="sqlMapClient" ref="diligencia.sqlMapClient1" />
  </bean>

   <bean id="diligencia.ingreso.detPagoDuaDef_xa"
class="pe.gob.sunat.despaduanero2.declaracion.model.dao.ibatis.SqlMapDetPagoDuaDAO">
    <property name="sqlMapClient" ref="diligencia.sqlMapClient3" />
  </bean>

   <bean id="diligencia.ingreso.seriesItemDef"
class="pe.gob.sunat.despaduanero2.declaracion.model.dao.ibatis.SqlMapSeriesItemDAO">
    <property name="sqlMapClient" ref="diligencia.sqlMapClient1" />
  </bean>


  <bean id="diligencia.ingreso.seriesItemDef_xa"
class="pe.gob.sunat.despaduanero2.declaracion.model.dao.ibatis.SqlMapSeriesItemDAO">
    <property name="sqlMapClient" ref="diligencia.sqlMapClient3" />
  </bean>

   <!-- rtineo mejoras, grabacion en batch -->
  <bean id="diligencia.ingreso.seriesItemBatchDef_xa"
class="pe.gob.sunat.despaduanero2.declaracion.model.dao.ibatis.SqlMapSeriesItemBatchDAO">
    <property name="sqlMapClient" ref="diligencia.sqlMapClient3" />
  </bean>
  <!-- rtineo mejoras, fin-->
  
   <bean id="diligencia.ingreso.rectiOficioDef"
class="pe.gob.sunat.despaduanero2.declaracion.model.dao.ibatis.SqlMapRectiOficioDAO">
    <property name="sqlMapClient" ref="diligencia.sqlMapClient3" />
  </bean>


<!-- rtineo grabacion batch -->
   <bean id="diligencia.ingreso.rectiOficioBatchDef" class="pe.gob.sunat.despaduanero2.declaracion.model.dao.ibatis.SqlMapRectiOficioBatchDAO">
    	<property name="sqlMapClient" ref="diligencia.sqlMapClient3" />
  </bean>
	<!-- rtineo fin -->
	
  <bean id="diligencia.ingreso.detDeclaraDef"
class="pe.gob.sunat.despaduanero2.declaracion.model.dao.ibatis.SqlMapDetDeclaraDAO">
    <property name="sqlMapClient" ref="diligencia.sqlMapClient1" />
  </bean>

  <bean id="diligencia.ingreso.detDeclaraDef_xa"
class="pe.gob.sunat.despaduanero2.declaracion.model.dao.ibatis.SqlMapDetDeclaraDAO">
    <property name="sqlMapClient" ref="diligencia.sqlMapClient3" />
  </bean>

    <!-- rtineo mejoras, grabacion en batch -->
    <bean id="diligencia.ingreso.detDeclaraBatchDef_xa"
class="pe.gob.sunat.despaduanero2.declaracion.model.dao.ibatis.SqlMapDetDeclaraBatchDAO">
    <property name="sqlMapClient" ref="diligencia.sqlMapClient3" />
  </bean>
  <!-- rtineo mejoras, fin-->
  
    <bean id="diligencia.ingreso.convenioSerieDef"
class="pe.gob.sunat.despaduanero2.declaracion.model.dao.ibatis.SqlMapConvenioSerieDAO">
    <property name="sqlMapClient" ref="diligencia.sqlMapClient1" />
  </bean>

  <bean id="diligencia.ingreso.convenioSerieDef_xa"
class="pe.gob.sunat.despaduanero2.declaracion.model.dao.ibatis.SqlMapConvenioSerieDAO">
    <property name="sqlMapClient" ref="diligencia.sqlMapClient3" />
  </bean>

<!-- rtineo mejoras, grabacion en batch -->
  <bean id="diligencia.ingreso.convenioSerieBatchDef_xa"
class="pe.gob.sunat.despaduanero2.declaracion.model.dao.ibatis.SqlMapConvenioSerieBatchDAO">
    <property name="sqlMapClient" ref="diligencia.sqlMapClient3" />
  </bean>
<!-- rtineo mejoras, fin -->

    <bean id="diligencia.ingreso.formaFactuDef"
class="pe.gob.sunat.despaduanero2.declaracion.model.dao.ibatis.SqlMapFormaFactuDAO">
    <property name="sqlMapClient" ref="diligencia.sqlMapClient1" />
  </bean>

  <bean id="diligencia.ingreso.formaFactuDef_xa"
  class="pe.gob.sunat.despaduanero2.declaracion.model.dao.ibatis.SqlMapFormaFactuDAO">
    <property name="sqlMapClient" ref="diligencia.sqlMapClient3" />
  </bean>

  <!-- rtineo mejoras, grabacion en batch -->
  <bean id="diligencia.ingreso.formaFactuBatchDef_xa"
  class="pe.gob.sunat.despaduanero2.declaracion.model.dao.ibatis.SqlMapFormaFactuBatchDAO">
    <property name="sqlMapClient" ref="diligencia.sqlMapClient3" />
  </bean>  
  <!-- rtineo mejoras, fin -->
  
  <bean id="diligencia.ingreso.docuPreceDuaDef"
class="pe.gob.sunat.despaduanero2.declaracion.model.dao.ibatis.SqlMapDocuPreceDuaDAO">
    <property name="sqlMapClient" ref="diligencia.sqlMapClient1" />
  </bean>

   <bean id="diligencia.ingreso.docuPreceDuaDef_xa"
class="pe.gob.sunat.despaduanero2.declaracion.model.dao.ibatis.SqlMapDocuPreceDuaDAO">
    <property name="sqlMapClient" ref="diligencia.sqlMapClient3" />
  </bean>

    <!-- rtineo mejoras, grabacion en batch -->
   <bean id="diligencia.ingreso.docuPreceDuaBatchDef_xa"
class="pe.gob.sunat.despaduanero2.declaracion.model.dao.ibatis.SqlMapDocuPreceDuaBatchDAO">
    <property name="sqlMapClient" ref="diligencia.sqlMapClient3" />
  </bean>
  <!-- rtineo mejoras, fin -->
  
    <bean id="diligencia.ingreso.estadoDocDef"
class="pe.gob.sunat.despaduanero2.declaracion.model.dao.ibatis.SqlMapEstdoDocDAO">
      <property name="sqlMapClient" ref="diligencia.sqlMapClient1" />
  </bean>

  <bean id="diligencia.ingreso.finUbicacionDef"
class="pe.gob.sunat.despaduanero2.declaracion.model.dao.ibatis.SqlMapFinUbicacionDAO">
      <property name="sqlMapClient" ref="diligencia.sqlMapClient1" />
  </bean>

  <!-- ======================== diligencia model   =============== -->


   <bean id="diligencia.ingreso.cabDiligenciaDef"
class="pe.gob.sunat.despaduanero2.diligencia.ingreso.model.dao.ibatis.SqlMapCabDiligenciaDAO">
    <property name="sqlMapClient" ref="diligencia.sqlMapClient1" />
  </bean>

   <bean id="diligencia.ingreso.cabDiligenciaDef_xa"
class="pe.gob.sunat.despaduanero2.diligencia.ingreso.model.dao.ibatis.SqlMapCabDiligenciaDAO">
    <property name="sqlMapClient" ref="diligencia.sqlMapClient3" />
  </bean>


    <bean id="diligencia.ingreso.cabAdiDiligVincDef_xa"
       class="pe.gob.sunat.despaduanero2.diligencia.ingreso.model.dao.ibatis.SqlMapCabAdiDiligVincDAO">
        <property name="sqlMapClient" ref="diligencia.sqlMapClient3" />
  </bean>


   <bean id="diligencia.ingreso.detIncidenciaDef"
class="pe.gob.sunat.despaduanero2.diligencia.ingreso.model.dao.ibatis.SqlMapDetIncidenciaDAO">
        <property name="sqlMapClient" ref="diligencia.sqlMapClient3" />
  </bean>

   <bean id="diligencia.ingreso.comunicacionDef"
class="pe.gob.sunat.despaduanero2.diligencia.ingreso.model.dao.ibatis.SqlMapComunicacionDAO">
      <property name="sqlMapClient" ref="diligencia.sqlMapClient1" />
  </bean>

   <bean id="diligencia.ingreso.comunicacionDef_xa"
class="pe.gob.sunat.despaduanero2.diligencia.ingreso.model.dao.ibatis.SqlMapComunicacionDAO">
      <property name="sqlMapClient" ref="diligencia.sqlMapClient3" />
  </bean>

  <bean id="diligencia.ingreso.medioTransDef"
class="pe.gob.sunat.despaduanero2.diligencia.ingreso.model.dao.ibatis.SqlMapMedioTransDAO">
      <property name="sqlMapClient" ref="diligencia.sqlMapClient1" />
  </bean>

  <bean id="diligencia.ingreso.referenciaDudaDef"
class="pe.gob.sunat.despaduanero2.diligencia.ingreso.model.dao.ibatis.SqlMapReferenciaDudaDAO">
    <property name="sqlMapClient" ref="diligencia.sqlMapClient1" />
  </bean>

   <bean id="diligencia.ingreso.referenciaDudaDef_xa"
class="pe.gob.sunat.despaduanero2.diligencia.ingreso.model.dao.ibatis.SqlMapReferenciaDudaDAO">
    <property name="sqlMapClient" ref="diligencia.sqlMapClient3" />
  </bean>

<!--INICIO-RIN13-->    <bean id="diligencia.ingreso.solisubsanacionDef"
    class="pe.gob.sunat.despaduanero2.diligencia.ingreso.model.dao.ibatis.SqlMapSoliSubsanacionDAO">
      <property name="sqlMapClient" ref="diligencia.sqlMapClient1" />
  </bean>
  
   <bean id="diligencia.ingreso.solisubsanacionDefXA"
    class="pe.gob.sunat.despaduanero2.diligencia.ingreso.model.dao.ibatis.SqlMapSoliSubsanacionDAO">
      <property name="sqlMapClient" ref="diligencia.sqlMapClient3" />
  </bean>
  
   <bean id="diligencia.ingreso.inciEventoDef"
    class="pe.gob.sunat.despaduanero2.diligencia.ingreso.model.dao.ibatis.SqlMapInciEventoDAO">
      <property name="sqlMapClient" ref="diligencia.sqlMapClient3" />
  </bean>
<!--FIN-RIN13-->
  <bean id="diligencia.ingreso.consultaDef"
    class="pe.gob.sunat.despaduanero2.diligencia.ingreso.model.dao.ibatis.SqlMapConsultaDAO">
      <property name="sqlMapClient" ref="diligencia.sqlMapClient3" />
  </bean>
<!-- P14 - 3014 - Inicio - dhernandezv -->
	<!--cambio de amancilla de sqlMapClient1 a sqlMapClient3 pq a miiiiiiiiiiii -->
	<bean id="diligencia.ingreso.detalleComunicacionDef"
		class="pe.gob.sunat.despaduanero2.diligencia.ingreso.model.dao.ibatis.SqlMapDetalleComunicacionDAO">
		<property name="sqlMapClient" ref="diligencia.sqlMapClient3" />
	</bean>
	
	<!-- P14 - 3014 - Fin - dhernandezv  -->
   <!-- ======================== MANIFIESTO model   =============== -->


   <bean id="diligencia.ingreso.equipamientoDef"
    class="pe.gob.sunat.despaduanero2.manifiesto.model.dao.ibatis.SqlMapEquipamientoDAO">
        <property name="sqlMapClient" ref="diligencia.sqlMapClient1" />
  </bean>

<bean id="diligencia.ingreso.equipamientoDef_xa"
    class="pe.gob.sunat.despaduanero2.manifiesto.model.dao.ibatis.SqlMapEquipamientoDAO">
        <property name="sqlMapClient" ref="diligencia.sqlMapClient3" />
  </bean>
  
  <bean id="diligencia.ingreso.precintoDef_xa"
    class="pe.gob.sunat.despaduanero2.manifiesto.model.dao.ibatis.SqlMapPrecintoDAO">
        <property name="sqlMapClient" ref="diligencia.sqlMapClient3" />
  </bean>
  
  <bean id="diligencia.ingreso.movEquipamientoDef_xa"
    class="pe.gob.sunat.despaduanero2.manifiesto.model.dao.ibatis.SqlMapMovEquipamientoDAO">
        <property name="sqlMapClient" ref="diligencia.sqlMapClient3" />
  </bean>

<!-- rtineo mejoras, grabacion en batch -->
   <bean id="diligencia.ingreso.equipamientoBatchDef"
    class="pe.gob.sunat.despaduanero2.manifiesto.model.dao.ibatis.SqlMapEquipamientoBatchDAO">
        <property name="sqlMapClient" ref="diligencia.sqlMapClient1" />
  </bean>
  <!-- rtineo mejoras, fin-->
  
  <bean id="diligencia.ingreso.manifiestoDef"
    class="pe.gob.sunat.despaduanero2.manifiesto.model.dao.ibatis.SqlMapCabManifiestoDAO">
      <property name="sqlMapClient" ref="diligencia.sqlMapClient1" />
  </bean>

  <bean id="diligencia.ingreso.gralDocTranporteDef"
    class="pe.gob.sunat.despaduanero2.manifiesto.model.dao.ibatis.SqlMapDocuTransDAO">
      <property name="sqlMapClient" ref="diligencia.sqlMapClient1" />
  </bean>


     <!-- ======================== DESPADUANERO2 model   =============== -->

  <bean id="diligencia.ingreso.participanteDef"
    class="pe.gob.sunat.despaduanero2.model.dao.ibatis.SqlMapParticipanteDocDAO">
      <property name="sqlMapClient" ref="diligencia.sqlMapClient1" />
  </bean>

   <bean id="diligencia.ingreso.participanteDef_xa"
    class="pe.gob.sunat.despaduanero2.model.dao.ibatis.SqlMapParticipanteDocDAO">
      <property name="sqlMapClient" ref="diligencia.sqlMapClient3" />
  </bean>

<!-- rtineo mejoras, grabacion en batch -->
   <bean id="diligencia.ingreso.participanteBatchDef_xa"
    class="pe.gob.sunat.despaduanero2.model.dao.ibatis.SqlMapParticipanteDocBatchDAO">
      <property name="sqlMapClient" ref="diligencia.sqlMapClient3" />
   </bean>
<!-- rtineo mejoras, fin -->

   <bean id="diligencia.cabSolRectiDef_xa"
        class="pe.gob.sunat.despaduanero2.model.dao.ibatis.SqlMapCabSolrectiDAO">
        <property name="sqlMapClient" ref="diligencia.sqlMapClient3" />

</bean>

   <bean id="diligencia.cabSolRectiDef"
        class="pe.gob.sunat.despaduanero2.model.dao.ibatis.SqlMapCabSolrectiDAO">
        <property name="sqlMapClient" ref="diligencia.sqlMapClient1" />

</bean>

  <bean id="diligencia.ingreso.cabSolRectiDef"
    class="pe.gob.sunat.despaduanero2.model.dao.ibatis.SqlMapCabSolrectiDAO">
      <property name="sqlMapClient" ref="diligencia.sqlMapClient3" />
  </bean>


   <!-- ======================== ASIGNACION model   =============== -->

   <bean id="diligencia.ingreso.espeDocuDef"
    class="pe.gob.sunat.despaduanero2.asignacion.model.dao.ibatis.SqlMapEspeDocuDAO">
      <property name="sqlMapClient" ref="diligencia.sqlMapClient1" />
  </bean>

   <bean id="diligencia.ingreso.espeDocuDef_xa"
    class="pe.gob.sunat.despaduanero2.asignacion.model.dao.ibatis.SqlMapEspeDocuDAO">
      <property name="sqlMapClient" ref="diligencia.sqlMapClient3" />
  </bean>

   <!-- ======================== SELECCION model   =============== -->
   <bean id="diligencia.ingreso.cabTipoAforoDeclaraDef"
    class="pe.gob.sunat.despaduanero2.seleccion.model.dao.ibatis.SqlMapCabTipoAforoDeclaraDAO">
      <property name="sqlMapClient" ref="sqlMapClient5" />
  </bean>

  <bean id="diligencia.ingreso.fraudesDef"
  class="pe.gob.sunat.despaduanero2.seleccion.model.dao.ibatis.SqlMapFraudesDAO">
      <property name="sqlMapClient" ref="diligencia.sqlMapClient8" />
  </bean>


  <!-- ======================== configuracion de los DAOS BD ASIGAD CENTRALIZADA PRAD1 =============== -->


  <bean id="diligencia.ingreso.cabActasDef"
        class="pe.gob.sunat.prevcontrabando2.operativo.model.dao.ibatis.SqlMapCabActasDAO"
        parent="diligencia.daoBase.prad1">
   </bean>

  <bean id="diligencia.rectificacion.movDuasActasDef"
        class="pe.gob.sunat.prevcontrabando2.operativo.model.dao.ibatis.SqlMapMovDuasActasDAO"
        parent="diligencia.daoBase.prad1">
    </bean>

    <bean id="diligencia.ingreso.datAuxActaDef"
    class="pe.gob.sunat.prevcontrabando2.operativo.model.dao.ibatis.SqlMapDatAuxActaDAO"
    parent="diligencia.daoBase.prad1">
  </bean>

  <bean id="diligencia.ingreso.movManifiestosActasDef"
    class="pe.gob.sunat.prevcontrabando2.operativo.model.dao.ibatis.SqlMapMovManifiestosActasDAO"
    parent="diligencia.daoBase.prad1">
    </bean>


 <!-- ======================== configuracion de los DAOS BD DESCENTRALIZADA =============== -->


  <bean id="diligencia.ingreso.canalesDef"
  class="pe.gob.sunat.despaduanero2.declaracion.model.dao.ibatis.SqlMapCanalesDAO">
    <property name="sqlMapClient" ref="diligencia.sqlMapClient8" />
  </bean>

  <bean id="diligencia.ingreso.expediDef"
  class="pe.gob.sunat.administracion2.tramite.model.dao.ibatis.SqlMapExpediDAO">
    <property name="sqlMapClient" ref="diligencia.sqlMapClient2" />
  </bean>

  <bean id="diligencia.ingreso.liquidaDef"
  class="pe.gob.sunat.recauda2.genadeudo.model.dao.ibatis.SqlMapLiquidaDAO">
    <property name="sqlMapClient" ref="diligencia.sqlMapClient2" />
  </bean>

  <!-- RIN 16 : USAMOS FrameworkRounting -->
	<bean id="despaduanero2.diligencia.sqlMapClient.ds.prpp1" class="org.springframework.orm.ibatis.SqlMapClientFactoryBean">
		<property name="configLocation" value="classpath:sql-map-config-ASIGADprpp1.xml"/>
		<!--amanciooa se cambia para que funcione routing
		<property name="dataSource" ref="despaduanero2.swappable.ds.prp1" />
        -->
        <property name="dataSource" ref="Framework.RoutingDataSource.ds" />
	</bean>	
	
	<!-- Definicion de DAOs Padres -->
	<bean id="despaduanero2.diligencia.daoBase.prpp1" class="pe.gob.sunat.framework.spring.util.dao.SqlMapDAOBase">
		<property name="sqlMapClient" ref="despaduanero2.diligencia.sqlMapClient.ds.prpp1"/>
	</bean>

  
  <!-- RIN 16 : USAMOS FrameworkRounting -->
  <bean id="diligencia.ingreso.routing.liquidaDef" class="pe.gob.sunat.recauda2.genadeudo.model.dao.ibatis.SqlMapLiquidaDAO" parent="despaduanero2.diligencia.daoBase.prpp1" />

  <bean id="diligencia.ingreso.detaliqDef"
  class="pe.gob.sunat.recauda2.genadeudo.model.dao.ibatis.SqlMapDetaliqDAO">
    <property name="sqlMapClient" ref="diligencia.sqlMapClient2" />
  </bean>

  <bean id="diligencia.ingreso.tabBolQuimDef"
  class="pe.gob.sunat.despaduanero2.diligencia.ingreso.model.dao.ibatis.SqlMapTabBolQuimDAO">
    <property name="sqlMapClient" ref="diligencia.sqlMapClient2" />
  </bean>

   <bean id="diligencia.ingreso.oDepoCabDef"
  class="pe.gob.sunat.despaduanero.despacho.model.dao.ibatis.SqlMapODepoCabDAO">
      <property name="sqlMapClient" ref="diligencia.sqlMapClient2" />
    </bean>

  <!-- RIN 16 : USAMOS FrameworkRounting -->
  <bean id="diligencia.ingreso.routing.oDepoCabDef" class="pe.gob.sunat.despaduanero.despacho.model.dao.ibatis.SqlMapODepoCabDAO" parent="despaduanero2.diligencia.daoBase.prpp1" />

  <bean id="diligencia.ingreso.cabDeudaDef"
  class="pe.gob.sunat.despaduanero2.declaracion.model.dao.ibatis.SqlMapCabDeudaDAO">
    <property name="sqlMapClient" ref="diligencia.sqlMapClient1" />
  </bean>

   <bean id="diligencia.ingreso.cabDeudaDef_xa"
class="pe.gob.sunat.despaduanero2.declaracion.model.dao.ibatis.SqlMapCabDeudaDAO">
    <property name="sqlMapClient" ref="diligencia.sqlMapClient3" />
  </bean>

  <bean id="diligencia.ingreso.detDeudaDef"
class="pe.gob.sunat.despaduanero2.declaracion.model.dao.ibatis.SqlMapDetDeudaDAO">
    <property name="sqlMapClient" ref="diligencia.sqlMapClient1" />
  </bean>

   <bean id="diligencia.ingreso.detDeudaDef_xa"
class="pe.gob.sunat.despaduanero2.declaracion.model.dao.ibatis.SqlMapDetDeudaDAO">
    <property name="sqlMapClient" ref="diligencia.sqlMapClient3" />
  </bean>

  <bean id="diligencia.ingreso.cabDocliqDef"
class="pe.gob.sunat.recauda2.genadeudo.model.dao.ibatis.SqlMapCabDocliqDAO">
    <property name="sqlMapClient" ref="diligencia.sqlMapClient2" />
  </bean>

  <bean id="diligencia.ingreso.detDocliqDef"
class="pe.gob.sunat.recauda2.genadeudo.model.dao.ibatis.SqlMapDetDocliqDAO">
    <property name="sqlMapClient" ref="diligencia.sqlMapClient2" />
  </bean>

  <bean id="diligencia.ingreso.movCabliqdiligDef"
class="pe.gob.sunat.recauda2.genadeudo.model.dao.ibatis.SqlMapMovCabliqdiligDAO">
    <property name="sqlMapClient" ref="diligencia.sqlMapClient2" />
  </bean>

  <bean id="diligencia.ingreso.movLiqdiligDef"
class="pe.gob.sunat.recauda2.genadeudo.model.dao.ibatis.SqlMapMovLiqdiligDAO">
	<property name="sqlMapClient" ref="diligencia.sqlMapClient2" /> 
  </bean>
  
 <!-- Se actualiza a Routing estaba en swapper REQ 2016-098400 PAS20165E220200114-->
<bean id="diligencia.ingreso.movLiqdiligDef_routing"
class="pe.gob.sunat.recauda2.genadeudo.model.dao.ibatis.SqlMapMovLiqdiligDAO">   
    <property name="sqlMapClient" ref="diligencia.sqlMapClientRouting" />
  </bean>
   <!-- Se actualiza a Routing estaba en swapper REQ 2016-098400 PAS20165E220200114-->
  <bean id="diligencia.ingreso.prepolpecoDef"
class="pe.gob.sunat.recauda2.genadeudo.model.dao.ibatis.SqlMapPrepolpecoDAO">
    <property name="sqlMapClient" ref="diligencia.sqlMapClient2" />
  </bean>

  <bean id="diligencia.ingreso.preserpecoDef"
class="pe.gob.sunat.recauda2.genadeudo.model.dao.ibatis.SqlMapPreserpecoDAO">
    <property name="sqlMapClient" ref="diligencia.sqlMapClient2" />
  </bean>

  <bean id="diligencia.ingreso.preserdcigvDef"
class="pe.gob.sunat.recauda2.genadeudo.model.dao.ibatis.SqlMapPreserdcigvDAO">
    <property name="sqlMapClient" ref="diligencia.sqlMapClient2" />
  </bean>

  <bean id="diligencia.ingreso.patgLiquidaNpdaDef"
class="pe.gob.sunat.recauda2.genadeudo.model.dao.ibatis.SqlMapPatgLiquidaNpdaDAO">
    <property name="sqlMapClient" ref="diligencia.sqlMapClient2" />
  </bean>

  <bean id="diligencia.ingreso.patgGeneraLcNpdaDef"
class="pe.gob.sunat.recauda2.genadeudo.model.dao.ibatis.SqlMapPatgGeneraLcNpdaDAO">
    <property name="sqlMapClient" ref="diligencia.sqlMapClient2" />
  </bean>

  <bean id="diligencia.ingreso.estabnoaptoDef"
class="pe.gob.sunat.despaduanero.despacho.entrada.di.model.dao.ibatis.SqlMapEstabnoaptoDAO">
    <property name="sqlMapClient" ref="diligencia.sqlMapClient6" />
  </bean>

  <bean id="diligencia.ingreso.polizadDef"
class="pe.gob.sunat.despaduanero.despacho.entrada.sd.model.dao.ibatis.SqlMapPolizadDAO">
    <property name="sqlMapClient" ref="diligencia.sqlMapClient2" />
  </bean>

  <bean id="diligencia.ingreso.seriesdDef"
class="pe.gob.sunat.despaduanero.despacho.entrada.sd.model.dao.ibatis.SqlMapSeriesdDAO">
    <property name="sqlMapClient" ref="diligencia.sqlMapClient2" />
  </bean>

  <bean id="diligencia.ingreso.depoctaDef"
class="pe.gob.sunat.despaduanero.despacho.entrada.sd.model.dao.ibatis.SqlMapDepoctaDAO">
    <property name="sqlMapClient" ref="diligencia.sqlMapClient2" />
  </bean>

  <bean id="diligencia.ingreso.ritpitDef"
class="pe.gob.sunat.despaduanero.despacho.entrada.ti.model.dao.ibatis.SqlMapRitpitDAO">
    <property name="sqlMapClient" ref="diligencia.sqlMapClient2" />
  </bean>

  <bean id="diligencia.ingreso.ritSerDef"
class="pe.gob.sunat.despaduanero.despacho.entrada.ti.model.dao.ibatis.SqlMapRitSerDAO">
    <property name="sqlMapClient" ref="diligencia.sqlMapClient2" />
  </bean>

  <bean id="diligencia.ingreso.ritCcDef"
class="pe.gob.sunat.despaduanero.despacho.entrada.ti.model.dao.ibatis.SqlMapRitCcDAO">
    <property name="sqlMapClient" ref="diligencia.sqlMapClient2" />
  </bean>

  <bean id="diligencia.ingreso.trasladoCeticoDef"
class="pe.gob.sunat.despaduanero.despacho.especial.ct.model.dao.ibatis.SqlMapTrasladoCeticoDAO">
    <property name="sqlMapClient" ref="diligencia.sqlMapClient2" />
  </bean>

  <bean id="diligencia.ingreso.trasladoSeriesCeticoDef"
class="pe.gob.sunat.despaduanero.despacho.especial.ct.model.dao.ibatis.SqlMapTrasladoSeriesCeticoDAO">
    <property name="sqlMapClient" ref="diligencia.sqlMapClient2" />
  </bean>

    <bean id="diligencia.ingreso.pitTipoPlazosDef"
class="pe.gob.sunat.despaduanero.despacho.entrada.ti.model.dao.ibatis.SqlMapPitTipoPlazosDAO">
    <property name="sqlMapClient" ref="diligencia.sqlMapClient2" />
  </bean>

  <bean id="diligencia.ingreso.notiDudaCabDef"
class="pe.gob.sunat.despaduanero.despacho.model.dao.ibatis.SqlMapNotiDudaCabDAO">
    <property name="sqlMapClient" ref="diligencia.sqlMapClient2" />
  </bean>

  <bean id="diligencia.ingreso.nandTasaDef"
class="pe.gob.sunat.despaduanero2.declaracion.model.dao.ibatis.SqlMapNandTasaDAO">
    <property name="sqlMapClient" ref="diligencia.sqlMapClient2" />
  </bean>

  <bean id="diligencia.ingreso.nandUniDef"
class="pe.gob.sunat.despaduanero2.declaracion.model.dao.ibatis.SqlMapNandUniDAO">
    <property name="sqlMapClient" ref="diligencia.sqlMapClient2" />
  </bean>

  <bean id="diligencia.ingreso.nandinaDef"
class="pe.gob.sunat.despaduanero2.declaracion.model.dao.ibatis.SqlMapNandinaDAO">
    <property name="sqlMapClient" ref="diligencia.sqlMapClient2" />
  </bean>

  <bean id="diligencia.ingreso.tabLibeDef"
class="pe.gob.sunat.despaduanero2.declaracion.model.dao.ibatis.SqlMapTabLibeDAO">
    <property name="sqlMapClient" ref="diligencia.sqlMapClient2" />
  </bean>

  <bean id="diligencia.ingreso.aladlibeDef"
class="pe.gob.sunat.despaduanero2.declaracion.model.dao.ibatis.SqlMapAladlibeDAO">
    <property name="sqlMapClient" ref="diligencia.sqlMapClient2" />
  </bean>

    <bean id="diligencia.ingreso.nandlibeDef" class="pe.gob.sunat.despaduanero2.declaracion.model.dao.ibatis.SqlMapNandlibeDAO">
    <property name="sqlMapClient" ref="diligencia.sqlMapClient2" />
  </bean>

  <bean id="diligencia.ingreso.catRefPartidasDef"
class="pe.gob.sunat.despaduanero2.declaracion.model.dao.ibatis.SqlMapCatRefPartidasDAO">
    <property name="sqlMapClient" ref="diligencia.sqlMapClient2" />
  </bean>

  <bean id="diligencia.ingreso.catRefRucDef"
class="pe.gob.sunat.despaduanero2.declaracion.model.dao.ibatis.SqlMapCatRefRucDAO">
    <property name="sqlMapClient" ref="diligencia.sqlMapClient2" />
  </bean>

    <bean id="diligencia.ingreso.diasUtilesDef"
class="pe.gob.sunat.despaduanero2.model.dao.ibatis.SqlMapDiasUtilesDAO">
    <property name="sqlMapClient" ref="diligencia.sqlMapClient2" />
  </bean>

  <bean id="diligencia.ingreso.sancionOperDAO"
class="pe.gob.sunat.recauda2.genadeudo.model.dao.ibatis.SqlMapSancionOperDAO">
    <property name="sqlMapClient" ref="diligencia.sqlMapClient1" />
  </bean>

  <bean id="diligencia.ingreso.sancionOperDAO_xa"
  class="pe.gob.sunat.recauda2.genadeudo.model.dao.ibatis.SqlMapSancionOperDAO">
    <property name="sqlMapClient" ref="diligencia.sqlMapClient3" />
  </bean>

  <bean id="diligencia.ingreso.conceptoDAO"
  class="pe.gob.sunat.recauda2.genadeudo.model.dao.ibatis.SqlMapConceptoDAO">
    <property name="sqlMapClient" ref="diligencia.sqlMapClient8" />
  </bean>

  <bean id="diligencia.ingreso.multaDuaDAO"
  class="pe.gob.sunat.despaduanero2.multa.model.dao.ibatis.SqlMapMultaDuaDAO">
    <property name="sqlMapClient" ref="diligencia.sqlMapClient3" />
  </bean>

  <bean id="diligencia.ingreso.plazosProcesoDef"
  class="pe.gob.sunat.despaduanero2.declaracion.model.dao.ibatis.SqlMapPlazosProcesoDAO">
    <property name="sqlMapClient" ref="diligencia.sqlMapClient3" />
  </bean>

    <bean id="diligencia.ingreso.tablNewDef"
  class="pe.gob.sunat.despaduanero.catalogo.tg.model.dao.ibatis.SqlMapTablnewDAO">
    <property name="sqlMapClient" ref="diligencia.sqlMapClient4" />
  </bean>

  <bean id="diligencia.ingreso.feriasDef"
  class="pe.gob.sunat.despaduanero.catalogo.tg.model.dao.ibatis.SqlMapFeriasDAO">
    <property name="sqlMapClient" ref="diligencia.sqlMapClient4" />
  </bean>

  <bean id="diligencia.ingreso.pagarantiaDef"
  class="pe.gob.sunat.recauda2.garantia.model.dao.ibatis.SqlMapPagarantiaDAO">
    <property name="sqlMapClient" ref="diligencia.sqlMapClient6" />
  </bean>

    <bean id="diligencia.rectificacion.solicitudDef"
  class="pe.gob.sunat.despaduanero2.model.dao.ibatis.SqlMapSolicitudDAO">
    <property name="sqlMapClient" ref="diligencia.sqlMapClient1" />
  </bean>

  <bean id="diligencia.rectificacion.relacionDocDef"
  class="pe.gob.sunat.despaduanero2.model.dao.ibatis.SqlMapRelacionDocDAO">
    <property name="sqlMapClient" ref="diligencia.sqlMapClient1" />
  </bean>

  <bean id="diligencia.rectificacion.detSolRectiDef"
  class="pe.gob.sunat.despaduanero2.model.dao.ibatis.SqlMapDetSolRectiDAO">
    <property name="sqlMapClient" ref="diligencia.sqlMapClient1" />
  </bean>

  <bean id="diligencia.rectificacion.opeComExtDef"
  class="pe.gob.sunat.despaduanero2.declaracion.model.dao.ibatis.SqlMapOpeComExtDAO">
    <property name="sqlMapClient" ref="diligencia.sqlMapClient2" />
  </bean>

  <bean id="diligencia.rectificacion.direcepDef"
  class="pe.gob.sunat.despaduanero2.declaracion.model.dao.ibatis.SqlMapDirecepDAO">
    <property name="sqlMapClient" ref="diligencia.sqlMapClient2" />
  </bean>


  <bean id="diligencia.rectificacion.catCasillaFormatoDef"
  class="pe.gob.sunat.despaduanero2.model.dao.ibatis.SqlMapCatCasillaFormatoDAO">
    <property name="sqlMapClient" ref="diligencia.sqlMapClient1" />
  </bean>

  <bean id="diligencia.rectificacion.ctUsuariosDef"
  class="pe.gob.sunat.despaduanero2.declaracion.model.dao.ibatis.SqlMapCTUsuariosDAO">
    <property name="sqlMapClient" ref="diligencia.sqlMapClient2" />
  </bean>

  <bean id="diligencia.rectificacion.cabAdiImpoConsuDef"
  class="pe.gob.sunat.despaduanero2.declaracion.model.dao.ibatis.SqlMapCabAdiImpoConsuDAO">
    <property name="sqlMapClient" ref="diligencia.sqlMapClient1" />
  </bean>

  <bean id="diligencia.rectificacion.cabAdiImpoConsuDef_xa"
  class="pe.gob.sunat.despaduanero2.declaracion.model.dao.ibatis.SqlMapCabAdiImpoConsuDAO">
    <property name="sqlMapClient" ref="diligencia.sqlMapClient3" />
  </bean>

  <!-- rtineo mejoras, grabacion en batch -->
  <bean id="diligencia.rectificacion.cabAdiImpoConsuBatchDef_xa" 
  class="pe.gob.sunat.despaduanero2.declaracion.model.dao.ibatis.SqlMapCabAdiImpoConsuBatchDAO">
	<property name="sqlMapClient" ref="diligencia.sqlMapClient3" />
  </bean>
  <!-- rtineo mejoras, fin -->
  
  <bean id="diligencia.rectificacion.detAdiAtreexDef"
  class="pe.gob.sunat.despaduanero2.declaracion.model.dao.ibatis.SqlMapDetAdiAtreexDAO">
    <property name="sqlMapClient" ref="diligencia.sqlMapClient1" />
  </bean>

   <bean id="diligencia.rectificacion.detAdiAtreexDef_xa"
  class="pe.gob.sunat.despaduanero2.declaracion.model.dao.ibatis.SqlMapDetAdiAtreexDAO">
    <property name="sqlMapClient" ref="diligencia.sqlMapClient3" />
  </bean>

  <!-- rtineo mejoras, grabado en batch -->
   <bean id="diligencia.rectificacion.detAdiAtreexBatchDef_xa"
  class="pe.gob.sunat.despaduanero2.declaracion.model.dao.ibatis.SqlMapDetAdiAtreexBatchDAO">
    <property name="sqlMapClient" ref="diligencia.sqlMapClient3" />
  </bean>
  <!-- rtineo mejoras, grabado en batch fin -->
  
  <bean id="diligencia.rectificacion.detAdiImpoconsuDef"
  class="pe.gob.sunat.despaduanero2.declaracion.model.dao.ibatis.SqlMapDetAdiImpoconsuDAO">
    <property name="sqlMapClient" ref="diligencia.sqlMapClient1" />
  </bean>

  <bean id="diligencia.rectificacion.detAdiImpoconsuDef_xa"
class="pe.gob.sunat.despaduanero2.declaracion.model.dao.ibatis.SqlMapDetAdiImpoconsuDAO">
    <property name="sqlMapClient" ref="diligencia.sqlMapClient3" />
  </bean>

  <!-- rtineo mejoras, grabado en batch -->
  <bean id="diligencia.rectificacion.detAdiImpoconsuBatchDef_xa"
class="pe.gob.sunat.despaduanero2.declaracion.model.dao.ibatis.SqlMapDetAdiImpoconsuBatchDAO">
    <property name="sqlMapClient" ref="diligencia.sqlMapClient3" />
  </bean>  
  <!-- rtineo, fin-->
  
  <bean id="diligencia.rectificacion.detAdiAtpaDef_xa"
class="pe.gob.sunat.despaduanero2.declaracion.model.dao.ibatis.SqlMapDetAdiAtpaDAO">
    <property name="sqlMapClient" ref="diligencia.sqlMapClient3" />
  </bean>
        	  	  	  	<!-- rtineo mejoras, grabacion en batch -->
  <bean id="diligencia.rectificacion.detAdiAtpaBatchDef_xa"
class="pe.gob.sunat.despaduanero2.declaracion.model.dao.ibatis.SqlMapDetAdiAtpaBatchDAO">
    <property name="sqlMapClient" ref="diligencia.sqlMapClient3" />
  </bean>	
	<!-- rtineo fin-->
	
      <bean id="diligencia.rectificacion.facturaSerieDef"
  class="pe.gob.sunat.despaduanero2.declaracion.model.dao.ibatis.SqlMapFacturaSerieDAO">
    <property name="sqlMapClient" ref="diligencia.sqlMapClient1" />
  </bean>

  <bean id="diligencia.rectificacion.facturaSerieDef_xa"
  class="pe.gob.sunat.despaduanero2.declaracion.model.dao.ibatis.SqlMapFacturaSerieDAO">
    <property name="sqlMapClient" ref="diligencia.sqlMapClient3" />
  </bean>

  <!-- rtineo mejoras, grabacion en batch -->
   <bean id="diligencia.rectificacion.facturaSerieBatchDef_xa"
  class="pe.gob.sunat.despaduanero2.declaracion.model.dao.ibatis.SqlMapFacturaSerieBatchDAO">
    <property name="sqlMapClient" ref="diligencia.sqlMapClient3" />
  </bean> 
  <!-- rtineo fin-->
  
  <bean id="declaracion.cambio1DAO"
  class="pe.gob.sunat.despaduanero2.declaracion.model.dao.ibatis.SqlMapCambio1DAO">
    <property name="sqlMapClient" ref="diligencia.sqlMapClient2" />
  </bean>

  <bean id="ebd1prov1Def"
  class="pe.gob.sunat.recauda2.ctrlpago.model.dao.ibatis.SqlMapEbd1prov1DAO">
    <property name="sqlMapClient" ref="diligencia.sqlMapClient8"/>
  </bean>

  <bean id="ebd1provDef"
  class="pe.gob.sunat.recauda2.ctrlpago.model.dao.ibatis.SqlMapEbd1provDAO">
    <property name="sqlMapClient" ref="diligencia.sqlMapClient8"/>
  </bean>


  <bean id="ebd1CduiDef"
  class="pe.gob.sunat.recauda2.ctrlpago.model.dao.ibatis.SqlMapEbd1cduiDAO">
    <property name="sqlMapClient" ref="diligencia.sqlMapClient8"/>
  </bean>


 <bean id="diligencia.rectificacion.formaFactuDef"
  class="pe.gob.sunat.despaduanero2.declaracion.model.dao.ibatis.SqlMapFormaFactuDAO">
    <property name="sqlMapClient" ref="diligencia.sqlMapClient1" />
 </bean>

 <bean id="diligencia.rectificacion.formaFactuDef_xa"
  class="pe.gob.sunat.despaduanero2.declaracion.model.dao.ibatis.SqlMapFormaFactuDAO">
    <property name="sqlMapClient" ref="diligencia.sqlMapClient3" />
 </bean>

 <bean id="diligencia.rectificacion.dfrecdocDef"
  class="pe.gob.sunat.despaduanero2.declaracion.model.dao.ibatis.SqlMapDfrecdocDAO">
    <property name="sqlMapClient" ref="diligencia.sqlMapClient2" />
 </bean>
 <bean id="diligencia.rectificacion.sdrecepDef"
  class="pe.gob.sunat.despaduanero2.declaracion.model.dao.ibatis.SqlMapSdrecepDAO">
    <property name="sqlMapClient" ref="diligencia.sqlMapClient2" />
 </bean>

 <bean id="detAdiImpoconsuDAO" class="pe.gob.sunat.despaduanero2.declaracion.model.dao.ibatis.SqlMapDetAdiImpoconsuDAO" parent="declaracion.daoBase.prpp11g" />
  <bean id="detAdiAtpaDAO" class="pe.gob.sunat.despaduanero2.declaracion.model.dao.ibatis.SqlMapDetAdiAtpaDAO" parent="declaracion.daoBase.prpp11g" />
  <bean id="detAdiAtreexDAO" class="pe.gob.sunat.despaduanero2.declaracion.model.dao.ibatis.SqlMapDetAdiAtreexDAO" parent="declaracion.daoBase.prpp11g" />



<bean id="diligencia.ingreso.DetAdiAtpaDAO" class="pe.gob.sunat.despaduanero2.declaracion.model.dao.ibatis.SqlMapDetAdiAtpaDAO">
   <property name="sqlMapClient" ref="diligencia.sqlMapClient3" />
 </bean>

  <bean id="diligencia.ingreso.espeDispoDef" class="pe.gob.sunat.despaduanero2.asignacion.model.dao.ibatis.SqlMapEspeDispoDAO">
      <property name="sqlMapClient" ref="diligencia.sqlMapClient1" />
  </bean>

  <bean id="diligencia.ingreso.datadoDef"
    class="pe.gob.sunat.despaduanero2.manifiesto.model.dao.ibatis.SqlMapDatadoDAO" >
        <property name="sqlMapClient"><ref local="diligencia.sqlMapClient1"/></property>
  </bean>

  <bean id="diligencia.ingreso.cabAdjImpoconsuDef_xa"
    class="pe.gob.sunat.despaduanero2.declaracion.model.dao.ibatis.SqlMapCabAdjImpoconsuDAO">
      <property name="sqlMapClient" ref="diligencia.sqlMapClient3" />
  </bean>

<bean id="movNGarantiaDef"
  class="pe.gob.sunat.recauda2.garantia.model.dao.ibatis.SqlMapMovNGarantiaDAO">
  <property name="sqlMapClient" ref="diligencia.sqlMapClient8" />
</bean>


  <bean id="declaranDAO" class="pe.gob.sunat.despaduanero2.declaracion.model.dao.ibatis.SqlMapDeclaranDAO">
      <property name="sqlMapClient" ref="diligencia.sqlMapClient8" />
  </bean>


   <bean id="diligencia.rectificacion.factuSuceDAODef" class="pe.gob.sunat.despaduanero2.declaracion.model.dao.ibatis.SqlMapFactuSuceDAO">
    <property name="sqlMapClient" ref="diligencia.sqlMapClient1" />
   </bean>

   <bean id="diligencia.rectificacion.factuSuceDAODef_xa" class="pe.gob.sunat.despaduanero2.declaracion.model.dao.ibatis.SqlMapFactuSuceDAO">
    <property name="sqlMapClient" ref="diligencia.sqlMapClient3" />
   </bean>

   <!-- rtineo mejoras, grabacion en batch -->
   <bean id="diligencia.rectificacion.factuSuceBatchDAODef_xa" class="pe.gob.sunat.despaduanero2.declaracion.model.dao.ibatis.SqlMapFactuSuceBatchDAO">
    <property name="sqlMapClient" ref="diligencia.sqlMapClient3" />
   </bean>
   <!-- rtineo mejoras, grabacion en batch -->
   
   <bean id="diligencia.rectificacion.vehiCeticoDAODef"
  class="pe.gob.sunat.despaduanero2.declaracion.model.dao.ibatis.SqlMapVehiCeticoDAO">
    <property name="sqlMapClient" ref="diligencia.sqlMapClient1" />
   </bean>

   <bean id="diligencia.rectificacion.vehiCeticoDAODef_xa"
  class="pe.gob.sunat.despaduanero2.declaracion.model.dao.ibatis.SqlMapVehiCeticoDAO">
    <property name="sqlMapClient" ref="diligencia.sqlMapClient3" />
   </bean>
               <!-- rtineo mejoras, grabacion en batch -->
   <bean id="diligencia.rectificacion.vehiCeticoBatchDAODef_xa"
  class="pe.gob.sunat.despaduanero2.declaracion.model.dao.ibatis.SqlMapVehiCeticoBatchDAO">
    <property name="sqlMapClient" ref="diligencia.sqlMapClient3" />
   </bean>
   <!-- rtineo mejoras, fin-->
   
   <bean id="diligencia.ingreso.finUbicacionDef_xa" class="pe.gob.sunat.despaduanero2.declaracion.model.dao.ibatis.SqlMapFinUbicacionDAO">
      <property name="sqlMapClient" ref="diligencia.sqlMapClient3" />
  </bean>


<!-- rtineo mejoras, grabacion en batch -->
   <bean id="diligencia.ingreso.finUbicacionBatchDef_xa" class="pe.gob.sunat.despaduanero2.declaracion.model.dao.ibatis.SqlMapFinUbicacionBatchDAO">
      <property name="sqlMapClient" ref="diligencia.sqlMapClient3" />
  </bean>
  <!-- rtineo mejoras, fin-->
  
  <bean id="diligencia.ingreso.vehiCeticoDAODef" class="pe.gob.sunat.despaduanero2.declaracion.model.dao.ibatis.SqlMapVehiCeticoDAO">
      <property name="sqlMapClient" ref="diligencia.sqlMapClient3" />
  </bean>

  <bean id="diligencia.ingreso.montoGastoDAODef"     class="pe.gob.sunat.despaduanero2.declaracion.model.dao.ibatis.SqlMapMontoGastoDAO">
      <property name="sqlMapClient" ref="diligencia.sqlMapClient3" />
  </bean>

  <bean id="diligencia.rectificacionOficio.fnValidarMedidaPreventiva"
         class="pe.gob.sunat.prevcontrabando2.operativo.model.dao.ibatis.SqlMapFnValidarMedidaPreventivaDAO"
         parent="diligencia.daoBase.pram1">
  </bean>

   <bean id="diligencia.rectificacionOficio.TmpDetOfiRectiDAO_xa" class="pe.gob.sunat.despaduanero2.declaracion.model.dao.ibatis.SqlMapTmpDetOfiRectiDAO">
    <property name="sqlMapClient" ref="diligencia.sqlMapClient3" />
  </bean>

  <bean id="diligencia.rectificacionOficio.TmpDetOfiRectiDAO" class="pe.gob.sunat.despaduanero2.declaracion.model.dao.ibatis.SqlMapTmpDetOfiRectiDAO">
    <property name="sqlMapClient" ref="diligencia.sqlMapClient3" />
  </bean>

  <bean id="diligencia.ingreso.resCabDef" class="pe.gob.sunat.administracion2.tramite.model.dao.ibatis.SqlMapResCabDAO">
    <property name="sqlMapClient" ref="sqlMapClient.ds.prpp1" />
    </bean>

  <bean id="diligencia.ingreso.tabDepDef" class="pe.gob.sunat.administracion2.tramite.model.dao.ibatis.SqlMapTabDepDAO">
    <property name="sqlMapClient" ref="sqlMapClient.ds.prpp1" />
  </bean>
  <bean id="diligencia.ingreso.facturaSerieDef" class="pe.gob.sunat.despaduanero2.declaracion.model.dao.ibatis.SqlMapFacturaSerieDAO">
    <property name="sqlMapClient" ref="diligencia.sqlMapClient3" />
  </bean>


  <bean id="diligencia.ingreso.resPimDef" class="pe.gob.sunat.despaduanero2.declaracion.model.dao.ibatis.SqlMapResSpimDAO">
    <property name="sqlMapClient" ref="diligencia.sqlMapClient2" />
  </bean>

<!-- olunar 873 - Verificar si está en asignacion-sharelib 
	<bean id="asignacion.espeDespaDAO"  class="pe.gob.sunat.despaduanero2.asignacion.model.dao.ibatis.SqlMapEspeDespaDAO">
		<property name="sqlMapClient" ref="sqlMapClient1"/>
	</bean>
	<bean id="asignacion.catEmpleadoDAO"  class="pe.gob.sunat.despaduanero2.asignacion.model.dao.ibatis.SqlMapCatEmpleadoDAO">
		<property name="sqlMapClient" ref="sqlMapClient7"/>
	</bean>

	
	<bean id="diligencia.espeDispoDAO"  class="pe.gob.sunat.despaduanero2.asignacion.model.dao.ibatis.SqlMapEspeDispoDAO">
		<property name="sqlMapClient" ref="sqlMapClient1"/>
	</bean>
	
	<bean id="asignacion.catTurnoDAO"  class="pe.gob.sunat.despaduanero2.asignacion.model.dao.ibatis.SqlMapCatTurnoDAO">
		<property name="sqlMapClient" ref="sqlMapClient1"/>
	</bean>	
	 -->
  <!-- branch 2013-046 cpuente -->
<!--RIN13FSW-INICIO-->
<!-- Se comenta porque ya está declarado en el sharedlib de asignación gmontoya -->
<!-- <bean id="asignacion.espeDespaDAO"  class="pe.gob.sunat.despaduanero2.asignacion.model.dao.ibatis.SqlMapEspeDespaDAO">
		<property name="sqlMapClient" ref="sqlMapClient1"/>
	</bean>
	<bean id="asignacion.catEmpleadoDAO"  class="pe.gob.sunat.despaduanero2.asignacion.model.dao.ibatis.SqlMapCatEmpleadoDAO">
		<property name="sqlMapClient" ref="sqlMapClient7"/>
	</bean>
-->
	
<!-- branch 2013-046 cpuente -->
<!--RIN13FSW-FIN-->	<bean id="diligencia.espeDispoDAO"  class="pe.gob.sunat.despaduanero2.asignacion.model.dao.ibatis.SqlMapEspeDispoDAO">
		<property name="sqlMapClient" ref="diligencia.sqlMapClient1"/>
	</bean>
   <bean id="diligencia.movCalcTributoDAO" class="pe.gob.sunat.recauda2.genadeudo.model.dao.ibatis.SqlMapMovCalctributoDAO">
    <property name="sqlMapClient" ref="diligencia.sqlMapClient2" />
  </bean>
<!--  fin cpuente -->    
<!--INICIO-RIN13-->

<bean id="diligencia.ingreso.soliSubsanacionDef" class="pe.gob.sunat.despaduanero2.diligencia.ingreso.model.dao.ibatis.SqlMapSoliSubsanacionDAO">
    	<property name="sqlMapClient" ref="diligencia.sqlMapClient1" />
  	</bean>
  	
	<bean id="diligencia.ingreso.soliSubsanacionDefXA" class="pe.gob.sunat.despaduanero2.diligencia.ingreso.model.dao.ibatis.SqlMapSoliSubsanacionDAO">
    	<property name="sqlMapClient" ref="diligencia.sqlMapClient3" />
  	</bean>
<!--FIN-RIN13-->
<!-- RIN13 SWF -->
<bean id="diligencia.ingreso.uit"
class="pe.gob.sunat.despaduanero2.declaracion.model.dao.ibatis.SqlMapUitDAO">
    <property name="sqlMapClient"  ref="sqlMapClient.ds.pram1"/>
  </bean>

	<!-- P34-3014-INICIO --><bean id="receptor.formatob.reglaConversionDao" class="pe.gob.sunat.tecnologia.receptor.model.dao.ibatis.SqlMapReglaConversionDAO">
		<property name="sqlMapClient" ref="receptor.formatob.sqlMapClient" />	</bean>
	<!-- P34-3014-FIN -->

</beans>
