<?xml version="1.0" encoding="UTF-8"?>
<!DOCTYPE sqlMapConfig PUBLIC "-//iBATIS.com//DTD SQL Map Config 2.0//EN"
    "http://www.ibatis.com/dtd/sql-map-config-2.dtd">

<sqlMapConfig>
  <settings cacheModelsEnabled="true" enhancementEnabled="true" useStatementNamespaces="true" maxSessions="64"
    maxTransactions="8" maxRequests="128" />

  <sqlMap resource="pe/gob/sunat/despaduanero/catalogo/tg/model/dao/ibatis/maps/ttablnew.xml" />
  <sqlMap resource="pe/gob/sunat/despaduanero/catalogo/tg/model/dao/ibatis/maps/Ferias.xml" />
  <sqlMap resource="pe/gob/sunat/despaduanero/despacho/entrada/di/model/dao/ibatis/maps/estabnoapto.xml" />

  <sqlMap resource="pe/gob/sunat/despaduanero2/declaracion/model/dao/ibatis/maps/canales.xml" />
  <sqlMap resource="pe/gob/sunat/despaduanero2/declaracion/model/dao/ibatis/maps/declaran.xml" />
  <sqlMap resource="pe/gob/sunat/despaduanero2/seleccion/model/dao/ibatis/maps/tfraudes.xml" />

  <sqlMap resource="pe/gob/sunat/prevcontrabando2/operativo/model/dao/ibatis/maps/cabacta.xml" />
  <sqlMap resource="pe/gob/sunat/prevcontrabando2/operativo/model/dao/ibatis/maps/datauxacta.xml" />

  <sqlMap resource="pe/gob/sunat/recauda2/garantia/model/dao/ibatis/maps/Pagarantia.xml" />
  <sqlMap resource="pe/gob/sunat/recauda2/garantia/model/dao/ibatis/maps/movngarantia.xml" />

  <sqlMap resource="pe/gob/sunat/recauda2/genadeudo/model/dao/ibatis/maps/concepto.xml" />

  <sqlMap resource="pe/gob/sunat/recauda2/ctrlpago/model/dao/ibatis/maps/ebd1prov.xml" />
  <sqlMap resource="pe/gob/sunat/recauda2/ctrlpago/model/dao/ibatis/maps/ebd1prov1.xml" />
  <sqlMap resource="pe/gob/sunat/recauda2/ctrlpago/model/dao/ibatis/maps/ebd1cdui.xml" />

<sqlMap resource="pe/gob/sunat/prevcontrabando2/operativo/model/dao/ibatis/maps/movduasactas.xml" />
<sqlMap resource="pe/gob/sunat/prevcontrabando2/operativo/model/dao/ibatis/maps/movmanifiestosactas.xml"/>

</sqlMapConfig>