<?xml version="1.0" encoding="UTF-8"?>
<!DOCTYPE sqlMapConfig PUBLIC "-//iBATIS.com//DTD SQL Map Config 2.0//EN"
    "http://www.ibatis.com/dtd/sql-map-config-2.dtd">

<sqlMapConfig>
  <settings cacheModelsEnabled="true" enhancementEnabled="true" useStatementNamespaces="true"
    maxSessions="64" maxTransactions="8" maxRequests="128" />

  <sqlMap resource="pe/gob/sunat/despaduanero2/asignacion/model/dao/ibatis/maps/EspeDocu.xml" />
  <sqlMap resource="pe/gob/sunat/despaduanero2/asignacion/model/dao/ibatis/maps/EspeDispo.xml" />
  <sqlMap resource="pe/gob/sunat/despaduanero2/asignacion/model/dao/ibatis/maps/EspeDespa.xml" />

<sqlMap resource="pe/gob/sunat/despaduanero2/declaracion/model/dao/ibatis/maps/CabDeclara.xml" />
  <sqlMap resource="pe/gob/sunat/despaduanero2/declaracion/model/dao/ibatis/maps/DetDeclara.xml" />
  <sqlMap resource="pe/gob/sunat/despaduanero2/declaracion/model/dao/ibatis/maps/comprob_pago.xml" />
  <sqlMap resource="pe/gob/sunat/despaduanero2/declaracion/model/dao/ibatis/maps/CabCertiOrigen.xml" />
  <sqlMap resource="pe/gob/sunat/despaduanero2/declaracion/model/dao/ibatis/maps/deudadocum.xml" />
  <sqlMap resource="pe/gob/sunat/despaduanero2/declaracion/model/dao/ibatis/maps/IndicadorDua.xml" />
  <sqlMap resource="pe/gob/sunat/despaduanero2/declaracion/model/dao/ibatis/maps/observacion.xml" />
  <sqlMap resource="pe/gob/sunat/despaduanero2/declaracion/model/dao/ibatis/maps/DetPagodua.xml" />
  <sqlMap resource="pe/gob/sunat/despaduanero2/declaracion/model/dao/ibatis/maps/itemfactura.xml" />
  <sqlMap resource="pe/gob/sunat/despaduanero2/declaracion/model/dao/ibatis/maps/series_item.xml" />
  <sqlMap resource="pe/gob/sunat/despaduanero2/declaracion/model/dao/ibatis/maps/DocuPreceDua.xml" />
  <sqlMap resource="pe/gob/sunat/despaduanero2/declaracion/model/dao/ibatis/maps/formbproveedor.xml" />
  <sqlMap resource="pe/gob/sunat/despaduanero2/declaracion/model/dao/ibatis/maps/formbmonto.xml" />
  <sqlMap resource="pe/gob/sunat/despaduanero2/declaracion/model/dao/ibatis/maps/formbitemdescri.xml" />
  <sqlMap resource="pe/gob/sunat/despaduanero2/declaracion/model/dao/ibatis/maps/condicion_transa.xml" />
  <sqlMap resource="pe/gob/sunat/despaduanero2/declaracion/model/dao/ibatis/maps/forma_factu.xml" />
  <sqlMap resource="pe/gob/sunat/despaduanero2/declaracion/model/dao/ibatis/maps/det_autorizacion.xml" />
  <sqlMap resource="pe/gob/sunat/despaduanero2/declaracion/model/dao/ibatis/maps/rectioficio.xml" />
  <sqlMap resource="pe/gob/sunat/despaduanero2/declaracion/model/dao/ibatis/maps/DocAutAsociado.xml" />
  <sqlMap resource="pe/gob/sunat/despaduanero2/declaracion/model/dao/ibatis/maps/plazosproceso.xml" />
  <sqlMap resource="pe/gob/sunat/despaduanero2/declaracion/model/dao/ibatis/maps/cabdeuda.xml" />
  <sqlMap resource="pe/gob/sunat/despaduanero2/declaracion/model/dao/ibatis/maps/DetDeuda.xml" />
  <sqlMap resource="pe/gob/sunat/despaduanero2/declaracion/model/dao/ibatis/maps/cabadiadmtem.xml" />
  <sqlMap resource="pe/gob/sunat/despaduanero2/declaracion/model/dao/ibatis/maps/cabadiimpoconsu.xml" />
  <sqlMap resource="pe/gob/sunat/despaduanero2/declaracion/model/dao/ibatis/maps/DetAdiAtreex.xml" />
  <sqlMap resource="pe/gob/sunat/despaduanero2/declaracion/model/dao/ibatis/maps/DetAdiImpoconsu.xml" />
  <sqlMap resource="pe/gob/sunat/despaduanero2/declaracion/model/dao/ibatis/maps/factura_serie.xml" />
  <sqlMap resource="pe/gob/sunat/despaduanero2/declaracion/model/dao/ibatis/maps/FinUbicacion.xml" />
  <sqlMap resource="pe/gob/sunat/despaduanero2/declaracion/model/dao/ibatis/maps/estadodoc.xml" />
  <sqlMap resource="pe/gob/sunat/despaduanero2/declaracion/model/dao/ibatis/maps/ConvenioSerie.xml" />
  <sqlMap resource="pe/gob/sunat/despaduanero2/declaracion/model/dao/ibatis/maps/opecomext.xml" />
  <sqlMap resource="pe/gob/sunat/despaduanero2/declaracion/model/dao/ibatis/maps/DetAdiAtpa.xml" />
  <sqlMap resource="pe/gob/sunat/despaduanero2/declaracion/model/dao/ibatis/maps/CabAdjImpoconsu.xml" />
  <sqlMap resource="pe/gob/sunat/despaduanero2/declaracion/model/dao/ibatis/maps/VehiCetico.xml" />
  <sqlMap resource="pe/gob/sunat/despaduanero2/declaracion/model/dao/ibatis/maps/montogasto.xml" />
  <sqlMap resource="pe/gob/sunat/despaduanero2/declaracion/model/dao/ibatis/maps/factusuce.xml" />

  <sqlMap resource="pe/gob/sunat/despaduanero2/model/dao/ibatis/maps/CabSolrecti.xml" />
  <sqlMap resource="pe/gob/sunat/despaduanero2/model/dao/ibatis/maps/detsolrecti.xml" />
  <sqlMap resource="pe/gob/sunat/despaduanero2/model/dao/ibatis/maps/relaciondoc.xml" />
  <sqlMap resource="pe/gob/sunat/despaduanero2/model/dao/ibatis/maps/solicitud.xml" />
  <sqlMap resource="pe/gob/sunat/despaduanero2/model/dao/ibatis/maps/catcasillaformato.xml" />
  <sqlMap resource="pe/gob/sunat/despaduanero2/model/dao/ibatis/maps/PARTICIPANTEDOC.xml" />

  <sqlMap resource="pe/gob/sunat/despaduanero2/manifiesto/model/dao/ibatis/maps/EQUIPAMIENTO.xml" />

  <sqlMap resource="pe/gob/sunat/despaduanero2/manifiesto/model/dao/ibatis/maps/PRECINTO.xml" />
  
  <sqlMap resource="pe/gob/sunat/despaduanero2/manifiesto/model/dao/ibatis/maps/MOVEQUIPAMIENTO.xml" />

  <sqlMap resource="pe/gob/sunat/despaduanero2/diligencia/ingreso/model/dao/ibatis/maps/cabdiligencia.xml" />
  <sqlMap resource="pe/gob/sunat/despaduanero2/diligencia/ingreso/model/dao/ibatis/maps/InciEvento.xml" />
  <sqlMap resource="pe/gob/sunat/despaduanero2/diligencia/ingreso/model/dao/ibatis/maps/detincidencia.xml" />
  <sqlMap resource="pe/gob/sunat/despaduanero2/diligencia/ingreso/model/dao/ibatis/maps/mediotrans.xml" />
    <sqlMap resource="pe/gob/sunat/despaduanero2/diligencia/ingreso/model/dao/ibatis/maps/referenciaduda.xml" />
  <sqlMap resource="pe/gob/sunat/despaduanero2/diligencia/ingreso/model/dao/ibatis/maps/comunicacion.xml" />
  <sqlMap resource="pe/gob/sunat/despaduanero2/diligencia/ingreso/model/dao/ibatis/maps/Consulta.xml" />
  <sqlMap resource="pe/gob/sunat/despaduanero2/diligencia/ingreso/model/dao/ibatis/maps/CabAdiDiligVinc.xml" />
<!--INICIO-RIN13-->
<sqlMap resource="pe/gob/sunat/despaduanero2/diligencia/ingreso/model/dao/ibatis/maps/solisubsanacion.xml" />
<!--FIN-RIN13-->
  <sqlMap resource="pe/gob/sunat/despaduanero2/manifiesto/model/dao/ibatis/maps/DATADO.xml" />
  <sqlMap resource="pe/gob/sunat/despaduanero2/manifiesto/model/dao/ibatis/maps/CabManifiesto.xml" />
  <sqlMap resource="pe/gob/sunat/despaduanero2/manifiesto/model/dao/ibatis/maps/DocuTrans.xml" />

  <sqlMap resource="pe/gob/sunat/despaduanero2/multa/model/dao/ibatis/maps/multadua.xml" />

  <sqlMap resource="pe/gob/sunat/despaduanero2/seleccion/model/dao/ibatis/maps/tcabtipoaforodeclara.xml" />

  <sqlMap resource="pe/gob/sunat/framework/spring/util/dao/ibatis/maps/Sequence.xml" />

  <sqlMap resource="pe/gob/sunat/recauda2/genadeudo/model/dao/ibatis/maps/sancionoper.xml" />

<sqlMap resource="pe/gob/sunat/despaduanero2/declaracion/model/dao/ibatis/maps/tmpdetofirecti.xml"/>


<!-- P14 - 3014 - Inicio - dhernandezv -->
	
	<sqlMap resource="pe/gob/sunat/despaduanero2/diligencia/ingreso/model/dao/ibatis/maps/detComunicacion.xml" />
	
	<!-- P14 - 3014 - Fin - dhernandezv -->

	<!-- P34-INICIO -->	<sqlMap resource="pe/gob/sunat/tecnologia/receptor/model/dao/ibatis/maps/regla_conversion.xml" />	<!-- P34-FIN -->

</sqlMapConfig>

