<?xml version="1.0" encoding="UTF-8"?>
<!DOCTYPE sqlMapConfig PUBLIC "-//iBATIS.com//DTD SQL Map Config 2.0//EN"
    "http://www.ibatis.com/dtd/sql-map-config-2.dtd">

<sqlMapConfig>
  <settings cacheModelsEnabled="true" enhancementEnabled="true" useStatementNamespaces="true" maxSessions="64"
    maxTransactions="8" maxRequests="128" />

  <sqlMap resource="pe/gob/sunat/administracion2/tramite/model/dao/ibatis/maps/expedi.xml" />

  <sqlMap resource="pe/gob/sunat/despaduanero/catalogo/tg/model/dao/ibatis/maps/calculadia.xml" />
  <sqlMap resource="pe/gob/sunat/despaduanero/despacho/model/dao/ibatis/maps/odepocab.xml" />
  <sqlMap resource="pe/gob/sunat/despaduanero/despacho/entrada/ti/model/dao/ibatis/maps/pittipoplazos.xml" />
  <sqlMap resource="pe/gob/sunat/despaduanero/despacho/model/dao/ibatis/maps/notidudacab.xml" />
  <sqlMap resource="pe/gob/sunat/despaduanero/despacho/entrada/sd/model/dao/ibatis/maps/polizad.xml" />
  <sqlMap resource="pe/gob/sunat/despaduanero/despacho/entrada/sd/model/dao/ibatis/maps/seriesd.xml" />
  <sqlMap resource="pe/gob/sunat/despaduanero/despacho/entrada/sd/model/dao/ibatis/maps/depocta.xml" />
  <sqlMap resource="pe/gob/sunat/despaduanero/despacho/entrada/ti/model/dao/ibatis/maps/ritpit.xml" />
  <sqlMap resource="pe/gob/sunat/despaduanero/despacho/entrada/ti/model/dao/ibatis/maps/ritser.xml" />
  <sqlMap resource="pe/gob/sunat/despaduanero/despacho/entrada/ti/model/dao/ibatis/maps/ritcc.xml" />
  <sqlMap resource="pe/gob/sunat/despaduanero/despacho/especial/ct/model/dao/ibatis/maps/trasladocetico.xml" />
  <sqlMap resource="pe/gob/sunat/despaduanero/despacho/especial/ct/model/dao/ibatis/maps/trasladoseriescetico.xml" />

  <sqlMap resource="pe/gob/sunat/despaduanero2/declaracion/model/dao/ibatis/maps/NANDTASA.xml" />
  <sqlMap resource="pe/gob/sunat/despaduanero2/declaracion/model/dao/ibatis/maps/nandina.xml" />
  <sqlMap resource="pe/gob/sunat/despaduanero2/declaracion/model/dao/ibatis/maps/NANDUNI.xml" />
  <sqlMap resource="pe/gob/sunat/despaduanero2/declaracion/model/dao/ibatis/maps/tablibe.xml" />
  <sqlMap resource="pe/gob/sunat/despaduanero2/declaracion/model/dao/ibatis/maps/aladlibe.xml" />
  <sqlMap resource="pe/gob/sunat/despaduanero2/declaracion/model/dao/ibatis/maps/nandlibe.xml" />
  <sqlMap resource="pe/gob/sunat/despaduanero2/declaracion/model/dao/ibatis/maps/Expedi.xml" />
  <sqlMap resource="pe/gob/sunat/despaduanero2/declaracion/model/dao/ibatis/maps/canales.xml" />
  <sqlMap resource="pe/gob/sunat/despaduanero2/declaracion/model/dao/ibatis/maps/cat_refpartidas.xml" />
  <sqlMap resource="pe/gob/sunat/despaduanero2/declaracion/model/dao/ibatis/maps/CATREFRUC.xml" />
  <sqlMap resource="pe/gob/sunat/despaduanero2/declaracion/model/dao/ibatis/maps/cabimportfrec.xml" />
  <sqlMap resource="pe/gob/sunat/despaduanero2/declaracion/model/dao/ibatis/maps/Direcep.xml" />
  <sqlMap resource="pe/gob/sunat/despaduanero2/declaracion/model/dao/ibatis/maps/opecomext.xml" />
  <sqlMap resource="pe/gob/sunat/despaduanero2/declaracion/model/dao/ibatis/maps/CTUSUARIOS.xml" />
  <sqlMap resource="pe/gob/sunat/despaduanero2/declaracion/model/dao/ibatis/maps/Cambio1.xml" />
  <sqlMap resource="pe/gob/sunat/despaduanero2/declaracion/model/dao/ibatis/maps/Dfrecdoc.xml" />
  <sqlMap resource="pe/gob/sunat/despaduanero2/declaracion/model/dao/ibatis/maps/Sdrecep.xml" />
  <sqlMap resource="pe/gob/sunat/despaduanero2/declaracion/model/dao/ibatis/maps/SPGeneral.xml" />
  <sqlMap resource="pe/gob/sunat/despaduanero2/diligencia/ingreso/model/dao/ibatis/maps/TabBolQuim.xml" />
  <sqlMap resource="pe/gob/sunat/despaduanero2/model/dao/ibatis/maps/DiasUtiles.xml" />

  <sqlMap resource="pe/gob/sunat/recauda2/genadeudo/model/dao/ibatis/maps/liquida.xml" />
  <sqlMap resource="pe/gob/sunat/recauda2/genadeudo/model/dao/ibatis/maps/Detaliq.xml" />
  <sqlMap resource="pe/gob/sunat/recauda2/genadeudo/model/dao/ibatis/maps/CabDocliq.xml" />
  <sqlMap resource="pe/gob/sunat/recauda2/genadeudo/model/dao/ibatis/maps/DetDocliq.xml" />
  <sqlMap resource="pe/gob/sunat/recauda2/genadeudo/model/dao/ibatis/maps/MovCabliqdilig.xml" />
  <sqlMap resource="pe/gob/sunat/recauda2/genadeudo/model/dao/ibatis/maps/MovLiqdilig.xml" />
  <sqlMap resource="pe/gob/sunat/recauda2/genadeudo/model/dao/ibatis/maps/Prepolpeco.xml" />
  <sqlMap resource="pe/gob/sunat/recauda2/genadeudo/model/dao/ibatis/maps/Preserpeco.xml" />
  <sqlMap resource="pe/gob/sunat/recauda2/genadeudo/model/dao/ibatis/maps/Preserdcigv.xml" />
  <sqlMap resource="pe/gob/sunat/recauda2/genadeudo/model/dao/ibatis/maps/PatgLiquidaNpda.xml" />
  <sqlMap resource="pe/gob/sunat/recauda2/genadeudo/model/dao/ibatis/maps/PatgGeneraLcNpda.xml" />

    <!-- INICIO PAS20124E600000358 -->
<!-- SE QUITO PQ LA TABLA ES CENTRALIZADA PRAD1 NO TIENE PQ ESTAR AQUI
<sqlMap resource="pe/gob/sunat/prevcontrabando2/operativo/model/dao/ibatis/maps/movduasactas.xml" />
 -->

  <sqlMap resource="pe/gob/sunat/prevcontrabando2/operativo/model/dao/ibatis/maps/movmanifiestosactas.xml" />
  <sqlMap resource="pe/gob/sunat/prevcontrabando2/operativo/model/dao/ibatis/maps/fnValidarMedidaPreventiva.xml" />
  <sqlMap resource="pe/gob/sunat/despaduanero2/declaracion/model/dao/ibatis/maps/res_spim.xml" />


<sqlMap resource="pe/gob/sunat/administracion2/tramite/model/dao/ibatis/maps/rescab.xml" />
<sqlMap resource="pe/gob/sunat/administracion2/tramite/model/dao/ibatis/maps/tabdep.xml" />
<sqlMap resource="pe/gob/sunat/administracion2/tramite/model/dao/ibatis/maps/tabladoc.xml" />

 <!-- branch 2013-046 cpuente 09/12/13 -->
<sqlMap resource="pe/gob/sunat/recauda2/genadeudo/model/dao/ibatis/maps/MovCalctributo.xml" />
 <!-- Fin cpuente -->
 
 <!-- RIN13 SWF -->
<sqlMap resource="pe/gob/sunat/despaduanero2/declaracion/model/dao/ibatis/maps/Uit.xml"/>

</sqlMapConfig>
