<?xml version="1.0" encoding="UTF-8"?>
<beans xmlns="http://www.springframework.org/schema/beans"
	xmlns:xsi="http://www.w3.org/2001/XMLSchema-instance"
	xsi:schemaLocation="http://www.springframework.org/schema/beans
	http://www.springframework.org/schema/beans/spring-beans-2.5.xsd
	http://www.springframework.org/schema/jee http://www.springframework.org/schema/jee/spring-jee-2.5.xsd">

	<!-- This bean is the parent ApplicationContext for the WebApplicationContexts 
		defined in the WARs. The context files listed here should contain beans that 
		are used by all WARs, for example Services and DAO's. -->

	<bean id="ear.diligencia.despacho.context"
		class="pe.gob.sunat.framework.spring.context.IgnoreDuplicateImportsClassPathXmlApplicationContext">
		<constructor-arg>
			<list>
				<value>/sda-service.xml</value>
				<value>despaduanero2-diligencia-ingreso.xml</value>
			<value>dudarazonable-service.xml</value>
			</list>
		</constructor-arg>
	</bean>
</beans>
