<?xml version="1.0" encoding="UTF-8"?>

<beans xmlns="http://www.springframework.org/schema/beans"
	xmlns:xsi="http://www.w3.org/2001/XMLSchema-instance" xmlns:aop="http://www.springframework.org/schema/aop"
	xsi:schemaLocation="http://www.springframework.org/schema/beans
		http://www.springframework.org/schema/beans/spring-beans-2.5.xsd">


	<import resource="classpath:despaduanero2-diligencia-ingreso-service.xml" />
<!--RIN13FSW-INICIO-->
<!-- EHR -->
<import resource="classpath*:despaduanero2-entradasalida-service.xml"/>
<!-- EHR -->
<!--RIN13FSW-FIN-->
	<!-- Import para consulta al SDA -->
  	<import resource="classpath:sda-service.xml" />
<!-- 	 INICIO EJHM -->
	<import resource="classpath*:declaracion-service.xml" />
	<import resource="classpath*:tecnologia2-generadoc-service.xml" />
	<import resource="classpath*:catalogo-ayudas-service.xml" />
	
	<!-- inicio gmontoya P24 2015-->
    <import resource="classpath*:recaudacion2-garantia-service.xml" />
    <!-- fin gmontoya P24 2015 --> 
<!-- 	FIN EJHM -->

	<!-- Definicion del archivo de configuracion del log4j -->
	<bean id="log4jInitialization"
		class="org.springframework.beans.factory.config.MethodInvokingFactoryBean">
		<property name="targetClass" value="org.springframework.util.Log4jConfigurer" />
		<property name="targetMethod" value="initLogging" />
		<property name="arguments">
			<list>
                <value>/logs/apps/config/despaduanero2-diligencia-ingreso.config</value>
			</list>
		</property>
	</bean>


	<!-- Aqui colocamos los beans de configuracion sobre la seguridad para que 
		sean compartidos por todos los WARs -->


	<bean id="msgView" class="org.springframework.web.servlet.ModelAndView">
		<constructor-arg type="java.lang.String" value="PagM" />
	</bean>

	<bean id="menuIntranetInterceptor"
		class="pe.gob.sunat.tecnologia.menu.sso.web.controller.MenuIntranetInterceptor">
		<!--<property name="testingFile" ref="autenticaTestConfig" />-->
		<property name="msgView" ref="msgView" />
	</bean>

	 <bean id="autenticaTestConfig" class="org.springframework.beans.factory.config.PropertiesFactoryBean">
		<property name="location"> <value>classpath:autenticaTest.properties</value> 
		</property> </bean>

<!--RIN13FSW-INICIO-->
<!--  EHR -->
 	<bean id="propertyConfigurer"
		class="org.springframework.beans.factory.config.PropertyPlaceholderConfigurer">
		<property name="locations">
			<list>
				<value>classpath:ingreso.properties</value>
			</list>
		</property>
	</bean>
  
   <bean id="propertyFactory"
		class="org.springframework.beans.factory.config.PropertiesFactoryBean">
		<property name="location" value="classpath:ingreso.properties">
		</property>
	</bean>
<!--  EHR -->
<!--RIN13FSW-FIN-->
</beans>

