<?xml version="1.0" encoding="UTF-8"?>
<beans xmlns="http://www.springframework.org/schema/beans" xmlns:xsi="http://www.w3.org/2001/XMLSchema-instance"
  xmlns:aop="http://www.springframework.org/schema/aop" xmlns:tx="http://www.springframework.org/schema/tx"
 xmlns:jee="http://www.springframework.org/schema/jee"
 xsi:schemaLocation="
   http://www.springframework.org/schema/beans http://www.springframework.org/schema/beans/spring-beans-2.5.xsd
   http://www.springframework.org/schema/aop http://www.springframework.org/schema/aop/spring-aop-2.5.xsd
   http://www.springframework.org/schema/tx http://www.springframework.org/schema/tx/spring-tx-2.5.xsd
   http://www.springframework.org/schema/jee http://www.springframework.org/schema/jee/spring-jee-2.5.xsd"
default-lazy-init="true">


    <bean id="despaduanero2.diligencia.txManager" class="org.springframework.transaction.jta.WebLogicJtaTransactionManager" >
      <property name="transactionManagerName" value="javax.transaction.TransactionManager"/>
      <property name="defaultTimeout" value="5400"/>
    </bean>


  <aop:config>
  <!-- RIN16 -->
    <aop:pointcut id="despaduanero2.diligencia.pointcut"
                  expression="execution(public * pe.gob.sunat.despaduanero2.diligencia.ingreso.service.*Service.update* (..))
                  or execution(public * pe.gob.sunat.despaduanero2.diligencia.ingreso.service.*Service.grabar* (..))
                  or execution(public * pe.gob.sunat.despaduanero2.diligencia.ingreso.service.*Service.actualizar* (..))
                  or execution(public * pe.gob.sunat.despaduanero2.diligencia.ingreso.service.*Service.guardar* (..))
                  or execution(public * pe.gob.sunat.despaduanero2.diligencia.ingreso.service.*Service.modificar*(..))
                  or execution(public * pe.gob.sunat.despaduanero2.diligencia.ingreso.service.*Service.notica*(..))
                  or execution(public * pe.gob.sunat.despaduanero2.diligencia.ingreso.service.*Service.inserta*(..))
                  or execution(public * pe.gob.sunat.despaduanero2.diligencia.ingreso.service.*Service.realizar*(..))
                  or execution(public * pe.gob.sunat.despaduanero2.multa.service.*Service.generar*(..)) 
                  or execution(public * pe.gob.sunat.despaduanero2.multa.service.*Service.registrar*(..))
                  or execution(public * pe.gob.sunat.controladuanero2.ingreso.postlevante.service.*Service.insertarSolicitud(..))
                  or execution(public * pe.gob.sunat.controladuanero2.ingreso.postlevante.service.*Service.modificarSolicitud(..))
                  or execution(public * pe.gob.sunat.controladuanero2.ingreso.postlevante.service.*Service.eliminarSolicitud(..))"

    />

<!-- P28-PAS20155E410000032 [jlunah] -->


<!-- inserta usuario de auditoria  -->
    <aop:pointcut id="despaduanero2.diligencia.insert.pointcut"       expression="(execution(public * pe.gob.sunat..SqlMap*.insert*(..))
																					or execution(public * pe.gob.sunat..SqlMap*BatchDAO.procesarBatch(..))) 
													and !execution(public * pe.gob.sunat.recauda2.genadeudo.model.dao.ibatis.SqlMap*.insert*(..))
													and !execution(public * pe.gob.sunat..SqlMap*BatchDAO.insert*(..))" />
                                <aop:pointcut id="despaduanero2.diligencia.update.pointcut"       expression="(execution(public * pe.gob.sunat..SqlMap*.update*(..))
																					or execution(public * pe.gob.sunat..SqlMap*BatchDAO.procesarBatch(..)))
                       								and !execution(public * pe.gob.sunat.recauda2.genadeudo.model.dao.ibatis.SqlMap*.update*(..))
													and !execution(public * pe.gob.sunat..SqlMap*BatchDAO.update*(..))" />
                                <aop:pointcut id="despaduanero2.diligencia.delete.pointcut"       expression="(execution(public * pe.gob.sunat..SqlMap*.delete*(..))
																					or execution(public * pe.gob.sunat..SqlMap*BatchDAO.procesarBatch(..)))
                        							and !execution(public * pe.gob.sunat.recauda2.genadeudo.model.dao.ibatis.SqlMap*.delete*(..))
													and !execution(public * pe.gob.sunat..SqlMap*BatchDAO.delete*(..))" />


<aop:advisor id="txActualizaDeclaracion"
                 advice-ref="despaduanero2.ingreso.txAdvice"
                 pointcut-ref="despaduanero2.diligencia.pointcut"
                 order="1"/>

    <aop:advisor id="replicadorDiligenciaIngreso"
                 advice-ref="replicador.replicaAdvice"
                 pointcut-ref="despaduanero2.diligencia.pointcut"
                 order="3"/>

    <aop:aspect id="auditoriaDiligenciaIngreso"
                ref="auditoria.auditoryAdvice"
                order="2" >
            <aop:before method="asignarAuditoria"    pointcut-ref="despaduanero2.diligencia.insert.pointcut" />
            <aop:before method="asignarAuditoria"    pointcut-ref="despaduanero2.diligencia.update.pointcut" />
            <aop:before method="asignarAuditoria"    pointcut-ref="despaduanero2.diligencia.delete.pointcut" />
    </aop:aspect>


  </aop:config>

  <tx:advice id="despaduanero2.ingreso.txAdvice" transaction-manager="despaduanero2.diligencia.txManager">
    <tx:attributes>
      <tx:method name="updateDeclaracion"        propagation="REQUIRES_NEW" rollback-for="java.lang.Exception" />
      <tx:method name="actualizarRegPrecedencia" propagation="REQUIRES_NEW" rollback-for="java.lang.Exception" />
      <tx:method name="verificaModalidad"        propagation="REQUIRES_NEW" rollback-for="java.lang.Exception" />
      <tx:method name="registrarRectiOficio" propagation="REQUIRED" rollback-for="java.lang.Exception" /> <!-- P28-PAS20155E410000032 [jlunah] -->
      <tx:method name="generarMulta" propagation="REQUIRED" rollback-for="java.lang.Exception" /> <!-- P28-PAS20155E410000032 [jlunah] -->
      <tx:method name="grabarDiligenciaDespacho" propagation="REQUIRED" rollback-for="java.lang.Exception" />
      <tx:method name="grabarDiligenciaRegularizacion" propagation="REQUIRES_NEW" rollback-for="java.lang.Exception" />
      <tx:method name="grabarDiligenciaDespachoAduanaDestino" propagation="REQUIRES_NEW" rollback-for="java.lang.Exception" /><!--PAS20181U220200069 -->
      
<!-- INI RIN 13 FSW-->
      <tx:method name="notificacionElectronicaBloqueo" propagation="REQUIRES_NEW" rollback-for="java.lang.Exception" />
      <tx:method name="notificarContinuacionDespacho" propagation="REQUIRES_NEW" rollback-for="java.lang.Exception" />
      <tx:method name="notificarDatado" propagation="REQUIRES_NEW" rollback-for="java.lang.Exception" />
      <tx:method name="notificarObservacion" propagation="REQUIRES_NEW" rollback-for="java.lang.Exception" />
            <tx:method name="grabarDiligenciaDescargaParcialDespacho" propagation="REQUIRES_NEW" rollback-for="java.lang.Exception" />
      <tx:method name="grabarRevision" propagation="REQUIRES_NEW" rollback-for="java.lang.Exception" />
      <tx:method name="grabarDiligenciaContDespacho" propagation="REQUIRES_NEW" rollback-for="java.lang.Exception" />
      <tx:method name="grabarEnProceso" propagation="REQUIRES_NEW" rollback-for="java.lang.Exception" />
      <tx:method name="actualizarDeclaracionARevision" propagation="REQUIRES_NEW" rollback-for="java.lang.Exception" />
      
      
<tx:method name="grabarDiligenciaDescargaParcialDespacho" propagation="REQUIRES_NEW" rollback-for="java.lang.Exception" />
      
      <!-- FIN RIN 13 FSW-->
      
      <!-- INICIO RIN 13 -->
      <tx:method name="actualizarFormatoBItems"  propagation="REQUIRES_NEW" rollback-for="java.lang.Exception" />
      <!--RIN13FSW-FIN-->   
	  <tx:method name="registrarRespuestaSolEspecialista" propagation="REQUIRES_NEW" rollback-for="java.lang.Exception" />
      <tx:method name="grabarRectificaManual"    propagation="REQUIRES_NEW" rollback-for="java.lang.Exception" />
      <tx:method name="grabarRevision"          propagation="REQUIRES_NEW" rollback-for="java.lang.Exception" />
      <tx:method name="grabarDiligenciaByInicioRevision" propagation="REQUIRES_NEW" rollback-for="java.lang.Exception" />
      <tx:method name="grabarAmpliacionPlazo"  propagation="REQUIRES_NEW" rollback-for="java.lang.Exception" />
      <!-- RIN16 -->
 	  <tx:method name="guardarDeclaracionObservada"  propagation="REQUIRES_NEW" rollback-for="java.lang.Exception" />


      <tx:method name="grabarSolicitudRectificacion" propagation="REQUIRES_NEW" rollback-for="java.lang.Exception" />
      <tx:method name="grabarSolicitudRectificacionImprocedente" propagation="REQUIRES_NEW" rollback-for="java.lang.Exception" />
      <tx:method name="grabarReasignacionCanal" propagation="REQUIRES_NEW" rollback-for="java.lang.Exception" />
      <tx:method name="modificarSolicitudRectificacion" propagation="REQUIRES_NEW" rollback-for="java.lang.Exception" />
      <tx:method name="grabarDiligenciaRectificacion" propagation="REQUIRES_NEW" rollback-for="java.lang.Exception" />
	  <!--INICIO-RIN13-->
            <tx:method name="grabarComunicacionCompleta" propagation="REQUIRES_NEW" rollback-for="java.lang.Exception" />
      <tx:method name="grabarDiligenciaPrevia" propagation="REQUIRES_NEW" rollback-for="java.lang.Exception" />
	  <tx:method name="grabarSubsnacionObsZPAE" propagation="REQUIRES_NEW" rollback-for="java.lang.Exception" />    
	  <tx:method name="actualizarDeclaracionEnRevision" propagation="REQUIRES_NEW" rollback-for="java.lang.Exception" />
	  <!--FIN-RIN13-->
	  <tx:method name="grabarDiligenciaSimplificada" propagation="REQUIRES_NEW" rollback-for="java.lang.Exception" />
	  
<tx:method name="grabarDiligenciaConclusionSimplificada" propagation="REQUIRES_NEW" rollback-for="java.lang.Exception" />
	  
<!--amancilla P21-P22 conclusion inicio-->
        <tx:method name="grabarConclusionDespacho" propagation="REQUIRES_NEW" rollback-for="java.lang.Exception" />

        <!--amancilla P21-P22 conclusion fin-->

        <!--amancilla POST-LEVANTE inicio-->
        <tx:method name="insertarSolicitud" propagation="REQUIRES_NEW" rollback-for="java.lang.Exception" />
        <tx:method name="modificarSolicitud" propagation="REQUIRES_NEW" rollback-for="java.lang.Exception" />
        <tx:method name="eliminarSolicitud" propagation="REQUIRES_NEW" rollback-for="java.lang.Exception" />
        <!--amancilla fin-->

	</tx:attributes>
  </tx:advice>
   <!-- esta configuracion esta chancando la de ingreso que se importa al inicio  -->
    <!-- amancilla se comenta pq no necesita TX favor de no activarlo nuevamente PELIGRO de autodestruccion OJO
<aop:config>
        <aop:pointcut id="despaduanero2.ingreso.liquidacion.pointcut"
        expression="execution(* pe.gob.sunat.recauda2.genadeudo.service.LiquidaDeclaracionServiceImpl.preliquidacion*(..))" />
        <aop:advisor pointcut-ref="despaduanero2.ingreso.liquidacion.pointcut" advice-ref="despaduanero2.ingreso.liquidacion.txAdvice"/>
</aop:config>

    <tx:advice id="despaduanero2.ingreso.liquidacion.txAdvice" transaction-manager="despaduanero2.diligencia.txManager">
<tx:attributes>
            <tx:method name="preliquidacion" propagation="REQUIRES_NEW"  rollback-for="java.lang.Exception"/>
</tx:attributes>
</tx:advice>
-->
    <!-- USO DE TOOL PARA MONITOREAR EL APLICATIVO SOLO USARLO PARA DESARROLLO Y COMENTAR CODIGO PARA PRODUCCION-->

<!--    <bean id="aopLogger"
         class="pe.gob.sunat.despaduanero2.diligencia.ingreso.util.AopLogger"
         scope="prototype"/>

   <aop:pointcut id="log.pointcut"
                 expression="execution(* pe.gob.sunat..*Service.*(..))
                 or execution(public * pe.gob.sunat..SqlMap*.*(..))
                 or execution(public * pe.gob.sunat.despaduanero2.diligencia.ingreso.service.*ServiceImpl.*(..))"/>

   <aop:advisor id="log.advisor" pointcut-ref="log.pointcut" advice-ref="aopLogger" /> -->

</beans>

