<?xml version="1.0" encoding="UTF-8"?>

<beans xmlns="http://www.springframework.org/schema/beans"
       xmlns:xsi="http://www.w3.org/2001/XMLSchema-instance" xmlns:aop="http://www.springframework.org/schema/aop"
       xmlns:context="http://www.springframework.org/schema/context"
       xsi:schemaLocation="http://www.springframework.org/schema/beans
    http://www.springframework.org/schema/beans/spring-beans-2.5.xsd
    http://www.springframework.org/schema/aop
    http://www.springframework.org/schema/aop/spring-aop-2.5.xsd
    http://www.springframework.org/schema/context
    http://www.springframework.org/schema/context/spring-context-2.5.xsd"
       default-lazy-init="true">

  <!-- Imports de config XML de otros proyectos externos -->

  <import resource="classpath*:catalogo-ayudas-service.xml" />
  <import resource="classpath*:servicio-registro-service.xml" />
  <import resource="classpath*:tg-model-service.xml" />
  <import resource="classpath*:tecnologia2-auditoria-util.xml" />
  <import resource="classpath:despaduanero2-datasources-data.xml" />
  <import resource="classpath*:diligencia-rectificacion-beans.xml" />
  <import resource="classpath:manifiesto2-service.xml" />
  <import resource="classpath:iavalidacion-declaracion-service.xml" />
  <import resource="classpath:tecnologia-orquestador-service.xml" />
  <import resource="classpath:tecnologia-orquestador-data.xml" />
  <import resource="classpath:tecnologia2-replicador-data.xml" />
  <import resource="classpath*:despaduanero2-catalogo-service.xml" />
  <!-- mordonezl pase 040-->
  <import resource="classpath:despaduanero2-asignacion-service.xml" />
  <!-- fin mordonezl -->
  <import resource="classpath:despaduanero2-asignacion-data.xml" />
  <import resource="classpath*:administracion2-tramite-service.xml" />

  <!-- Fin de los imports para SEIDA -->
  <!-- diligencia al final para que chanque la configuracion  -->
  <import resource="classpath:despaduanero2-diligencia-ingreso-data.xml" />
  <import resource="classpath:despaduanero2-diligencia-ingreso-tx.xml" />
  <!-- pruizcr -->
  <import resource="classpath*:declaracion-service.xml" />

  <!--INICIO-FSW-->
  <import resource="classpath:recauda2-genadeudo-service.xml"/>
  <!--FIN-FSW-->
  <!-- lmvr-inicio-  Diligencia de Rctificacion -->
  <!--  <import resource="classpath:despacho-comun-asignacion-service.xml" />  -->
  <import resource="classpath*:despaduanero2-ingreso-data.xml" />
  <!-- lmvr-fin  Diligencia de Rctificacion -->
  <!--INICIO-RIN13-->
  <import resource="classpath:despaduanero2-asignacion-service.xml" />
  <import resource="classpath:declaracion-service.xml" />
  <import resource="classpath:despaduanero2-ingreso-validacion.xml" />

  <import resource="classpath:despaduanero2-service.xml" /> <!-- zpae -->
  <!--   <import resource="classpath:despacho-entrada-di-service.xml" />  -->
  <import resource="classpath:rrhh2-service.xml" /> <!-- zpae -->
  <!--RIN13INSI amancilla no es necesario lo dejo por siacaso cheken dado que el que se ejeucta primero es el beanRef --><import resource="classpath:sigad-service.xml" />
  <!-- zpae -->
  <!--FIN-RIN13-->
  <!-- inicio mpoblete P46 F2_3013 -->
  <import resource="classpath:sigad-despacho-entrada-service.xml" />
  <!-- fin mpoblete P46 F2_3013  -->
  <!--   <RIN1O> 3014 ERUESTAA -->
  <!--   <import resource="classpath:despaduanero2-ingreso-data.xml" /> -->
  <!--   Inicio RIN10 mpoblete BUG 21707  -->
  <!--   <import resource="classpath*:despaduanero2-ingreso-service.xml" /> -->
  <!--   Fin RIN10 mpoblete BUG 21707      -->
  <!--   </RIN1O> 3014 ERUESTAA -->

  <!--   <RIN1O> 3012 ERUESTAA -->
  <!--   Inicio RIN10 mpoblete BUG 21707  -->
  <!-- 	<import resource="classpath*:despaduanero2-ingreso-grabacion-service.xml" /> -->
  <!-- 	<import resource="classpath*:iavalidacion-datasource.xml" /> -->
  <!--   Fin RIN10 mpoblete BUG 21707  -->
  <!--   </RIN1O> 3012 ERUESTAA -->

  <context:annotation-config/>

  <!-- carga de parametros en CACHE -->
  <bean id="Ayuda.precargaCacheValidaService"
        class="pe.gob.sunat.despaduanero2.ayudas.service.PrecargaCacheValidaServiceImpl"
        init-method="precargar">
    <property name="ayudaServiceCache" ref="Ayuda.ayudaServiceCache"/>
    <property name="catalogo" value="true" />
    <property name="datacatalogo">
      <list>
        <value>327</value>
        <value>49</value>
        <value>367</value>
        <value>335</value>
        <value>313</value>
        <value>N2</value>
        <value>N1</value>
        <value>312</value>
        <value>85</value>
        <value>86</value>
        <value>81</value>
        <value>82</value>
        <value>84</value>
        <value>87</value>
        <value>27</value>
        <value>J1</value>
        <value>J2</value>
        <value>324</value>
        <value>18</value>
        <value>29</value>
        <value>16</value>
        <value>333</value>
        <value>326</value>
        <value>367</value>
        <value>368</value>
        <value>TP</value>
        <value>25</value>
        <value>339</value>
        <value>335</value>
        <value>1H</value>
        <value>1I</value>
        <value>1J</value>
        <value>332</value>
        <value>25</value>
        <value>342</value>
        <value>373</value>
      </list>
    </property>
    <property name="grupo" value="true" />
    <property name="datagrupocat">
      <list>
        <value>100</value>
        <value>139</value>
        <value>137</value>
        <value>138</value>
      </list>
    </property>

  </bean>
  <!--RIN13FSW-INICIO-->
  <!-- rcalle - Inicio -->

  <bean id="diligenciaIngresoPropertyFactory" class="org.springframework.beans.factory.config.PropertiesFactoryBean">
    <property name="location" value="classpath:diligencia_ingreso.properties"></property>
  </bean>

  <bean id="diligencia.ingreso.propertyConfigurer" class="org.springframework.beans.factory.config.PropertyPlaceholderConfigurer">
    <property name="ignoreUnresolvablePlaceholders" value="true"/>
    <property name="locations">
      <list>
        <value>classpath:diligencia_ingreso.properties</value>
      </list>
    </property>
  </bean>
  <!-- rcalle - Fin -->
  <!--RIN13FSW-FIN-->
  <bean id="diligencia.ingreso.fabricaDeServiciosData" name="fabricaDeServicios"
        class="org.springframework.beans.factory.config.ServiceLocatorFactoryBean"
        autowire="byName">
    <property name="serviceLocatorInterface"
              value="pe.gob.sunat.framework.spring.util.factory.FabricaDeServicios" />
  </bean>

  <!--  Incorporado para descripciones minimas AREY-->
  <bean id="descripcionMinima.DescrMinimaService" class="pe.gob.sunat.despaduanero2.diligencia.ingreso.descrminima.service.DescrMinimaServiceImpl" />
  <!-- amancilla DM2-->
  <bean id="descripcionMinima.PlantillaFactory"
        class="pe.gob.sunat.despaduanero2.diligencia.ingreso.descrminima.service.PlantillaFactory">
    <property name="fabricaDeServicios"  ref="diligencia.ingreso.fabricaDeServiciosData" />
  </bean>
  <!-- fin-amancilla DM2-->

  <!-- METODOS COMUNES A TODOS LOS CONTROLADORES ESPECIALMENTE RECTIFICACION DE OFICIO -->
  <bean id="diligencia.AbstractDespachoController" abstract="true"
        class="pe.gob.sunat.despaduanero2.diligencia.ingreso.despacho.web.controller.AbstractDespachoController">

    <property name="diligenciaService" ref="diligencia.ingreso.diligenciaService" />
    <property name="catalogoAyudaService" ref="Ayuda.catalogoAyudaService" />
    <property name="jsonView" value="jsonView" />

  </bean>

  <bean id="diligencia.rectificacionOficio.rectificacionOficioService"
        class="pe.gob.sunat.despaduanero2.diligencia.ingreso.service.RectificacionOficioServiceImpl">
    <property name="disposicionMercanciaService"      ref="disposicionMercanciaService" />
  </bean>




  <bean id="diligencia.soporteMapeoTablasService"
        class="pe.gob.sunat.despaduanero2.diligencia.ingreso.service.SoporteMapeoTablasServiceImpl">

    <constructor-arg value="classpath:mappingTables.xml" />
  </bean>


  <bean id="diligencia.soporteComparadorService"
        class="pe.gob.sunat.despaduanero2.diligencia.ingreso.service.SoporteComparadorServiceImpl">

  </bean>



  <!-- configuracion de servicios de la diligencia -->

  <bean id="diligencia.ingreso.solicitudService"
        class="pe.gob.sunat.despaduanero2.diligencia.ingreso.service.SolicitudServiceImpl">

    <property name="detAutorizacionDAO" ref="diligencia.ingreso.detAutorizacionDef" />
    <property name="docAutAsociadoDAO"  ref="diligencia.ingreso.docAutAsociadoDef" />
    <property name="espeDocuDAO"        ref="diligencia.ingreso.espeDocuDef_xa" />
    <property name="cabSolrectiDAO"     ref="diligencia.ingreso.cabSolRectiDef" />
    <property name="cabDiligenciaDAO"   ref="diligencia.ingreso.cabDiligenciaDef_xa" />
    <property name="consultaDAO"        ref="diligencia.ingreso.consultaDef" />
    <property name="catEmpleadoDAO"     ref="diligencia.ingreso.catEmpleadoDAO" />
    <property name="cabDeclaraDAO"      ref="diligencia.ingreso.cabDeclaraDef_xa" />
    <property name="indicadorDuaDAO"    ref="diligencia.ingreso.indicadorDuaDef" />
    <property name="relacionDocDAO"     ref="diligencia.rectificacion.relacionDocDef" />
    <!-- olunar 309 -->
    <property name="participanteDocDAO"   	 ref="diligencia.ingreso.participanteDef" />
    <property name="publicacionAvisoService" ref="servicio.avisos.service.publicacionAvisoService" />
    <property name="catalogoAyudaService" 	 ref="Ayuda.catalogoAyudaService" />
    <!-- fin -->
    <property name="diligenciaService"      ref="diligencia.ingreso.diligenciaService" />
    <property name="fabricaDeServicios"      ref="diligencia.ingreso.fabricaDeServiciosData" />
    <!-- hosoriov rin 12 -->
    <property name="asignacionService"      ref="Asignacion.asignacionService" />
    <!--INICIO-RIN10-FSW AFMA-->
    <property name="valorProvisionalService" ref="ingreso.validadorValorProvisionalService" />
    <!--FIN-RIN10-FSW AFMA-->
  </bean>

  <bean id="diligencia.ingreso.declaracionService" class="pe.gob.sunat.despaduanero2.diligencia.ingreso.service.DeclaracionServiceImpl">
    <property name="cabDeclaraDAO"      	ref="diligencia.ingreso.cabDeclaraDef_xa" />
    <property name="observacionDAO"     	ref="diligencia.ingreso.observacionDef" />
    <property name="indicadorDuaDAO"    	ref="diligencia.ingreso.indicadorDuaDef" />
    <property name="canalesDAO"         	ref="diligencia.ingreso.canalesDef" />
    <property name="fraudesDAO"         	ref="diligencia.ingreso.fraudesDef" />
    <property name="docAutAsociadoDAO"  	ref="diligencia.ingreso.docAutAsociadoDef" />
    <property name="cabSolRectiDAO"     	ref="diligencia.ingreso.cabSolRectiDef" />
    <property name="manifiestoDAO"      	ref="diligencia.ingreso.manifiestoDef" />
    <property name="cabCertiOrigenDAO"  	ref="diligencia.ingreso.cabCertiOrigenDef" />
    <property name="medioTransDAO"      	ref="diligencia.ingreso.medioTransDef" />
    <property name="equipamientoDAO"    	ref="diligencia.ingreso.equipamientoDef" />
    <property name="docuPreceDuaDAO"    	ref="diligencia.ingreso.docuPreceDuaDef" />
    <property name="cabTipoAforoDeclaraDAO" ref="diligencia.ingreso.cabTipoAforoDeclaraDef" />
    <property name="espeDocuDAO"          	ref="diligencia.ingreso.espeDocuDef" />
    <property name="gralDocTranporteDAO"  	ref="diligencia.ingreso.gralDocTranporteDef" />
    <property name="finUbicacionDAO"      	ref="diligencia.ingreso.finUbicacionDef" />
    <!--     <property name="feriasDAO"            	ref="diligencia.ingreso.feriasDef" /> -->
    <property name="pagarantiaDAO"        	ref="diligencia.ingreso.pagarantiaDef" />
    <property name="diasUtilesDAO"        	ref="diligencia.ingreso.diasUtilesDef" />
    <!--     <property name="ddpDAO"               	ref="servicio.registro.model.ddpDAO" /> -->
    <!--     <property name="sprDAO"               	ref="servicio.registro.model.sprDAO" /> -->
    <property name="validaDiligenciaService" ref="diligencia.ingreso.validaDiligenciaService" />
    <property name="catalogoAyudaService" 	 ref="Ayuda.catalogoAyudaService" />
    <property name="soporteService"       	 ref="diligencia.ingreso.soporteService" />
    <property name="solicitudService"     	 ref="diligencia.ingreso.solicitudService" />
    <property name="dudaRazonableService" 	 ref="diligencia.ingreso.dudaRazonableService" />
    <property name="fabricaDeServicios"   	 ref="diligencia.ingreso.fabricaDeServiciosData" />
    <property name="swapperDatasource"    	 ref="diligencia.ingreso.swapperDatasource" />
    <property name="plazosProcesoDAO"     	 ref="diligencia.ingreso.plazosProcesoDef" />
    <property name="manifiestoSigadService"  ref="manifiesto.manifiestoSigadService" />
    <property name="datadoValidacionService" ref="manifiesto.datado2ValidacionService" />
    <property name="participanteDocDAO"   	 ref="diligencia.ingreso.participanteDef" />
    <property name="relacionDocDAO"       	 ref="diligencia.rectificacion.relacionDocDef" />
    <!-- PAS20145E220000399 INICIO GGRANADOS -->
    <!--     <property name="direcepDAO"           	 ref="diligencia.rectificacion.direcepDef" /> -->
    <!--     <property name="dfrecdocDAO"           	 ref="diligencia.rectificacion.dfrecdocDef" /> -->
    <!--     <property name="sdrecepDAO"           	 ref="diligencia.rectificacion.sdrecepDef" /> -->
    <!-- PAS20145E220000399 FIN GGRANADOS -->
    <property name="espeDispoDAO"         	 ref="diligencia.ingreso.espeDispoDef" />
    <property name="itemFacturaDAO"        ref="diligencia.ingreso.itemFacturaDef" />
    <property name="formBProveedorDAO" 	ref="diligencia.ingreso.formBProveedorDef"/>
    <property name="vFOBProvisionalDAO"   ref="fobProvisionalDAO" />
    <property name="diligenciaService"    ref="diligencia.ingreso.diligenciaService" />
    <property name="deudaService"         ref="diligencia.ingreso.deudaService" />
    <property name="serieService"         ref="diligencia.ingreso.serieService" />
    <!-- olunar - 309 -->
    <property name="consultaService"		ref="diligencia.ingreso.consultaService" />
    <!-- fin -->
    <!-- P14 - 3006 - Inicio - lrodriguezc -->
    <!-- CUS: 3006-01 - Migrado - Rin 13 - Inicio - lrodriguezc -->
    <property name="cabDiligenciaDAO" ref="diligencia.ingreso.cabDiligenciaDef" />
    <!-- CUS: 3006-01 - Migrado - Rin 13 - Final - lrodriguezc -->
    <!-- P14 - 3006 - Final - lrodriguezc -->
    <property name="ddpDAOService"		ref="Ayuda.ddpService" />
    <property name="sprDAOService"		ref="Ayuda.sprService" />
    <property name="feriasDAOService"		ref="Ayuda.feriasService" />
    <!-- pruizcr Declaracion Regularizacion -->
    <property name="disposicionMercanciaService"      ref="disposicionMercanciaService" />
    <!-- pruizcr fin  -->
    <!-- //PAS20145E220000583-INICIO Consulta SERF  -->
    <property name="movEConfirmaDAO"  ref="despacho.comun.movEConfirmaDAO"/>
    <!-- //PAS20145E220000583-FIN Consulta SERF  -->
    <!--RIN13FSW-INICIO--> <!-- jlunah - rin13 -->
    <!--INICIO RIN08 -->
    <property name="detDeclaraDAO"   ref="diligencia.ingreso.detDeclaraDef"/>
    <!--FIN RIN08 -->
    <property name="convenioSerieDAO"		ref="diligencia.ingreso.convenioSerieDef" />
    <!--FIN RIN08 -->
    <!-- 	rcalle INICIO -->
    <!-- esta parte esta muy mal primer necita curso de spring amancilla-->
    <!--
  <property name="declaracionService"		ref="diligencia.ingreso.declaracionService" />
  -->
    <property name="cabAccionDuaDAO"		ref="cabAccionDuaDAO" />
    <!-- 	rcalle FIN -->
    <!-- juazor rin13 -->
    <property name="expediDAO"            ref="diligencia.ingreso.expediDef" />
    <property name="documentoDeTransporteService" ref="manifiesto.documentoDeTransporteService"/>
    <!--  fin  -->
    <!--RIN13FSW-FIN-->

    <!-- <RIN10> 3014 ERUESTAA -->
    <property name="cabAdiDeclaraDAO"       ref="cabAdiDeclara"/>
    <!-- </RIN10> 3014 ERUESTAA -->
    <!-- <RIN10> 3012 ERUESTAA -->
    <property name="cabCtaCteGarDAO" ref="cabctactegarDef"/>
    <property name="movCtaCteGaraDAO" ref="movctactegaraDef" />
    <property name="calculaDiaDAO"        ref="calculadiaDef"/>
    <!-- </RIN10> 3012 ERUESTAA -->
  </bean>

  <!-- lmvr - Inicio. Complemento de la Diligencia -->
  <bean id="diligencia.ingreso.consultaCtaCteService" name="consultaCtaCteService"    class="pe.gob.sunat.recauda2.garantia.service.ConsultaCtaCteServiceImpl">
    <property name="fabricaDeServicios"      ref="diligencia.ingreso.fabricaDeServiciosData" />
  </bean>
  <!-- lmvr - Fin. Complemento de la Diligencia -->
  <!--RIN13FSW-INICIO-->   <!-- RIN13 -->
  <bean id="diligencia.ingreso.ReporteJasperService" class="pe.gob.sunat.despaduanero2.diligencia.ingreso.service.ReporteJasperServiceImpl">
    <property name="diligenciaIngresoProperties" ref="diligenciaIngresoPropertyFactory"></property>
  </bean>
  <!--RIN13FSW-FIN--><bean id="diligencia.ingreso.deudaService"
                           class="pe.gob.sunat.despaduanero2.diligencia.ingreso.service.DeudaServiceImpl">
  <!-- amancilla - rin13FSW se cambia a TX el pool ayudita a FSW sin comision-->
  <property name="deudaDocumDAO"  ref="diligencia.ingreso.deudaDocumDef_xa" />
  <property name="detPagoDuaDAO"  ref="diligencia.ingreso.detPagoDuaDef_xa" />
  <!-- amancilla - rin13FSW fin -->


  <property name="soporteService" ref="diligencia.ingreso.soporteService" />
  <property name="fabricaDeServicios"	ref="diligencia.ingreso.fabricaDeServiciosData" />
  <property name="swapperDatasource"	ref="recaudacion2.swapperDatasource" />
  <!--RIN13FSW-INICIO-->
  <!--     <EHR> -->
  <property name="indicadorDUADAO" ref="diligencia.ingreso.indicadorDuaDef" />
  <!--     </EHR> -->

  <!-- jlunah - rin13 -->
  <property name="detDeudaDAO"    ref="diligencia.ingreso.detDeudaDef_xa" />

  <!--RIN13FSW-FIN-->  <!-- fin -->
  <!-- inicio gmontoya PASE 176 P24 2015 -->
  <property name="consultaCtaCteService"    ref="consultaCtaCteService_recauda2" />
  <!-- fin gmontoya PASE 176 P24 2015 -->
</bean>

  <bean id="diligencia.ingreso.serieService"
        class="pe.gob.sunat.despaduanero2.diligencia.ingreso.service.SerieServiceImpl">
    <property name="detDeclaraDAO"        ref="diligencia.ingreso.detDeclaraDef" />
    <property name="convenioSerieDAO"     ref="diligencia.ingreso.convenioSerieDef" />
    <property name="seriesItemDAO"        ref="diligencia.ingreso.seriesItemDef" />
    <property name="rectiOficioDAO"   			ref="diligencia.ingreso.rectiOficioDef" />
    <property name="detAutorizacionDAO"   ref="diligencia.ingreso.detAutorizacionDef" />
    <property name="formatoValorService" ref="diligencia.ingreso.formatoValorService"/>
    <property name="docuPreceDuaDAO"      ref="diligencia.ingreso.docuPreceDuaDef" />
    <property name="vehiCeticoService"  ref="diligencia.ingreso.vehiCeticoService" /><!-- jenciso veticos parte 1 -->
    <property name="mrestriDAO" ref="mrestriDAO"/><!-- RIN 14 -->
    <!--CU 14.15-->
    <property name="formBProveedorDAO" ref="diligencia.ingreso.formBProveedorDef"/>
    <!--fin 14.15-->
    <!--INICIO 20206-->
    <!--  <property name="detAdiImpoconsuDAO" ref="detAdiImpoconsuDAO"/> -->
    <property name="cabDeclaraDAO" ref="diligencia.ingreso.cabDeclaraDef_xa"/>
    <!--FIN 20206-->
    <property name="fabricaDeServicios" ref="framework.fabricaDeServicios"/><!-- RIN10 mpoblete BUG 22178 -->
    <!-- ECANA Se inyecta swapper para direccionar la consulta de la vigencia a opertica operativa -->
    <property name="swapperDatasource" ref="declaracion.swapper.ds.prp1"/>
    <property name="mercanciaDispuestaDAO"      ref="mercanciaDispuestaDAO" />
    <property name="disposicionMercanciaService"      ref="disposicionMercanciaService" />
  </bean>

  <bean id="diligencia.ingreso.soporteService"
        class="pe.gob.sunat.despaduanero2.diligencia.ingreso.service.SoporteServiceImpl">
    <property name="tabBolQuimDAO"     	  ref="diligencia.ingreso.tabBolQuimDef" />
    <property name="expediDAO"            ref="diligencia.ingreso.expediDef" />
    <property name="liquidaDAO"           ref="diligencia.ingreso.liquidaDef" />
    <property name="cabActasDAO"          ref="diligencia.ingreso.cabActasDef" />
    <property name="oDepoCabDAO"          ref="diligencia.ingreso.oDepoCabDef" />
    <property name="nandTasaDAO"          ref="diligencia.ingreso.nandTasaDef" />
    <!--     <property name="nandUniDAO"           ref="diligencia.ingreso.nandUniDef" /> -->
    <!--     <property name="nandinaDAO"           ref="diligencia.ingreso.nandinaDef" /> -->
    <!--     <property name="tabLibeDAO"           ref="diligencia.ingreso.tabLibeDef" /> -->
    <property name="docuTransDAO"         ref="diligencia.ingreso.gralDocTranporteDef" />
    <!--     <property name="ddpDAO"               ref="servicio.registro.model.ddpDAO" /> -->
    <!--     <property name="t733DAO"              ref="servicio.registro.model.t733DAO" /> -->
    <property name="catalogoAyudaService" ref="Ayuda.catalogoAyudaService" />
    <property name="fabricaDeServicios"   ref="diligencia.ingreso.fabricaDeServiciosData" />
    <property name="swapperDatasource"    ref="diligencia.ingreso.swapperDatasource" />
    <property name="movDuasActasDAO"      ref="diligencia.rectificacion.movDuasActasDef" />

    <property name="datAuxActaDAO"        ref="diligencia.ingreso.datAuxActaDef" />
    <!--     <property name="calculaDiaDAO" ref="calculadiaDef"/> -->

    <!--     <property name="declaranDAO" ref="declaranDAO"/> -->
    <property name="detdeclaraDAO" ref="diligencia.ingreso.detDeclaraDef" />
    <property name="fnValidarMedidaPreventivaDAO" ref="diligencia.fnValidarMedidaPreventiva" />

    <property name="resSpimDAO" ref="diligencia.ingreso.resPimDef"/>
    <!--     <property name="sprDAO" ref="servicio.registro.model.sprDAO" /> -->
    <!--       <property name="tabDepDAO" ref="diligencia.ingreso.tabDepDef" /> -->
    <property name="movManifiestosActasDAO" ref="diligencia.ingreso.movManifiestosActasDef" />
    <property name="ayudaService" ref="Ayuda.ayudaService"/>
    <property name="ddpDAOService"     ref="Ayuda.ddpService" />
    <property name="sprDAOService"		ref="Ayuda.sprService" />
    <property name="t733daoService"		ref="Ayuda.t733Service" />
    <property name="calculaDiaDAOService"		ref="Ayuda.calculaDiaService" />
    <property name="tabLibeDAOService"		ref="Ayuda.tabLibeService" />
    <property name="swapperDatasourceTabLib"		ref="tg.model.swapper.ds.prp1" />
    <!--RIN13FSW-INICIO-->
    <!--<EHR>  -->
    <property name="publicacionAvisoService"		ref="servicio.avisos.service.publicacionAvisoService" />
    <property name="aduanaRol" ref="tecnologia.menu.intranet.aduanaRolService" />
    <!-- </EHR> -->
    <!--RIN13FSW-FIN-->
  </bean>

  <bean id="diligencia.ingreso.formatoValorService"
        class="pe.gob.sunat.despaduanero2.diligencia.ingreso.service.FormatoValorServiceImpl">
    <property name="formBProveedorDAO"     ref="diligencia.ingreso.formBProveedorDef" />
    <property name="formBMontoDAO"         ref="diligencia.ingreso.formBMontoDef" />
    <property name="condicionTransaDAO"    ref="diligencia.ingreso.condicionTransaDef" />
    <property name="comprobPagoDAO"        ref="diligencia.ingreso.comprobpagoDef" />
    <property name="itemFacturaDAO"        ref="diligencia.ingreso.itemFacturaDef" />
    <property name="participanteDAO"       ref="diligencia.ingreso.participanteDef" />
    <property name="seriesItemDAO"         ref="diligencia.ingreso.seriesItemDef" />
    <property name="referenciaDudaDAO"     ref="diligencia.ingreso.referenciaDudaDef" />
    <property name="formAFactuDAO"         ref="diligencia.ingreso.formaFactuDef" />
    <property name="catalogoAyudaService"  ref="Ayuda.catalogoAyudaService" />
    <property name="soporteService"        ref="diligencia.ingreso.soporteService" />
    <property name="fabricaDeServicios"    ref="diligencia.ingreso.fabricaDeServiciosData" />
    <property name="swapperDatasource"     ref="diligencia.ingreso.swapperDatasource" />
    <property name="vehiCeticoDAO"     	   ref="diligencia.rectificacion.vehiCeticoDAODef" />
    <property name="cabAdiImpoConsuDAO"    ref="diligencia.rectificacion.cabAdiImpoConsuDef" />
    <property name="factuSuceDAO"     	   ref="diligencia.rectificacion.factuSuceDAODef" />
    <property name="formBItemDescriDAO"    ref="diligencia.ingreso.formBItemDescri" />
    <property name="montoGastoDAO"    ref="montoGastoDAO" />
    <property name="observacionDAO"     	ref="diligencia.ingreso.observacionDef" />
    <!-- inicio CU 14.15 -->
    <property name="vFOBProvisionalDAO"   ref="fobProvisionalDAO" />
    <!-- fin CU 14.15 -->
  </bean>

  <bean id="diligencia.ingreso.liquidaDeclaracionService"
        class="pe.gob.sunat.recauda2.genadeudo.service.LiquidaDeclaracionServiceImpl">
    <property name="cabDocliqDAO"         ref="diligencia.ingreso.cabDocliqDef" />
    <property name="detDocliqDAO"         ref="diligencia.ingreso.detDocliqDef" />
    <property name="patgLiquidaNpdaDAO"   ref="diligencia.ingreso.patgLiquidaNpdaDef" />
    <property name="patgGeneraLcNpdaDAO"  ref="diligencia.ingreso.patgGeneraLcNpdaDef" />
    <property name="deudaDocumDAO"        ref="diligencia.ingreso.deudaDocumDef_xa" />
    <property name="cabDeudaDAO"          ref="diligencia.ingreso.cabDeudaDef_xa" />
    <property name="detDeudaDAO"          ref="diligencia.ingreso.detDeudaDef_xa" />
    <property name="movCabliqdiligDAO"    ref="diligencia.ingreso.movCabliqdiligDef" />
    <property name="movLiqdiligDAO"       ref="diligencia.ingreso.movLiqdiligDef" />
    <property name="prepolpecoDAO"        ref="diligencia.ingreso.prepolpecoDef" />
    <property name="preserpecoDAO"        ref="diligencia.ingreso.preserpecoDef" />
    <property name="preserdcigvDAO"       ref="diligencia.ingreso.preserdcigvDef" />
    <property name="liquidaDAO"           ref="diligencia.ingreso.liquidaDef" />
    <property name="cabAdjImpoconsuDAO"   ref="diligencia.ingreso.cabAdjImpoconsuDef_xa"/>
    <property name="detaliqDAO"           ref="diligencia.ingreso.detaliqDef" />
    <property name="vfpDAO"               ref="servicio.registro.model.vfpDAO" />
    <property name="ddpDAO"               ref="servicio.registro.model.ddpDAO" />
    <property name="participanteDocDAO"   ref="diligencia.ingreso.participanteDef_xa" />
    <property name="detPagoduaDAO"        ref="diligencia.ingreso.detPagoDuaDef_xa" />
    <property name="cabDeclaraDAO"        ref="diligencia.ingreso.cabDeclaraDef_xa" />
    <property name="enableSwapperDataSource" value="true" />
    <property name="fabricaDeServicios"   ref="diligencia.ingreso.fabricaDeServiciosData" />
    <property name="swapperDatasource"    ref="diligencia.ingreso.swapperDatasource" />
    <property name="imputacionService"    ref="recauda.diligencia.imputacionService" />

    <property name="docAutAsociadoDAO"    ref="diligencia.ingreso.docAutAsociadoDef" />
    <property name="ebd1Prov1DAO"    	  ref="exigibilidad.ebd1prov1DAO" />
    <property name="ebd1ProvDAO"    	  ref="exigibilidad.ebd1provDAO" />
    <property name="ebd1CduiDAO"    	  ref="exigibilidad.ebd1cduiDAO" />
    <property name="validaAnexoDeclaracionService"	ref="validaAnexoDeclaracion" />
    <property name="grabarGeneralService"    	  	ref="GrabarGeneralService" />
    <property name="grabarRectificacionService"    	ref="GrabarRectificacionServiceImpl" />
    <property name="swapperDatasourceDeclaracion"   ref="declaracion.swapper.dx.prp1" />
    <property name="swapperDatasourceDeclaracionOP"   ref="declaracion.swapper.dx.prp1" /><!-- <KAH>RIN10</KAH> -->

    <!-- branch 2013-046 cpuente 09/12/13 -->
    <property name="movCalcTributoDAO" ref="diligencia.movCalcTributoDAO" />

    <!-- DZC ISC -->
    <property name="cambio1DAO" 		ref="declaracion.cambio1DAO.Def"/>
    <!--RIN13FSW-INICIO-->
    <!-- HAGAPITO -->
    <property name="deudaTributariaAduaneraService"    ref="genadeudo.deudaTributariaAduaneraService" />
    <!-- fin HAGAPITO -->
    <!--RIN13FSW-FIN-->
    <!--INICIO-FSW-->
    <!-- jlunah -->
    <property name="garantia160Service" ref="diligencia.ingreso.garantia160Service" />
    <property name="deudaDeclaracionService" ref="diligencia.ingreso.deudaDeclaracionService" />
    <property name="deudaTributariaAduaneroService" ref="diligencia.ingreso.deudaTributariaAduaneroService" />
    <property name="solicitudRectificacionesService" ref="solicitudRectificacionesService"/>

    <property name="rectificacionServiceImpl" ref="rectificacionService" />

    <property name="swapperDSDeclaracion" ref="declaracion.swapper.ds.prp1" />
    <!--INICIO RIN08 -->
    <!--     <property name="liquidaDeclaracionPecoAmazoniaService" ref="diligencia.ingreso.liquidaDeclaracionPecoAmazoniaService" /> -->
    <!--FIN RIN08 -->

    <!-- fin jlunah -->
    <!--FIN-FSW-->
  </bean>

  <bean id="diligencia.ingreso.diligenciaService"
        class="pe.gob.sunat.despaduanero2.diligencia.ingreso.service.DiligenciaServiceImpl">
    <property name="incidenciaService"      ref="diligencia.ingreso.incidenciaService" />
    <property name="comunicacionDAO"     		ref="diligencia.ingreso.comunicacionDef_xa" />
    <property name="cabCertiOrigenDAO"   		ref="diligencia.ingreso.cabCertiOrigenDef_xa" />
    <property name="docAutAsociadoDAO"   		ref="diligencia.ingreso.docAutAsociadoDef_xa" />
    <property name="cabDiligenciaDAO"    		ref="diligencia.ingreso.cabDiligenciaDef_xa" />
    <property name="cabDeclaraDAO"       		ref="diligencia.ingreso.cabDeclaraDef_xa" />
    <property name="detDeclaraDAO"       		ref="diligencia.ingreso.detDeclaraDef_xa" />
    <property name="observacionDAO"      		ref="diligencia.ingreso.observacionDef_xa" />
    <property name="tabBolQuimDAO"       		ref="diligencia.ingreso.tabBolQuimDef" />
    <property name="formBProveedorDAO"   		ref="diligencia.ingreso.formBProveedorDef_xa" />
    <property name="formBMontoDAO"       		ref="diligencia.ingreso.formBMontoDef_xa" />
    <property name="condicionTransaDAO"  		ref="diligencia.ingreso.condicionTransaDef_xa" />
    <property name="participanteDocDAO"  		ref="diligencia.ingreso.participanteDef_xa" />
    <property name="espeDocuDAO"         		ref="diligencia.ingreso.espeDocuDef_xa" />
    <property name="consultaDAO"         		ref="diligencia.ingreso.consultaDef" />
    <property name="itemFacturaDAO"      		ref="diligencia.ingreso.itemFacturaDef_xa" />
    <property name="seriesItemDAO"       		ref="diligencia.ingreso.seriesItemDef_xa" />
    <property name="pitTipoPlazosDAO"    		ref="diligencia.ingreso.pitTipoPlazosDef" />
    <property name="plazosProcesoDAO"    		ref="diligencia.ingreso.plazosProcesoDef" />
    <property name="comprobPagoDAO"      		ref="diligencia.ingreso.comprobpagoDef_xa" />
    <property name="docuPreceDuaDAO"     		ref="diligencia.ingreso.docuPreceDuaDef_xa" />
    <property name="multaService"         		ref="diligencia.ingreso.multaService" />
    <property name="fabricaDeServicios" 		ref="diligencia.ingreso.fabricaDeServiciosData" />
    <property name="swapperDatasource"  		ref="diligencia.ingreso.swapperDatasource" />
    <property name="liquidaDeclaracionService" 	ref="diligencia.ingreso.liquidaDeclaracionService" />
    <property name="catEmpleadoDAO"   		  	ref="diligencia.ingreso.catEmpleadoDef" />
    <property name="cabAdiAdmTemDAO"  			ref="diligencia.ingreso.cabAdiAdmTemDef_xa" />
    <property name="estabnoaptoDAO"   			ref="diligencia.ingreso.estabnoaptoDef" />
    <property name="datadoService"    			ref="manifiesto.datado2Service" />
    <property name="rectiOficioDAO"   			ref="diligencia.ingreso.rectiOficioDef" />
    <property name="convenioSerieDAO" 			ref="diligencia.ingreso.convenioSerieDef_xa" />
    <property name="sequenceDAO"      			ref="Framework.sequenceDef" />
    <property name="facturaSerieDAO" 			ref="diligencia.rectificacion.facturaSerieDef_xa"/>
    <property name="formaFactuDAO" 				ref="diligencia.rectificacion.formaFactuDef_xa"/>
    <property name="detAutorizacionDAO" 		ref="diligencia.ingreso.detAutorizacionDef"/>
    <property name="cabSolrectiDAO"     		ref="diligencia.ingreso.cabSolRectiDef" />
    <property name ="detAdiAtpaDAO" 			ref="diligencia.ingreso.DetAdiAtpaDAO" />

    <property name="vehiCeticoDAO" ref="diligencia.ingreso.vehiCeticoDAODef" />
    <property name="montoGastoDAO" ref="diligencia.ingreso.montoGastoDAODef" />
    <property name="catalogoAyudaService" ref="Ayuda.catalogoAyudaService" />
    <property name="soporteService" ref="diligencia.ingreso.soporteService" />
    <property name="cabAdiDiligVincDAO" ref="diligencia.ingreso.cabAdiDiligVincDef_xa" />
    <property name="grabarContingentesService" ref="declaracion.grabarContingentesService" />
    <!-- FIXME : lo llamamos con Fabrica de Servicios
    <property name="publicacionAvisoService" ref="servicio.avisos.service.publicacionAvisoService" />
    -->
    <property name="grabarGeneralService"       ref="GrabarGeneralService" />
    <property name="grabarDeclaracionService"   ref="grabarDeclaracionService" />
    <property name="soporteComparadorService"        ref="diligencia.soporteComparadorService" />
    <property name="rectificacionOficioService"      ref="diligencia.rectificacionOficio.rectificacionOficioService" />
    <property name="diligenciaCulminacionPecoService"      ref="diligencia.culminacionPeco.diligenciaCulminacionPecoService" /><!-- pruizcr peco parte 1 -->
    <property name="vehiCeticoService"  ref="diligencia.ingreso.vehiCeticoService" /><!-- jenciso veticos parte 1 -->
    <!-- P13 JMCV - INICIO  -->
    <property name="asignacionManualService"    	ref="Asignacion.asignacionManualService" />
    <property name="serieService"         			ref="diligencia.ingreso.serieService" />
    <property name="ayudaServiceDataAtributo"		ref="Ayuda.ayudaServiceDataAtributo" />
    <property name="diligenciaService"				ref="diligencia.ingreso.diligenciaService" />
    <property name="declaracionService"				ref="diligencia.ingreso.declaracionService" />
    <property name="resolucionService"				ref="tramite.ResolucionService" />
    <property name="documentoInternoService"		ref="tramite.DocumentoInternoService" />
    <!-- P13 JMCV - FIN -->
    <property name="mercanciaRestringidaEntidadService" ref="mercanciaRestringidaEntidadService"/><!-- RIN 14 -->

    <!-- inicio CU 14.21 -->
    <property name="vFOBProvisionalDAO"   ref="fobProvisionalDAO" />
    <property name="formBItemDescriDAO"   ref="diligencia.ingreso.formBItemDescri_xa" />
    <property name="referenciaDudaDAO"     ref="diligencia.ingreso.referenciaDudaDef_xa" />
    <!-- fin CU 14.21 -->
    <!--    refactoring -->
    <property name="participanteService" ref="despaduanero2.participanteService"/>
    <!-- hosorio asignacion bloque -->
    <property name="asignacionService"     ref="Asignacion.asignacionService" />
    <property name="indicadorDUADAO"    		ref="diligencia.ingreso.indicadorDuaDef" />

    <!--RIN13FSW-INICIO--> <property name="movEquipamientoDAO"  ref="manifiesto.movEquipamientoDAO" /> <!-- juazor -->
    <!-- rin13 - SWF-->
    <!-- rin13 Comendato para utilizar el bean agregado por SUNAT encontrado en el trunk -->
    <!--     <property name="formBItemDescriDAO"    ref="diligencia.ingreso.formBItemDescri" /> -->

    <!--     <EHR> -->
    <property name="movCargaPartiDAO"    ref="manifiesto.movCargaPartiDAO" />
    <property name="datadoDAO"  		 ref="manifiesto.datadoDAO"/>
    <!-- ggranados rollback regu -->
    <property name="orquestadorDiligenciaService"  		 ref="diligencia.ingreso.orquestadorService"/>
    <!--     </EHR> -->
    <!--RIN13FSW-INICIO-->
    <!-- inicio gmontoya Pase 32 -->
    <property name="pagarantiaDAO" ref="pagarantiaDAO"/>
    <!-- fin gmontoya Pase 32 -->
  </bean>

  <bean id="diligencia.culminacionPeco.diligenciaCulminacionPecoService"
        class="pe.gob.sunat.despaduanero2.diligencia.ingreso.service.DiligenciaCulminacionPecoServiceImpl">
    <!-- <property name="disposicionMercanciaService"      ref="disposicionMercanciaService" />-->
  </bean>

  <bean id="diligencia.ingreso.vehiCeticoService"
        class="pe.gob.sunat.despaduanero2.diligencia.ingreso.service.VehiCeticoServiceImpl">
    <property name="vehiCeticoDAO" ref="diligencia.ingreso.vehiCeticoDAODef" />
    <property name="montoGastoDAO" ref="diligencia.ingreso.montoGastoDAODef" />

  </bean>

  <bean id="diligencia.ingreso.incidenciaService"
        class="pe.gob.sunat.despaduanero2.diligencia.ingreso.service.IncidenciaServiceImpl">
    <property name="catalogoAyudaService" ref="Ayuda.catalogoAyudaService" />
    <property name="inciEventoDAO"        ref="diligencia.ingreso.inciEventoDef" />
    <property name="detIncidenciaDAO"     ref="diligencia.ingreso.detIncidenciaDef" />
    <!--RIN13FSW-INICIO-->
    <!-- RIN13-SWF -->
    <property name="liquidaDeclaracionService" 	ref="diligencia.ingreso.liquidaDeclaracionService" />
    <property name="soporteComparadorService"  		ref="diligencia.soporteComparadorService" />

    <property name="soporteService"          ref="diligencia.ingreso.soporteService" />
    <property name="fabricaDeServicios"      ref="diligencia.ingreso.fabricaDeServiciosData" />
    <!--RIN13FSW-FIN--><!--INICIO-RIN13-->

    <property name="soliSubsanacionDAO" ref="diligencia.ingreso.soliSubsanacionDef"/>
    <!--FIN-RIN13--></bean>

  <bean id="diligencia.ingreso.dudaRazonableService"
        class="pe.gob.sunat.despaduanero2.diligencia.ingreso.service.DudaRazonableServiceImpl">
    <property name="notiDudaCabDAO"      ref="diligencia.ingreso.notiDudaCabDef" />
  </bean>

  <bean id="diligencia.ingreso.validaDiligenciaService"
        class="pe.gob.sunat.despaduanero2.diligencia.ingreso.service.ValidaDiligenciaServiceImpl">
    <!--     <property name="catRefPartidasDAO"    ref="diligencia.ingreso.catRefPartidasDef" /> -->
    <property name="cabDiligenciaDAO"     ref="diligencia.ingreso.cabDiligenciaDef_xa" />
    <property name="detAutorizacionDAO"   ref="diligencia.ingreso.detAutorizacionDef" />
    <property name="catRefRucDAO"         ref="diligencia.ingreso.catRefRucDef" />
    <property name="docuPreceDuaDAO"      ref="diligencia.ingreso.docuPreceDuaDef" />
    <property name="aladlibeDAO"          ref="diligencia.ingreso.aladlibeDef" />
    <property name="nandlibeDAO"          ref="diligencia.ingreso.nandlibeDef" />
    <property name="fabricaDeServicios"   ref="diligencia.ingreso.fabricaDeServiciosData" />
    <property name="swapperDatasource"    ref="diligencia.ingreso.swapperDatasource" />
    <property name="ctUsuariosDAO"        ref="diligencia.rectificacion.ctUsuariosDef" />
    <property name="plazosProcesoDAO"          ref="diligencia.ingreso.plazosProcesoDef" />
    <!-- <property name="validacionesService" ref="getValidacionesService" />-->
    <property name="operadorValidaService"  ref="Ayuda.operadorValidaService"/>
    <property name="ayudaService" ref="Ayuda.ayudaService"/>


    <property name="soporteService"          ref="diligencia.ingreso.soporteService" />
  </bean>

  <bean id="diligencia.ingreso.orquestadorService"
        class="pe.gob.sunat.despaduanero2.diligencia.ingreso.service.OrquestadorDiligenciaServiceImpl">
    <property name="catalogoAyudaService"           ref="Ayuda.catalogoAyudaService" />
    <property name="fabricaDeServiciosOrquestador"  ref="framework.fabricaDeServicios"/>
  </bean>

  <bean id="diligencia.ingreso.regimenesPrecedentesService"
        class="pe.gob.sunat.despaduanero2.declaracion.ingreso.service.RegimenesPrecedentesServiceImpl">
    <!-- property name="polizadDAO"           	 ref="diligencia.ingreso.polizadDef" /-->
    <!-- property name="seriesdDAO"           	 ref="diligencia.ingreso.seriesdDef" /-->
    <!-- property name="depoctaDAO"           	 ref="depoctaDAO" /-->
    <!-- property name="ritpitDAO"            	 ref="diligencia.ingreso.ritpitDef" /-->
    <!-- property name="ritSerDAO"            	 ref="diligencia.ingreso.ritSerDef" /-->
    <!-- property name="ritCcDAO"             	 ref="diligencia.ingreso.ritCcDef" /-->
    <!-- property name="trasladoCeticoDAO"    	 ref="diligencia.ingreso.trasladoCeticoDef" /-->
    <!-- property name="trasladoSeriesCeticoDAO" ref="diligencia.ingreso.trasladoSeriesCeticoDef" /-->

  </bean>

  <bean id="diligencia.ingreso.multaService"
        class="pe.gob.sunat.despaduanero2.multa.service.MultaServiceImpl">
    <property name="sancionOperDAO"     ref="diligencia.ingreso.sancionOperDAO" />
    <property name="conceptoDAO"        ref="diligencia.ingreso.conceptoDAO" />
    <property name="multaDuaDAO"        ref="diligencia.ingreso.multaDuaDAO" />
    <property name="rectiOficioDAO"     ref="diligencia.ingreso.rectiOficioDef" />
    <property name="sequenceDAO"        ref="Framework.sequenceDef"/>
    <property name="fabricaDeServicios" ref="diligencia.ingreso.fabricaDeServiciosData" />
    <property name="swapperDatasource"  ref="diligencia.ingreso.swapperDatasource" />
    <!--RIN13FSW-INICIO-->  <property name="deudaService"         ref="diligencia.ingreso.deudaService" />     <property name="uitDAO"         ref="diligencia.ingreso.uit" /> <!--RIN13FSW-FIN-->   </bean>

  <bean id="solicitudRectificacionesService" class="pe.gob.sunat.despaduanero2.diligencia.ingreso.service.SolicitudRectificacionesServiceImpl">
    <property name="tablasRectificacion"  ref="diligencia.rectificacion.tablas" />
    <property name="cabSolrectiDAO"       ref="diligencia.ingreso.cabSolRectiDef" />
    <property name="docAutAsociadoDAO"    ref="diligencia.ingreso.docAutAsociadoDef_xa" />
    <property name="multaService"         ref="diligencia.ingreso.multaService" />
    <property name="detIncidenciaDAO"     ref="diligencia.ingreso.detIncidenciaDef" />
    <property name="cabDiligenciaDAO"     ref="diligencia.ingreso.cabDiligenciaDef_xa" />
    <property name="incidenciaService"    ref="diligencia.ingreso.incidenciaService" />
    <property name="liquidaDeclaracionService" 	ref="diligencia.ingreso.liquidaDeclaracionService" />
    <property name="diligenciaService" 			ref="diligencia.ingreso.diligenciaService" />
    <!-- RIN16  -->
    <property name="declaracionService" 			ref="diligencia.ingreso.declaracionService" />
    <property name="operadorAyudaService" 		ref="Ayuda.operadorAyudaService" />
    <property name="catalogoAyudaService"  		ref="Ayuda.catalogoAyudaService" />
    <property name="fabricaDeServicios"   		ref="diligencia.ingreso.fabricaDeServiciosData" />
    <property name="swapperDatasource"    		ref="diligencia.ingreso.swapperDatasource" />
    <property name="datadoDAO"    		  		ref="diligencia.ingreso.datadoDef" />
    <property name="grabarGeneralService"       ref="GrabarGeneralService" />
    <property name="grabarDeclaracionService"   ref="grabarDeclaracionService" />
    <property name="indicadorDUADAO"    		ref="diligencia.ingreso.indicadorDuaDef" />
    <property name="ddpDAOService"     ref="Ayuda.ddpService" />
    <property name="cabDeclaraDAO"       		ref="diligencia.ingreso.cabDeclaraDef_xa" />
    <property name="fnCalculaDiasDAO" ref="despaduanero2.fnCalculaDiasDAO" />
    <!-- PASE42-VRD -->
    <property name="observacionDAO"     	ref="diligencia.ingreso.observacionDef_xa" />
    <!--INICIO-RIN10-FSW AFMA-->
    <property name="valorProvisionalService" ref="ingreso.validadorValorProvisionalService" />
    <!--FIN-RIN10-FSW AFMA-->
    <!-- rtineo mejoras -->
    <property name="diligenciaBatchService" ref="diligencia.DiligenciaBatchService" />
    <!-- rtineo fin -->
    <!--INICIO-//RSERRANOV PAS20165E220200076  SE ADICIONA PARA CONTINGENTES-->

    <property
            name="grabarContingentesService"
            ref="declaracion.grabarContingentesService" />
    <property
            name="validaContingentesService"
            ref="declaracion.validaContingentesService" />
    <!-- property name="detSolRectiDAO"       ref="diligencia.rectificacion.detSolRectiDef" / -->
    <!--FIN-//RSERRANOV PAS20165E220200076  SE ADICIONA PARA CONTINGENTES-->

  </bean>
  <!-- rtineo mejoras, grabacion en batch -->
  <bean id="diligencia.DiligenciaBatchService" class="pe.gob.sunat.despaduanero2.diligencia.ingreso.service.DiligenciaBatchServiceImpl"
        autowire="byName">
    <property name = "rectiOficioBatchDAO" ref="diligencia.ingreso.rectiOficioBatchDef" />
    <property name = "detAdiAtpaBatchDAO" ref="diligencia.rectificacion.detAdiAtpaBatchDef_xa" />
    <property name = "cabAdiAdmTemBatchDAO" ref="diligencia.ingreso.cabAdiAdmTemBatchDef_xa" />
    <property name = "cabAdiImpoConsuBatchDAO" ref="diligencia.rectificacion.cabAdiImpoConsuBatchDef_xa" />
    <property name = "cabDeclaraBatchDAO"	ref="diligencia.ingreso.cabDeclaraBatchDef_xa" />
    <property name = "comprobPagoBatchDAO" ref="diligencia.ingreso.comprobpagoBatchDef_xa" />
    <property name = "formBProveedorBatchDAO" ref="diligencia.ingreso.formBProveedorBatchDef_xa" />
    <property name = "convenioSerieBatchDAO" ref="diligencia.ingreso.convenioSerieBatchDef_xa" />
    <property name = "detAdiImpoconsuBatchDAO" ref="diligencia.rectificacion.detAdiImpoconsuBatchDef_xa" />
    <property name = "detAdiAtreexBatchDAO" ref="diligencia.rectificacion.detAdiAtreexBatchDef_xa" />
    <property name = "detDeclaraBatchDAO" ref="diligencia.ingreso.detDeclaraBatchDef_xa" />
    <property name = "docAutAsociadoBatchDAO" ref="diligencia.ingreso.docAutAsociadoBatchDef_xa" />
    <property name = "docuPreceDuaBatchDAO" ref="diligencia.ingreso.docuPreceDuaBatchDef_xa" />
    <property name = "equipamientoBatchDAO" ref="diligencia.ingreso.equipamientoBatchDef" />
    <property name = "facturaSerieBatchDAO" ref="diligencia.rectificacion.facturaSerieBatchDef_xa" />

    <property name = "finUbicacionBatchDAO" ref="diligencia.ingreso.finUbicacionBatchDef_xa" />
    <property name = "formaFactuBatchDAO" ref="diligencia.ingreso.formaFactuBatchDef_xa" />
    <property name = "indicadorDUABatchDAO" ref="diligencia.ingreso.indicadorDuaBatchDef" />
    <property name = "itemFacturaBatchDAO" ref="diligencia.ingreso.itemFacturaBatchDef_xa" />
    <property name = "observacionBatchDAO" ref="diligencia.ingreso.observacionBatchDef_xa" />
    <property name = "participanteDocBatchDAO"    ref="diligencia.ingreso.participanteBatchDef_xa" />
    <property name = "seriesItemBatchDAO" ref="diligencia.ingreso.seriesItemBatchDef_xa" />
    <property name = "detAutorizacionBatchDAO"   ref="diligencia.ingreso.detAutorizacionBatchDef" />
    <property name = "vFOBProvisionalBatchDAO" ref="vFOBProvisionalBatchDAO" />
    <property name = "condicionTransaBatchDAO" ref="diligencia.ingreso.condicionTransaBatchDef_xa" />
    <property name = "factuSuceBatchDAO" ref="diligencia.rectificacion.factuSuceBatchDAODef_xa" />
    <property name = "vehiCeticoBatchDAO" ref="diligencia.rectificacion.vehiCeticoBatchDAODef_xa" />
    <property name = "formBMontoBatchDAO" ref="diligencia.ingreso.formBMontoBatchDef_xa" />
    <property name = "cabCertiOrigenBatchDAO" ref="diligencia.ingreso.cabCertiOrigenBatchDef_xa" />
    <property name = "formBItemDescriBatchDAO" ref="diligencia.ingreso.formBItemDescriBatch_xa" />
    <property name = "montoGastoBatchDAO" ref="montoGastoBatchDAO" />
  </bean>
  <!-- rtineo mejoras, fin -->

  <bean id="diligencia.rectificacion.rectificacionService"
        class="pe.gob.sunat.despaduanero2.diligencia.ingreso.service.RectificacionServiceImpl">
    <property name="detSolRectiDAO"       ref="diligencia.rectificacion.detSolRectiDef" />
    <property name="catalogoAyudaService" ref="Ayuda.catalogoAyudaService" />
    <property name="catCasillaFormatoDAO" ref="diligencia.rectificacion.catCasillaFormatoDef" />
    <property name="cabSolrectiDAO"     ref="diligencia.ingreso.cabSolRectiDef" />
    <property name="rectiOficioDAO"     ref="diligencia.ingreso.rectiOficioDef" />
    <property name="solicitudService"        ref="diligencia.ingreso.solicitudService" />
    <property name="soporteMapeoTablasService" ref="diligencia.soporteMapeoTablasService" />
    <property name="participanteDocDAO"     ref="diligencia.ingreso.participanteDef" />
    <property name="ddpDAOService"     ref="Ayuda.ddpService" />
    <!--      <RIN10> 3006 ERUESTAA -->
    <property name="deudaDocumDAO" ref="diligencia.ingreso.deudaDocumDef" />
    <property name="fabricaDeServicios" ref="framework.fabricaDeServicios" />
    <property name="swapperDatasource" ref="diligencia.ingreso.swapperDatasource" />
    <!-- 	 </RIN10> 3006 ERUESTAA -->
    <!-- P24 pase 89 -->
    <property name="cabDiligenciaDAO"     ref="diligencia.ingreso.cabDiligenciaDef_xa" />

  </bean>

  <bean id="diligencia.rectificacion.consultaRectificacionService"
        class="pe.gob.sunat.despaduanero2.diligencia.ingreso.service.ConsultaRectificacionServiceImpl">
    <property name="solicitudRectificacionesService"       ref="solicitudRectificacionesService" />
    <property name="casillaFormatoService"       ref="diligencia.rectificacion.casillaFormatoService" />
    <property name="catalogoAyudaService" ref="Ayuda.catalogoAyudaService" />
    <property name="rectiOficioDAO"     ref="diligencia.ingreso.rectiOficioDef" />
    <property name="solicitudService"        ref="diligencia.ingreso.solicitudService" />
    <property name="fabricaDeServicios"   	 ref="diligencia.ingreso.fabricaDeServiciosData" />

  </bean>
  <bean id="diligencia.rectificacion.casillaFormatoService"
        class="pe.gob.sunat.despaduanero2.diligencia.ingreso.service.CasillaFormatoServiceImpl">
    <property name="catCasillaFormatoDAO"       ref="diligencia.rectificacion.catCasillaFormatoDef" />
  </bean>

  <bean id="recauda.diligencia.imputacionService" class="pe.gob.sunat.recauda2.genadeudo.service.ImputacionServiceImpl">
    <property name="deudaDocumeDAO"		ref="diligencia.ingreso.deudaDocumDef" />
    <property name="cabdeudaDAO" 		ref="cabDeudaDef" />
    <property name="detpagoduaDAO"		ref="diligencia.ingreso.detPagoDuaDef" />
    <property name="cambio1DAO" 		ref="declaracion.cambio1DAO"/>
    <property name="catalogoHelper" 	ref="catalogoHelper"/>
    <property name="funcionesService" 	ref="funcionesService"/>
    <property name="ebd1prov1DAO" 		ref="ebd1prov1Def"/>
    <property name="ebd1provDAO" 		ref="ebd1provDef"/>
    <property name="liquidaDAO" 		ref="diligencia.ingreso.liquidaDef"/>
    <!--INICIO-FSW -->
    <property name="cabDeclaraDAO" ref="diligencia.ingreso.cabDeclaraDef_xa"/>
    <property name="deudaDeclaracionService" ref="diligencia.ingreso.deudaDeclaracionService"/>
    <!--FIN-FSW -->
  </bean>

  <bean id="recauda.diligencia.garantiaService" class="pe.gob.sunat.recauda2.genadeudo.service.GarantiaOperativaServiceImpl">
    <property name="movNGarantiaDAO" ref="movNGarantiaDef" />
    <property name="fabricaDeServicios"  ref="diligencia.ingreso.fabricaDeServiciosData" />
  </bean>

  <!-- olunar - 309 -->
  <bean id="diligencia.ingreso.consultaService" class="pe.gob.sunat.despaduanero2.diligencia.ingreso.service.ConsultaServiceImpl">
    <property name="consultaDAO" 		ref="diligencia.ingreso.consultaDef" />
    <property name="catalogoAyudaService" ref="Ayuda.catalogoAyudaService" />
    <property name="solicitudService"   ref="diligencia.ingreso.solicitudService" />
    <property name="fabricaDeServicios" ref="diligencia.ingreso.fabricaDeServiciosData" />
    <property name="publicacionAvisoService" ref="servicio.avisos.service.publicacionAvisoService" />
    <property name="aduanaRol" ref="tecnologia.menu.intranet.aduanaRolService" />
  </bean>
  <!-- fin -->

  <!-- Esta creación del bean debe realizarse en asignacion-sharelib -->
  <bean id="asignacion.especialistaService"	class="pe.gob.sunat.despaduanero2.asignacion.service.EspecialistaServiceImpl">
  </bean>
  <!-- fin -->
  <!-- XXXXXXXXXXXXXXXXXXXXXXXXXXXXXXXXXXXXX OTROS XXXXXXXXXXXXXXXXXXXXXXXXXXXXXXXXX -->

  <bean id="diligencia.ingreso.transformHelper"
        class="pe.gob.sunat.despaduanero2.diligencia.ingreso.service.GetDeclaracionHashMapToDeclaracionObjectHelper">

    <!-- P28 FSW AFMA P34 NO VA ESTA MAOGANDO OTERAS COSAS
          <property name="fabrica" ref="diligencia.ingreso.fabricaDeServiciosData" />
          -->
  </bean>


  <bean id="diligencia.DeclaracionCalculoDeDatosService"
        class="pe.gob.sunat.despaduanero2.diligencia.ingreso.service.DeclaracionCalculoDeDatosServiceImpl">

    <property name="soporteService"          ref="diligencia.ingreso.soporteService" />
  </bean>

  <!-- PAS20144E620000103 - cpuente -->
  <bean id="diligencia.ingreso.valDuaAbstract"  class="pe.gob.sunat.despaduanero2.declaracion.ingreso.validador.formatoa.ValDuaAbstract" >
  </bean>

  <bean id="diligencia.ingreso.valNegocNumeracFormA"
        class="pe.gob.sunat.despaduanero2.declaracion.ingreso.validador.formatoa.ValNegocNumeracFormAServiceImpl" parent="diligencia.ingreso.valDuaAbstract">
    <!-- property name="ayudaService" ref="Ayuda.ayudaService"/-->
  </bean>

  <!-- Juan Zevallos pe.gob.sunat.servicio2.avisos.service.PublicacionAvisoService-->

  <!--INICIO-FSW-->
  <bean id="diligencia.ingreso.soporteAvisosService"
        class="pe.gob.sunat.despaduanero2.diligencia.ingreso.service.SoporteAvisosServiceImpl">
    <property name="fabricaDeServicios" ref="diligencia.ingreso.fabricaDeServiciosData" />
    <!--RIN13FSW-INICIO-->       <property name="catalogoAyudaService" ref="Ayuda.catalogoAyudaService"/>
    <!--RIN13FSW-FIN-->        <!--amancilla no es necesario-->
    <!--
 <property name="publicacionAvisoService" ref="servicio.avisos.service.publicacionAvisoService" />
 -->
    <!--         <RIN13> -->
    <!--RIN13FSW-INICIO-->    <property name="reporteGestionService" ref="despaduanero2.declaracion.reporte.reporteGestionService"/>
    <!--         </RIN13> -->
    <!--RIN13FSW-FIN-->    </bean>
  <!--FIN-FSW-->
  <!--INICIO-RIN13-->
  <bean id="diligencia.ingreso.diligenciaPreviaService" class="pe.gob.sunat.despaduanero2.diligencia.ingreso.service.DiligenciaPreviaServiceImpl">
    <property name="declaracionService" ref="diligencia.ingreso.declaracionService" />
    <property name="asignacionService" ref="Asignacion.asignacionService" />
    <property name="serieService" ref="diligencia.ingreso.serieService" />
    <property name="documentoOAManifiestoService" ref="manifiesto.documentoOAManifiestoService" />
    <property name="diligenciaService" ref="diligencia.ingreso.diligenciaService" />
    <property name="espeDocuDAO" ref="diligencia.ingreso.espeDocuDef_xa" /><!--INICIO-P24-->
    <property name="cabDiligenciaDAO" ref="diligencia.ingreso.cabDiligenciaDef_xa" />
    <property name="fabricaDeServicios" ref="diligencia.ingreso.fabricaDeServiciosData" /> <!--FIN-P24-->
  </bean>
  <bean id="diligencia.ingreso.SubsanacionZonaPrimariaService" class="pe.gob.sunat.despaduanero2.diligencia.ingreso.service.SubsanacionZonaPrimariaServiceImpl">
    <property name="incidenciaService" ref="diligencia.ingreso.incidenciaService"/>
    <property name="declaracionService" ref="diligencia.ingreso.declaracionService"/>
    <property name="expedienteService" ref="tramite.ExpedienteService"/>
    <property name="participanteService" ref="despaduanero2.participanteService"/>
    <property name="catalogoAyudaService" ref="Ayuda.catalogoAyudaService"/>
    <property name="operadorAyudaService" ref="Ayuda.operadorAyudaService"/>
    <property name="sprDAOService" ref="Ayuda.sprService"/>
    <property name="solicitudService" ref="despaduanero2.solicitudService"/>
    <property name="soliSubsanacionDAOXA" ref="diligencia.ingreso.soliSubsanacionDefXA"/>
    <property name="soliSubsanacionDAO" ref="diligencia.ingreso.soliSubsanacionDef"/>
    <property name="establecimientoNoAptoService" ref="sigad.diligencia.EstablecimientoNoAptoService"/>
    <property name="consultaService" ref="rrhh2.service.consultaService"/>
  </bean>

  <!--FIN-RIN13-->
  <bean id="diligencia.ingreso.diligenciaSimplificadaService" class="pe.gob.sunat.despaduanero2.diligencia.ingreso.service.DiligenciaSimplificadaServiceImpl">
    <property name="serieService" ref="diligencia.ingreso.serieService" />
    <property name="diligenciaService" ref="diligencia.ingreso.diligenciaService" />
    <property name="declaracionService" ref="diligencia.ingreso.declaracionService" />
    <property name="asignacionService" ref="Asignacion.asignacionService" />
    <property name="pagarantiaDAO"    ref="diligencia.ingreso.pagarantiaDef" />
    <!-- amancilla Cmabio de LEY LGA -->
    <property name="fabricaDeServicios"   ref="diligencia.ingreso.fabricaDeServiciosData" />
    <property name="cabDeclaraDAO"      ref="diligencia.ingreso.cabDeclaraDef_xa" />

  </bean>


  <bean id="diligencia.ingreso.liquidaDeclaracionPecoAmazoniaService"
        class="pe.gob.sunat.recauda2.genadeudo.service.LiquidaDeclaracionPecoAmazoniaServiceImpl">
    <property name="movCalcTributoDAO" ref="diligencia.movCalcTributoDAO" />
    <property name="grabarGeneralService"    	  	ref="GrabarGeneralService" />
    <property name="deudaDocumDAO"        ref="diligencia.ingreso.deudaDocumDef_xa" />
    <property name="detPagoduaDAO"        ref="diligencia.ingreso.detPagoDuaDef_xa" />
    <property name="cabDeudaDAO"          ref="diligencia.ingreso.cabDeudaDef_xa" />
    <property name="detDeudaDAO"          ref="diligencia.ingreso.detDeudaDef_xa" />
    <property name="fabricaDeServicios"   ref="diligencia.ingreso.fabricaDeServiciosData" />
  </bean>

  <!-- GGRANADOS PASE comunicacion -->
  <bean id="diligencia.ingreso.comunicacionService" class="pe.gob.sunat.despaduanero2.diligencia.ingreso.service.ComunicacionServiceImpl">
    <property name="comunicacionDao" ref="diligencia.ingreso.comunicacionDef" />
  </bean>
  <!-- P34-3014-INICIO -->
  <bean id="receptor.formatob.reglaConversionService"
        class="pe.gob.sunat.tecnologia.receptor.service.ReglaConversionServiceImpl">
    <property name="dao" ref="receptor.formatob.reglaConversionDao" />
  </bean>

  <bean id="receptor.formatob.zipUtil" class="pe.gob.sunat.framework.spring.util.compression.ZipUtil" />
  <!-- P34-3014-FIN -->
</beans>