<?xml version="1.0" encoding="UTF-8"?>

<beans xmlns="http://www.springframework.org/schema/beans"
	xmlns:xsi="http://www.w3.org/2001/XMLSchema-instance"
	xmlns:util="http://www.springframework.org/schema/util"
	xsi:schemaLocation=" http://www.springframework.org/schema/beans
			http://www.springframework.org/schema/beans/spring-beans-2.5.xsd
    		http://www.springframework.org/schema/util
    		http://www.springframework.org/schema/util/spring-util-2.5.xsd"
    		default-lazy-init="true">

	<!-- bean del cual heredan las demas clases-->
	<bean id="diligencia.rectificacion.Abstract" class="pe.gob.sunat.despaduanero2.diligencia.ingreso.rectificacion.RectificacionAbstract" abstract="true">
		<property name="sequenceDAO"          ref="Framework.sequenceDef"/>
		<property name="rectiOficioDAO"       ref="diligencia.ingreso.rectiOficioDef" />
		<!-- rtineo mejoras -->
		<property name="rectiOficioBatchDAO"  ref="diligencia.ingreso.rectiOficioBatchDef" />
		<!-- fin mejoas -->
		<property name="detSolRectiDAO"       ref="diligencia.rectificacion.detSolRectiDef" />
		<property name="fabricaDeServicios"   ref="diligencia.ingreso.fabricaDeServiciosData" />
	</bean>

	<bean name = "diligencia.rectificacion.codtabla.T0028"
		class="pe.gob.sunat.despaduanero2.diligencia.ingreso.rectificacion.DetAdiAtpaRectificacion" 
    parent="diligencia.rectificacion.Abstract">
		<property name = "detAdiAtpaDAO" ref="diligencia.rectificacion.detAdiAtpaDef_xa" />
	<!-- rtineo modificacion, grabacion en batch -->
		<property name = "detAdiAtpaBatchDAO" ref="diligencia.rectificacion.detAdiAtpaBatchDef_xa" />
		<!-- rtineo fin -->
	</bean>


	<bean name = "diligencia.rectificacion.codtabla.T0047"
		class="pe.gob.sunat.despaduanero2.diligencia.ingreso.rectificacion.CabAdiAdmTemRectificacion" 
    parent="diligencia.rectificacion.Abstract">
		<property name = "cabAdiAdmTemDAO" ref="diligencia.ingreso.cabAdiAdmTemDef_xa" />
	<!-- rtineo mejors, grabacion en batch -->
		<property name = "cabAdiAdmTemBatchDAO" ref="diligencia.ingreso.cabAdiAdmTemBatchDef_xa" />		
		<!-- rtineo mejoras, fin -->
	</bean>

	<bean name ="diligencia.rectificacion.codtabla.T0048"
		class="pe.gob.sunat.despaduanero2.diligencia.ingreso.rectificacion.CabAdiImpoConsuRectificacion" 
    parent="diligencia.rectificacion.Abstract">
		<property name = "cabAdiImpoConsuDAO"
			ref="diligencia.rectificacion.cabAdiImpoConsuDef_xa" />
	<!-- rtineo mejoras, grabacion en batch -->
		<property name = "cabAdiImpoConsuBatchDAO" ref="diligencia.rectificacion.cabAdiImpoConsuBatchDef_xa" />		
		<!-- rtineo mejoras, fin -->
	</bean>

	<bean name = "diligencia.rectificacion.codtabla.T0051"
		class="pe.gob.sunat.despaduanero2.diligencia.ingreso.rectificacion.CabDeclaraRectificacion" 
    parent="diligencia.rectificacion.Abstract">
		<property name = "declaracionService" ref="diligencia.ingreso.declaracionService" />
		<property name="cabDeclaraDAO"        ref="diligencia.ingreso.cabDeclaraDef_xa" />
	<!-- rtineo mejoras, grabacion en batch -->
		<property name="cabDeclaraBatchDAO"        ref="diligencia.ingreso.cabDeclaraBatchDef_xa" />
		<!-- rtineo mejoras, fin -->
	</bean>
	
	<bean name = "diligencia.rectificacion.codtabla.T0038"
		class="pe.gob.sunat.despaduanero2.diligencia.ingreso.rectificacion.ComproBPagoRectificacion" 
    parent="diligencia.rectificacion.Abstract">
		<property name = "comprobPagoDAO" ref="diligencia.ingreso.comprobpagoDef_xa" />
		<property name="formBProveedorDAO"    ref="diligencia.ingreso.formBProveedorDef_xa" />
	<!-- rtineo mejoras, grabacion en batch -->
		<property name = "comprobPagoBatchDAO" ref="diligencia.ingreso.comprobpagoBatchDef_xa" />
		<property name = "formBProveedorBatchDAO" ref="diligencia.ingreso.formBProveedorBatchDef_xa" />
		<!-- rtineo mejoras, fin -->
	</bean>

	<bean name = "diligencia.rectificacion.codtabla.T0042"
		class="pe.gob.sunat.despaduanero2.diligencia.ingreso.rectificacion.ConvenioSerieRectificacion" 
    parent="diligencia.rectificacion.Abstract">
		<property name = "convenioSerieDAO" ref="diligencia.ingreso.convenioSerieDef_xa" />

<!-- rtineo mejoras, grabacion en batch -->
		<property name = "convenioSerieBatchDAO" ref="diligencia.ingreso.convenioSerieBatchDef_xa" />
		<!-- rtineo mejoras, fin -->
	</bean>

	<bean name ="diligencia.rectificacion.codtabla.T0092"
		class="pe.gob.sunat.despaduanero2.diligencia.ingreso.rectificacion.DetAdiImpoConsuRectificacion" 
    parent="diligencia.rectificacion.Abstract">
		<property name = "detAdiImpoconsuDAO"
			ref="diligencia.rectificacion.detAdiImpoconsuDef_xa" />
	<!-- rtineo mejoras -->
		<property name = "detAdiImpoconsuBatchDAO" ref="diligencia.rectificacion.detAdiImpoconsuBatchDef_xa" />		
		<!-- rtineo fin -->
	</bean>

	<bean name = "diligencia.rectificacion.codtabla.T0029"
		class="pe.gob.sunat.despaduanero2.diligencia.ingreso.rectificacion.DetAdiAtreexRectificacion" 
    parent="diligencia.rectificacion.Abstract">
		<property name = "detAdiAtreexDAO"
			ref="diligencia.rectificacion.detAdiAtreexDef_xa" />
	<!-- rtineo mejoras, grabacion en batch -->
		<property name = "detAdiAtreexBatchDAO" ref="diligencia.rectificacion.detAdiAtreexBatchDef_xa" />
		<!-- rtineo mejoras, fin -->
	</bean>

	<bean name = "diligencia.rectificacion.codtabla.T0052"
		class="pe.gob.sunat.despaduanero2.diligencia.ingreso.rectificacion.DetDeclaraRectificacion" 
    parent="diligencia.rectificacion.Abstract">
		<property name = "detDeclaraDAO" ref="diligencia.ingreso.detDeclaraDef_xa" />
	<!-- rtineo mejoras,grabacion en batch -->
		<property name = "detDeclaraBatchDAO" ref="diligencia.ingreso.detDeclaraBatchDef_xa" />
		<!-- rtineo mejoras, fin -->
	</bean>

	<bean name = "diligencia.rectificacion.codtabla.T0063"
		class="pe.gob.sunat.despaduanero2.diligencia.ingreso.rectificacion.DocAutAsociadoRectificacion" 
    parent="diligencia.rectificacion.Abstract">
		<property name = "docAutAsociadoDAO" ref="diligencia.ingreso.docAutAsociadoDef_xa" />
	<!-- rtineo mejoras, grabacion en batch -->
		<property name = "docAutAsociadoBatchDAO" ref="diligencia.ingreso.docAutAsociadoBatchDef_xa" />
		<!-- rtineo fin -->
	</bean>

	<bean name = "diligencia.rectificacion.codtabla.T0050"
		class="pe.gob.sunat.despaduanero2.diligencia.ingreso.rectificacion.DocuPreceDuaRectificacion" 
    parent="diligencia.rectificacion.Abstract">
		<property name = "docuPreceDuaDAO" ref="diligencia.ingreso.docuPreceDuaDef_xa" />
<!-- rtineo mejoras, grabacion en batch -->
	<property name = "docuPreceDuaBatchDAO" ref="diligencia.ingreso.docuPreceDuaBatchDef_xa" />
		<!-- rtineo mejoras, fin -->	</bean>

<bean name = "diligencia.rectificacion.codtabla.T0112"
		class="pe.gob.sunat.despaduanero2.diligencia.ingreso.rectificacion.EquipamientoRectificacion" 
    parent="diligencia.rectificacion.Abstract">
		<property name = "equipamientoDAO" ref="diligencia.ingreso.equipamientoDef_xa" />
	<property name="cabDeclaraDAO"        ref="diligencia.ingreso.cabDeclaraDef_xa" />
	          <!-- rtineo mejoras, grabacion en batch -->
		<property name = "equipamientoBatchDAO" ref="diligencia.ingreso.equipamientoBatchDef" />
		<!-- rtineo mejoras, fin -->
	</bean>

	<bean name = "diligencia.rectificacion.codtabla.T0119"
		class="pe.gob.sunat.despaduanero2.diligencia.ingreso.rectificacion.PrecintoRectificacion" 
    parent="diligencia.rectificacion.Abstract">
		<property name = "precintoDAO" ref="diligencia.ingreso.precintoDef_xa" />
		<property name = "movEquipamientoDAO" ref="diligencia.ingreso.movEquipamientoDef_xa" />
		<property name = "participanteDocDAO" ref="diligencia.ingreso.participanteDef_xa" />
		
	</bean>

<bean name = "diligencia.rectificacion.codtabla.T0015"
		class="pe.gob.sunat.despaduanero2.diligencia.ingreso.rectificacion.FacturaSerieRectificacion" 
    parent="diligencia.rectificacion.Abstract">
		<property name = "facturaSerieDAO" ref="diligencia.rectificacion.facturaSerieDef_xa" />
	<!-- rtineo mejoras, grabacion en batch -->
		<property name = "facturaSerieBatchDAO" ref="diligencia.rectificacion.facturaSerieBatchDef_xa" />
		<!-- rtineo mejoras, fin -->
	</bean>

	<bean name = "diligencia.rectificacion.codtabla.T0068"
		class="pe.gob.sunat.despaduanero2.diligencia.ingreso.rectificacion.FinUbicacionRectificacion" 
    parent="diligencia.rectificacion.Abstract">
		<property name = "finUbicacionDAO" ref="diligencia.ingreso.finUbicacionDef_xa" />
	<!-- rtineo mejoras, grabacion en batch -->
		<property name = "finUbicacionBatchDAO" ref="diligencia.ingreso.finUbicacionBatchDef_xa" />
		<!-- rtineo mejoras, fin -->
	</bean>

	<bean name = "diligencia.rectificacion.codtabla.T0016"
		class="pe.gob.sunat.despaduanero2.diligencia.ingreso.rectificacion.FormaFactuRectificacion" 
    parent="diligencia.rectificacion.Abstract">
		<property name = "formaFactuDAO" ref="diligencia.ingreso.formaFactuDef_xa" />
	<!-- rtineo mejoras, grabacion en batch -->
		<property name = "formaFactuBatchDAO" ref="diligencia.ingreso.formaFactuBatchDef_xa" />
		<!-- rtineo mejoras, fin grabacion -->
	</bean>

	<bean name = "diligencia.rectificacion.codtabla.T0070"
		class="pe.gob.sunat.despaduanero2.diligencia.ingreso.rectificacion.FormBProveedorRectificacion" 
    parent="diligencia.rectificacion.Abstract">
		<property name = "formBProveedorDAO" ref="diligencia.ingreso.formBProveedorDef_xa" />
	<!-- rtineo mejoras, grabacion en batch -->
		<property name = "formBProveedorBatchDAO" ref="diligencia.ingreso.formBProveedorBatchDef_xa" />
		<!-- rtineo mejoras, fin -->
	</bean>

	<bean name = "diligencia.rectificacion.codtabla.T0060"
		class="pe.gob.sunat.despaduanero2.diligencia.ingreso.rectificacion.IndicadorDuaRectificacion" 
    parent="diligencia.rectificacion.Abstract">
		<property name = "indicadorDUADAO" ref="diligencia.ingreso.indicadorDuaDef" />
		<property name="cabDeclaraDAO"        ref="diligencia.ingreso.cabDeclaraDef_xa" />
	<!-- rtineo mejoras, grabacion en batch -->
		<property name = "indicadorDUABatchDAO" ref="diligencia.ingreso.indicadorDuaBatchDef" />
		<property name = "cabDeclaraBatchDAO" ref="diligencia.ingreso.cabDeclaraBatchDef_xa" />
		<!-- rtineo mejoras, fin -->
	</bean>

	<bean name = "diligencia.rectificacion.codtabla.T0078"
		class="pe.gob.sunat.despaduanero2.diligencia.ingreso.rectificacion.ItemFacturaRectificacion" 
    parent="diligencia.rectificacion.Abstract">
		<property name = "itemFacturaDAO" ref="diligencia.ingreso.itemFacturaDef_xa" />
		<property name="catalogoAyudaService"    ref="Ayuda.catalogoAyudaService" />
	<!--  rtineo mejoras, grabacion en batch -->
		<property name = "itemFacturaBatchDAO" ref="diligencia.ingreso.itemFacturaBatchDef_xa" />
		<!-- rtineo mejoras, fin -->
	</bean>

	<bean name = "diligencia.rectificacion.codtabla.T0083"
		class="pe.gob.sunat.despaduanero2.diligencia.ingreso.rectificacion.ObservacionRectificacion" 
    parent="diligencia.rectificacion.Abstract">
		<property name = "observacionDAO" ref="diligencia.ingreso.observacionDef_xa" />
	<!-- rtineo mejoras, grabacion en batch -->
		<property name = "observacionBatchDAO" ref="diligencia.ingreso.observacionBatchDef_xa" />
		<!-- rtineo mejoras, fin -->
	</bean>

	<bean id = "diligencia.rectificacion.codtabla.T0087"
		class="pe.gob.sunat.despaduanero2.diligencia.ingreso.rectificacion.ParticipanteRectificacion" 
    parent="diligencia.rectificacion.Abstract">
		<property name = "participanteDocDAO" ref="diligencia.ingreso.participanteDef_xa" />
		<property name="formBProveedorDAO"    ref="diligencia.ingreso.formBProveedorDef_xa" />
		<property name="ddpDAOService"    ref="Ayuda.ddpService" />
		
<!-- rtineo mejoras,grabacion en batch -->
		<property name="participanteDocBatchDAO"    ref="diligencia.ingreso.participanteBatchDef_xa" />
		<property name="formBProveedorBatchDAO"    ref="diligencia.ingreso.formBProveedorBatchDef_xa" />
		<!-- rtineo mejoras, fin -->
	</bean>

	<bean id = "diligencia.rectificacion.codtabla.T0043"
		class="pe.gob.sunat.despaduanero2.diligencia.ingreso.rectificacion.SeriesItemRectificacion" 
    parent="diligencia.rectificacion.Abstract">
		<property name = "seriesItemDAO" ref="diligencia.ingreso.seriesItemDef_xa" />
	<!--  rtineo mejoras, grabacion en batch -->
		<property name = "seriesItemBatchDAO" ref="diligencia.ingreso.seriesItemBatchDef_xa" />
		<!--  rtineo fin -->
	</bean>

	<bean id = "diligencia.rectificacion.codtabla.T0033"
		class="pe.gob.sunat.despaduanero2.diligencia.ingreso.rectificacion.DetAutorizacionRectificacion" 
    parent="diligencia.rectificacion.Abstract">
		<property name="serieService" 	      ref="diligencia.ingreso.serieService" />
		<property name="detAutorizacionDAO"   ref="diligencia.ingreso.detAutorizacionDef" />
	<!-- rtineo mejoras, grabacion en batch -->
		<property name="detAutorizacionBatchDAO"   ref="diligencia.ingreso.detAutorizacionBatchDef" />
		<!-- fin -->
	</bean>

	<bean id = "diligencia.rectificacion.codtabla.T0105"
		class="pe.gob.sunat.despaduanero2.diligencia.ingreso.rectificacion.VFobProvisionalRectificacion" 
    parent="diligencia.rectificacion.Abstract">
		<property name = "vFOBProvisionalDAO" ref="fobProvisionalDAO" />
	<!--  rtineo mejoras, grabcion en batch -->
		<property name = "vFOBProvisionalBatchDAO" ref="vFOBProvisionalBatchDAO" />
		<!-- rtineo mejoras, fin -->
	</bean>
	
	<bean id = "diligencia.rectificacion.codtabla.T0039"
		class="pe.gob.sunat.despaduanero2.diligencia.ingreso.rectificacion.CondicionTransaRectificacion" 
    parent="diligencia.rectificacion.Abstract">
		<property name = "condicionTransaDAO" ref="diligencia.ingreso.condicionTransaDef_xa" />
	<!-- rtineo mejoras, grabacion en batch -->
		<property name = "condicionTransaBatchDAO" ref="diligencia.ingreso.condicionTransaBatchDef_xa" />
		<!-- rtineo fin -->
	</bean>
	
	<bean id = "diligencia.rectificacion.codtabla.T0067"
		class="pe.gob.sunat.despaduanero2.diligencia.ingreso.rectificacion.FactuSuceRectificacion" 
    parent="diligencia.rectificacion.Abstract">
		<property name = "factuSuceDAO" ref="diligencia.rectificacion.factuSuceDAODef_xa" />
	<!-- rtineo mejoras, grabacion en batch -->
		<property name = "factuSuceBatchDAO" ref="diligencia.rectificacion.factuSuceBatchDAODef_xa" />
		<!-- rtineo mejoras, fin -->
	</bean>
	
	<bean id = "diligencia.rectificacion.codtabla.T0106"
		class="pe.gob.sunat.despaduanero2.diligencia.ingreso.rectificacion.VehiCeticoRectificacion" 
    parent="diligencia.rectificacion.Abstract">
		<property name = "vehiCeticoDAO" ref="diligencia.rectificacion.vehiCeticoDAODef_xa" />
	<!--  rtineo mejoras, grabacion en batch -->
		<property name = "vehiCeticoBatchDAO" ref="diligencia.rectificacion.vehiCeticoBatchDAODef_xa" />
		<!-- rtineo mejoras, fin -->
	</bean>
	
	<bean id = "diligencia.rectificacion.codtabla.T0080"
		class="pe.gob.sunat.despaduanero2.diligencia.ingreso.rectificacion.FormBMontoRectificacion" 
    parent="diligencia.rectificacion.Abstract">
		<property name = "formBMontoDAO" ref="diligencia.ingreso.formBMontoDef_xa" />
		
<!-- rtineo mejoras, grabacion en batch -->
		<property name = "formBMontoBatchDAO" ref="diligencia.ingreso.formBMontoBatchDef_xa" />
		<!-- rtineo mejoras, fin -->
	</bean>
			<bean id = "diligencia.rectificacion.codtabla.T0037"
		class="pe.gob.sunat.despaduanero2.diligencia.ingreso.rectificacion.CabCertiOrigenRectificacion" 
    parent="diligencia.rectificacion.Abstract">
		<property name = "cabCertiOrigenDAO" ref="diligencia.ingreso.cabCertiOrigenDef_xa" />
		<!-- rtineo mejoras, grabacion en batch -->
		<property name = "cabCertiOrigenBatchDAO" ref="diligencia.ingreso.cabCertiOrigenBatchDef_xa" />
		<property name = "docAutAsociadoBatchDAO" ref="diligencia.ingreso.docAutAsociadoBatchDef_xa" />
		<!-- rtineo mejoras fin -->
		<!-- gmontoya diligencia 2012-->
		<property name = "docAutAsociadoDAO" ref="diligencia.ingreso.docAutAsociadoDef_xa" />
	</bean>

	<bean id = "diligencia.rectificacion.codtabla.T0069"
		class="pe.gob.sunat.despaduanero2.diligencia.ingreso.rectificacion.FormBItemDescriRectificacion" 
    parent="diligencia.rectificacion.Abstract">
		<property name = "formBItemDescriDAO" ref="diligencia.ingreso.formBItemDescri_xa" />
	<!-- rtineo mejoras, grabacion en batch -->
		<property name = "formBItemDescriBatchDAO" ref="diligencia.ingreso.formBItemDescriBatch_xa" />
		<!-- rtineo mejoras, fin -->
	</bean>
	
	<bean id = "diligencia.rectificacion.codtabla.T0079"
		class="pe.gob.sunat.despaduanero2.diligencia.ingreso.rectificacion.MontoGastoRectificacion" 
    parent="diligencia.rectificacion.Abstract">
		<property name = "montoGastoDAO" ref="montoGastoDAO" />
	<!--  rtineo mejoras, grabacion en batch -->
		<property name = "montoGastoBatchDAO" ref="montoGastoBatchDAO" />
		<!-- rtineo mejoras, fin -->
	</bean>	
	
	<!-- Tener en cuenta el orden en el que se insertaran las tablas puesto que podría ocurrir problemas de integridad referencial-->
	<util:list id="diligencia.rectificacion.tablas" value-type="java.lang.String" list-class="java.util.LinkedList">
		<value>T0047</value>
		<value>T0048</value>
		<value>T0051</value>
		<value>T0038</value> <!-- COMPROB_PAGO -->
		<value>T0052</value>
	  <value>T0028</value>		
		<value>T0029</value>
		<value>T0092</value>
		<value>T0063</value>
		<value>T0050</value>
		<value>T0112</value>
		<value>T0068</value>
		<!-- fjp el  T0016 siempre debe de ir antes del T0015-->
		<value>T0016</value>
		<value>T0015</value>
		<!-- FIN -->
		<value>T0070</value> <!-- FORMBPROVEEDOR -->
		<value>T0060</value>
		<value>T0078</value>
		<value>T0083</value>
		<value>T0087</value> <!-- PARTICIPANTE_DOC -->
		<value>T0043</value> <!-- SERIES_ITEM -->
		<!-- gmontoya diligencia certiOrigen debe ir antes de det_autorizacion -->
		<value>T0037</value> <!-- CAB_CERTIORIGEN -->
		<value>T0033</value> <!-- DET_AUTORIZACION -->
		<value>T0042</value>
		<value>T0105</value>		
		<value>T0039</value>
		<value>T0067</value>
		<value>T0106</value>
		<value>T0080</value>		
		<value>T0069</value> <!-- Formbproveedor -->
		<value>T0079</value> <!-- MontoGasto -->		
	<value>T0119</value> <!-- PRECINTO -->			
	</util:list>

</beans>
