<?xml version="1.0" encoding="UTF-8"?>
<!-- ***P34 3013 JMCV Inicio -->
<beans xmlns="http://www.springframework.org/schema/beans"
xmlns:xsi="http://www.w3.org/2001/XMLSchema-instance" xmlns:aop="http://www.springframework.org/schema/aop"
  xmlns:context="http://www.springframework.org/schema/context"
     xsi:schemaLocation="http://www.springframework.org/schema/beans
    http://www.springframework.org/schema/beans/spring-beans-2.5.xsd
    http://www.springframework.org/schema/aop
    http://www.springframework.org/schema/aop/spring-aop-2.5.xsd
    http://www.springframework.org/schema/context
    http://www.springframework.org/schema/context/spring-context-2.5.xsd"
    default-lazy-init="true">

<!-- Imports de config XML de otros proyectos externos -->
<import resource="classpath:despaduanero2-diligencia-ingreso-data.xml" />

<context:annotation-config/>
<bean id="diligencia.validacion.rectificacionOficio.rectificacionOficioService"
  class="pe.gob.sunat.despaduanero2.diligencia.ingreso.service.RectificacionOficioServiceImpl">
  <property name="cabDiligenciaDAO"     ref="diligencia.ingreso.cabDiligenciaDef_xa" />
  </bean>
  <bean id="diligencia.validacion.culminacionPeco.diligenciaCulminacionPecoService"
        class="pe.gob.sunat.despaduanero2.diligencia.ingreso.service.DiligenciaCulminacionPecoServiceImpl">
    <property name="cabDiligenciaDAO"     ref="diligencia.ingreso.cabDiligenciaDef_xa" />
  </bean>
  
</beans>
<!-- ***P34 3013 JMCV Fin  -->