<?xml version="1.0" encoding="UTF-8"?>
<wls:weblogic-application
	xmlns:wls="http://www.bea.com/ns/weblogic/weblogic-application"
	xmlns:xsi="http://www.w3.org/2001/XMLSchema-instance"
	xsi:schemaLocation="http://java.sun.com/xml/ns/javaee http://java.sun.com/xml/ns/javaee/javaee_5.xsd http://www.bea.com/ns/weblogic/weblogic-application http://www.bea.com/ns/weblogic/weblogic-application/1.0/weblogic-application.xsd">

	<wls:application-param>
		<wls:param-name>webapp.encoding.default</wls:param-name>
		<wls:param-value>UTF-8</wls:param-value>
	</wls:application-param>

	<!-- referencias a las librerias compartidas de arquitectura -->
	<wls:library-ref>
		<wls:library-name>tecnologia-terceros-sharedlib</wls:library-name>
		<wls:specification-version>2.0</wls:specification-version>
		<wls:implementation-version>2.1.0</wls:implementation-version>
	</wls:library-ref>
    <wls:library-ref>
		<wls:library-name>tecnologia-tercerosxml-sharedlib</wls:library-name>
		<wls:specification-version>1.0</wls:specification-version>
		<wls:implementation-version>1.0.0</wls:implementation-version>
	</wls:library-ref>
	<wls:library-ref>
		<wls:library-name>despaduanero2-seleccion-sharedlib</wls:library-name>
		<wls:specification-version>2.0</wls:specification-version>
		<wls:implementation-version>2.2.0</wls:implementation-version>
	</wls:library-ref>
	<wls:library-ref>
		<wls:library-name>tecnologia-arquitectura-catalogo-sharedlib</wls:library-name>
		<wls:specification-version>5.0</wls:specification-version>
		<wls:implementation-version>5.2.22</wls:implementation-version>
	</wls:library-ref>
	<wls:library-ref>
		<wls:library-name>tecnologia-seguridad-sharedlib</wls:library-name>
		<wls:specification-version>1.0</wls:specification-version>
		<wls:implementation-version>1.1.0</wls:implementation-version>
	</wls:library-ref>
	<wls:library-ref>
		<wls:library-name>tecnologia-framework2-sharedlib</wls:library-name>
		<wls:specification-version>2.0</wls:specification-version>
		<wls:implementation-version>2.2.0</wls:implementation-version>
	</wls:library-ref>
	<wls:library-ref>
		<wls:library-name>tecnologia2-auditoria-sharedlib</wls:library-name>
		<wls:specification-version>2.0</wls:specification-version>
		<wls:implementation-version>2.0.1</wls:implementation-version>
	</wls:library-ref>
</wls:weblogic-application>