<?xml version="1.0" encoding="UTF-8"?>
<wls:weblogic-web-app xmlns:wls="http://www.bea.com/ns/weblogic/weblogic-web-app" xmlns:xsi="http://www.w3.org/2001/XMLSchema-instance" xsi:schemaLocation="http://java.sun.com/xml/ns/javaee http://java.sun.com/xml/ns/javaee/web-app_2_5.xsd http://www.bea.com/ns/weblogic/weblogic-web-app http://www.bea.com/ns/weblogic/weblogic-web-app/1.0/weblogic-web-app.xsd">

	<wls:weblogic-version>10.3.0</wls:weblogic-version>
	<wls:description><![CDATA[Registro del motivo para POST-LEVANTE]]></wls:description>
	<wls:context-root>iapostlevante</wls:context-root>


	<wls:resource-description>
		<wls:res-ref-name>jdbc/dxbdsigad</wls:res-ref-name>
		<wls:jndi-name>jdbc/dxbdsigad</wls:jndi-name>
	</wls:resource-description>

	<wls:resource-description>
		<wls:res-ref-name>jdbc/dcrecauda0j</wls:res-ref-name>
		<wls:jndi-name>jdbc/dcrecauda0j</wls:jndi-name>
	</wls:resource-description>

	<wls:resource-description>
		<wls:res-ref-name>jdbc/dcbdsigad</wls:res-ref-name>
		<wls:jndi-name>jdbc/dcbdsigad</wls:jndi-name>
	</wls:resource-description>


	<wls:resource-description>
		<wls:res-ref-name>jdbc/dcsp</wls:res-ref-name>
		<wls:jndi-name>jdbc/dcsp</wls:jndi-name>
	</wls:resource-description>

	<wls:resource-description>
		<wls:res-ref-name>jdbc/dcbdseq</wls:res-ref-name>
		<wls:jndi-name>jdbc/dxbdsigad</wls:jndi-name>
	</wls:resource-description>

	<wls:session-descriptor>
		<wls:tracking-enabled>true</wls:tracking-enabled>
		<wls:cookie-name>IAPOSTLEVANTESESSION</wls:cookie-name>
		<wls:persistent-store-type>jdbc</wls:persistent-store-type>
		<wls:persistent-data-source-jndi-name>jdbc/dgbdsdasession</wls:persistent-data-source-jndi-name>
        <wls:persistent-store-table>SS_SDA_DDI</wls:persistent-store-table>		
	</wls:session-descriptor>


	<wls:container-descriptor>
		<wls:session-monitoring-enabled>true</wls:session-monitoring-enabled>
	</wls:container-descriptor>

</wls:weblogic-web-app>