<?xml version="1.0" encoding="UTF-8"?>
<!DOCTYPE sqlMap PUBLIC "-//ibatis.apache.org//DTD SQL Map 2.0//EN" "http://ibatis.apache.org/dtd/sql-map-2.dtd">
<sqlMap namespace="MULTADUA">
  
  	<!-- RIN15 - f2 3011 - Inicio - lrodriguezc -->
  	
  	<!-- Aliases -->
	<typeAlias alias="multaDua" type="pe.gob.sunat.despaduanero2.diligencia.ingreso.model.MultaDua"/>
	
	<!-- Result Maps -->
	<resultMap id="selectMultaDua" class="multaDua">
		<result property="numCorreDoc" column="NUM_CORREDOC" />
		<result property="codTipoDiligencia" column="COD_TIPDILIGENCIA" />
		<result property="codMulta" column="COD_MULTA" />
		<result property="montoMulta" column="MTO_MULTA"/>
		<result property="porcDescuento" column="POR_DESCUENTO" />
		<result property="montoTotalMulta" column="MTO_TOTALMULTA" />
		<result property="indLC" column="IND_LC" />
		<result property="numLC" column="NUM_LC" />
		<result property="annLC" column="ANN_LC" />
		<result property="codAduanaLC" column="COD_ADUANALC" />
		<result property="desExoneraLC" column="DES_EXONERALC" />
		<result property="codFuncionario" column="COD_FUNCIONARIO" />
		<result property="indDel" column="IND_DEL" />
		<result property="codUsuaRegistro" column="COD_USUREGIS" />
		<result property="fecRegistro" column="FEC_REGIS" />
		<result property="codUsuaModificacion" column="COD_USUMODIF" />
		<result property="fecModificacion" column="FEC_MODIF" />
		<result property="numCorredocSol" column="NUM_CORREDOC_SOL" />
	</resultMap>
	
	<!-- RIN15 - f2 3011 - Fin - lrodriguezc -->
	
  <insert id="insertSelective" parameterClass="java.util.HashMap">
    insert into MULTA_DUA
    <dynamic prepend="(">
      <isNotNull prepend="," property="COD_MULTA">
        COD_MULTA
      </isNotNull>
      <isNotNull prepend="," property="COD_TIPDILIGENCIA">
        COD_TIPDILIGENCIA
      </isNotNull>
      <isNotNull prepend="," property="NUM_CORREDOC">
        NUM_CORREDOC
      </isNotNull>
      <isNotNull prepend="," property="MTO_MULTA">
        MTO_MULTA
      </isNotNull>
      <isNotNull prepend="," property="POR_DESCUENTO">
        POR_DESCUENTO
      </isNotNull>
      <isNotNull prepend="," property="MTO_TOTALMULTA">
        MTO_TOTALMULTA
      </isNotNull>
      <isNotNull prepend="," property="IND_LC">
        IND_LC
      </isNotNull>
      <isNotNull prepend="," property="NUM_LC">
        NUM_LC
      </isNotNull>
      <isNotNull prepend="," property="ANN_LC">
        ANN_LC
      </isNotNull>
      <isNotNull prepend="," property="COD_ADUANALC">
        COD_ADUANALC
      </isNotNull>
      <isNotNull prepend="," property="DES_EXONERALC">
        DES_EXONERALC
      </isNotNull>
      <isNotNull prepend="," property="COD_FUNCIONARIO">
        COD_FUNCIONARIO
      </isNotNull>
      <isNotNull prepend="," property="IND_DEL">
        IND_DEL
      </isNotNull>
      <isNotNull prepend="," property="COD_USUREGIS">
        COD_USUREGIS
      </isNotNull>
      <isNotNull prepend="," property="FEC_REGIS">
        FEC_REGIS
      </isNotNull>
      <isNotNull prepend="," property="COD_USUMODIF">
        COD_USUMODIF
      </isNotNull>
      <isNotNull prepend="," property="FEC_MODIF">
        FEC_MODIF
      </isNotNull>
      <isNotNull prepend="," property="NUM_CORREDOC_SOL">
        NUM_CORREDOC_SOL
      </isNotNull>
       <!-- INICIO RIN13 SWF -->
      <isNotNull prepend="," property="FEC_INFRACCION">
        FEC_INFRACCION
      </isNotNull>

       <!-- FIN RIN13 SWF -->
      )
    </dynamic>
    values
    <dynamic prepend="(">
      <isNotNull prepend="," property="COD_MULTA">
        #COD_MULTA#
      </isNotNull>
      <isNotNull prepend="," property="COD_TIPDILIGENCIA">
        #COD_TIPDILIGENCIA#
      </isNotNull>
      <isNotNull prepend="," property="NUM_CORREDOC">
        #NUM_CORREDOC#
      </isNotNull>
      <isNotNull prepend="," property="MTO_MULTA">
        #MTO_MULTA#
      </isNotNull>
      <isNotNull prepend="," property="POR_DESCUENTO">
        #POR_DESCUENTO#
      </isNotNull>
      <isNotNull prepend="," property="MTO_TOTALMULTA">
        #MTO_TOTALMULTA#
      </isNotNull>
      <isNotNull prepend="," property="IND_LC">
        #IND_LC#
      </isNotNull>
      <isNotNull prepend="," property="NUM_LC">
        #NUM_LC#
      </isNotNull>
      <isNotNull prepend="," property="ANN_LC">
        #ANN_LC#
      </isNotNull>
      <isNotNull prepend="," property="COD_ADUANALC">
        #COD_ADUANALC#
      </isNotNull>
      <isNotNull prepend="," property="DES_EXONERALC">
        #DES_EXONERALC#
      </isNotNull>
      <isNotNull prepend="," property="COD_FUNCIONARIO">
        #COD_FUNCIONARIO#
      </isNotNull>
      <isNotNull prepend="," property="IND_DEL">
        #IND_DEL#
      </isNotNull>
      <isNotNull prepend="," property="COD_USUREGIS">
        #COD_USUREGIS#
      </isNotNull>
      <isNotNull prepend="," property="FEC_REGIS">
        #FEC_REGIS#
      </isNotNull>
      <isNotNull prepend="," property="COD_USUMODIF">
        #COD_USUMODIF#
      </isNotNull>
      <isNotNull prepend="," property="FEC_MODIF">
        #FEC_MODIF#
      </isNotNull>
      <isNotNull prepend="," property="NUM_CORREDOC_SOL">
        #NUM_CORREDOC_SOL#
      </isNotNull>      
      <!-- INICIO RIN13 SWF -->
      <isNotNull prepend="," property="FEC_INFRACCION">
        #FEC_INFRACCION#
      </isNotNull>
      <!-- FIN RIN13 SWF -->        
    
      )
    </dynamic>
  </insert>
  
<!--RIN13FSW--><!-- jlunah -->
  <select id="buscaMismaInfraccionEnOtraDiligencia" parameterClass="java.util.HashMap" resultClass="java.util.HashMap">
  	SELECT 	NUM_CORREDOC, COD_TIPDILIGENCIA, COD_MULTA, MTO_MULTA, POR_DESCUENTO, MTO_TOTALMULTA, IND_LC, NUM_LC, ANN_LC, 
  			COD_ADUANALC, DES_EXONERALC, COD_FUNCIONARIO, NUM_CORREDOC_SOL 
	FROM MULTA_DUA 
	<dynamic prepend=" where ">
		<isNotEmpty property="listCodTipDiligencia">
		 		<iterate prepend=" and " property="listCodTipDiligencia" open="(" close=")" conjunction=" OR " >
		 			(
		 				COD_TIPDILIGENCIA = #listCodTipDiligencia[]:VARCHAR#
		 			)
		   		</iterate>
		</isNotEmpty>
		<isNotNull prepend=" AND " property="numCorredoc">NUM_CORREDOC = #numCorredoc:VARCHAR#</isNotNull>
		<isNotNull prepend=" AND " property="codMulta">COD_MULTA = #codMulta:VARCHAR#</isNotNull>
		<isNotNull prepend=" AND " property="indDel">IND_DEL = #indDel:VARCHAR#</isNotNull>
	</dynamic>
	
	
  </select>
  
<!-- RIN15 - f2 3011 - Inicio - lrodriguezc -->
  <select id="listMultaDUA" parameterClass="java.util.HashMap" resultMap="selectMultaDua" >
	SELECT COD_MULTA, COD_TIPDILIGENCIA, NUM_CORREDOC, MTO_MULTA, POR_DESCUENTO, MTO_TOTALMULTA, IND_LC, NUM_LC, ANN_LC, COD_ADUANALC, DES_EXONERALC, COD_FUNCIONARIO, IND_DEL, COD_USUREGIS, FEC_REGIS, COD_USUMODIF, FEC_MODIF, NUM_CORREDOC_SOL
	FROM MULTA_DUA
    <dynamic prepend="WHERE">
      <isNotNull prepend="AND" property="COD_MULTA"> COD_MULTA = #COD_MULTA# </isNotNull>
      <isNotNull prepend="AND" property="COD_TIPDILIGENCIA"> COD_TIPDILIGENCIA = #COD_TIPDILIGENCIA# </isNotNull>
      <isNotNull prepend="AND" property="NUM_CORREDOC"> NUM_CORREDOC = #NUM_CORREDOC# </isNotNull>
      <isNotNull prepend="AND" property="MTO_MULTA"> MTO_MULTA = #MTO_MULTA# </isNotNull>
      <isNotNull prepend="AND" property="POR_DESCUENTO"> POR_DESCUENTO = #POR_DESCUENTO# </isNotNull>
      <isNotNull prepend="AND" property="MTO_TOTALMULTA"> MTO_TOTALMULTA = #MTO_TOTALMULTA# </isNotNull>
      <isNotNull prepend="AND" property="IND_LC"> IND_LC = #IND_LC# </isNotNull>
      <isNotNull prepend="AND" property="NUM_LC"> NUM_LC = #NUM_LC# </isNotNull>
      <isNotNull prepend="AND" property="ANN_LC"> ANN_LC = #ANN_LC# </isNotNull>
      <isNotNull prepend="AND" property="COD_ADUANALC"> COD_ADUANALC = #COD_ADUANALC# </isNotNull>
      <isNotNull prepend="AND" property="DES_EXONERALC"> DES_EXONERALC = #DES_EXONERALC# </isNotNull>
      <isNotNull prepend="AND" property="COD_FUNCIONARIO"> COD_FUNCIONARIO = #COD_FUNCIONARIO# </isNotNull>
      <isNotNull prepend="AND" property="IND_DEL"> IND_DEL = #IND_DEL# </isNotNull>
      <isNotNull prepend="AND" property="COD_USUREGIS"> COD_USUREGIS = #COD_USUREGIS# </isNotNull>
      <isNotNull prepend="AND" property="FEC_REGIS"> FEC_REGIS = #FEC_REGIS# </isNotNull>
      <isNotNull prepend="AND" property="COD_USUMODIF"> COD_USUMODIF = #COD_USUMODIF# </isNotNull>
      <isNotNull prepend="AND" property="FEC_MODIF"> FEC_MODIF = #FEC_MODIF# </isNotNull>
      <isNotNull prepend="AND" property="NUM_CORREDOC_SOL"> NUM_CORREDOC_SOL = #NUM_CORREDOC_SOL# </isNotNull>
    </dynamic>
  </select>
  
  <!-- Rin 15 - f2 3011 - Fin - lrodriguezc -->
  
</sqlMap>