[{"c":"01","n":"NUMERADO"},{"c":"02","n":"ASIGNADO"},{"c":"03","n":"EN REVISIÓN"},{"c":"04","n":"EN PROCESO DE DILIGENCIA"},{"c":"05","n":"DILIGENCIA CONFORME"},{"c":"06","n":"LEVANTE AUTORIZADO"},{"c":"07","n":"ABANDONO LEGAL"},{"c":"08","n":"LEGAJADO"},{"c":"09","n":"EN CONCLUSIÓN"},{"c":"10","n":"ASIGNADO A CONCLUSIÓN"},{"c":"11","n":"EN REVISIÓN DE CONCLUSIÓN"},{"c":"12","n":"EN PROCESO DE DILIGENCIA CONCLUSIÓN"},{"c":"13","n":"DESPACHO CONCLUÍDO"},{"c":"14","n":"REGIMEN CONCLUIDO"}]
