[{"c":"019","n":"019-TUMBES"},{"c":"028","n":"028-TALARA"},{"c":"046","n":"046-PAITA"},{"c":"055","n":"055-CHICLAYO"},{"c":"082","n":"082-SALAVERRY"},{"c":"091","n":"091-CHIMBOTE"},{"c":"118","n":"118-MARITIMA DEL CALLAO"},{"c":"127","n":"127-PISCO"},{"c":"145","n":"145-MOLLENDO - MATARANI"},{"c":"154","n":"154-AREQUIPA"},{"c":"163","n":"163-ILO"},{"c":"172","n":"172-TACNA"},{"c":"181","n":"181-PUNO"},{"c":"190","n":"190-CUSCO"},{"c":"208","n":"208-PUERTO MALDONADO"},{"c":"217","n":"217-PUCALLPA"},{"c":"226","n":"226-IQUITOS"},{"c":"235","n":"235-AEREA DEL CALLAO"},{"c":"244","n":"244-POSTAL DE LIMA"},{"c":"253","n":"253-PUESTO DE CONTROL DE TARAPOTO"},{"c":"262","n":"262-DESAGUADERO"},{"c":"271","n":"271-TARAPOTO"},{"c":"280","n":"280-PUERTO MALDONADO"},{"c":"299","n":"299-LA TINA"}]