<?xml version="1.0" encoding="UTF-8"?>
<beans xmlns="http://www.springframework.org/schema/beans"
  	xmlns:xsi="http://www.w3.org/2001/XMLSchema-instance"
  	xmlns:aop="http://www.springframework.org/schema/aop" 
  	xmlns:context="http://www.springframework.org/schema/context"
  	xsi:schemaLocation="http://www.springframework.org/schema/beans
    http://www.springframework.org/schema/beans/spring-beans-2.5.xsd
    http://www.springframework.org/schema/aop
    http://www.springframework.org/schema/aop/spring-aop-2.5.xsd
    http://www.springframework.org/schema/context
    http://www.springframework.org/schema/context/spring-context-2.5.xsd">

	<context:annotation-config/>

  	<bean id="jsonViewResolver" class="org.springframework.web.servlet.view.XmlViewResolver">
    	<property name="order" value="1" />
    	<property name="location" value="/WEB-INF/iaDiligenciaingreso-jsonview.xml" />
  	</bean>

  	<bean id="viewResolver" class="org.springframework.web.servlet.view.InternalResourceViewResolver">
    	<property name="prefix">
      		<value>/WEB-INF/jsp/</value>
    	</property>
    	<property name="suffix">
      		<value>.jsp</value>
    	</property>
  	</bean>

	<import resource="classpath*:iadiligencia-controller.xml" /><!-- gmontoya Pase 130 2016 -->

 	<bean name="/Diligencia.htm"
		class="pe.gob.sunat.despaduanero2.diligencia.ingreso.despacho.web.controller.DiligenciaController"
    	scope="request"
    	parent="diligencia.AbstractDespachoController">
		<property name="methodNameResolver" ref="methodNameResolverDilig" />
    	<property name="formatoValorService" ref="diligencia.ingreso.formatoValorService" />
	    <property name="declaracionService" ref="diligencia.ingreso.declaracionService" />
	    <property name="soporteService" ref="diligencia.ingreso.soporteService" />
	    <property name="solicitudService" ref="diligencia.ingreso.solicitudService" />
	    <property name="fabricaDeServicios" ref="diligencia.ingreso.fabricaDeServiciosData" />
		<property name="liquidaDeclaracionService" ref="diligencia.ingreso.liquidaDeclaracionService" />
	    <property name="rectificacionService" ref="diligencia.rectificacion.rectificacionService" />
	    <property name="incidenciaService" ref="diligencia.ingreso.incidenciaService" />
	    <property name="deudaService" ref="diligencia.ingreso.deudaService" />
	    <property name="serieService" ref="diligencia.ingreso.serieService" />
		<property name="consultaService" ref="diligencia.ingreso.consultaService" />
		<property name="vehiCeticoService" ref="diligencia.ingreso.vehiCeticoService" />
		<property name="comunicacionService" ref="diligencia.ingreso.comunicacionService" />
		<!-- gmontoya P24 99-->
		<property name="declaracionConsultaService" ref="declaracion.DeclaracionConsultaService" />
	</bean>


	<bean name="/Declaracion.htm"
    	class="pe.gob.sunat.despaduanero2.diligencia.ingreso.despacho.web.controller.DespachoController"
    	scope="request" parent="diligencia.AbstractDespachoController">
		<property name="documentoDeTransporteService" ref="manifiesto.documentoDeTransporteService"></property>
		<property name="methodNameResolver" ref="methodNameResolver" />
		<property name="declaracionService" ref="diligencia.ingreso.declaracionService" />
		<property name="solicitudService" ref="diligencia.ingreso.solicitudService" />
		<property name="soporteService" ref="diligencia.ingreso.soporteService" />
		<property name="formatoValorService" ref="diligencia.ingreso.formatoValorService" />
		<property name="liquidaDeclaracionService" ref="diligencia.ingreso.liquidaDeclaracionService" />
		<property name="incidenciaService" ref="diligencia.ingreso.incidenciaService" />
		<property name="validaDiligenciaService" ref="diligencia.ingreso.validaDiligenciaService" />
		<property name="fabricaDeServicios" ref="diligencia.ingreso.fabricaDeServiciosData" />
		<property name="solicitudRectificacionesService" ref="solicitudRectificacionesService" />
		<property name="rectificacionService" ref="diligencia.rectificacion.rectificacionService" />
		<property name="validaContingenteService" ref="declaracion.validaContingentesService" />
		<property name="grabarContingentesService" ref="declaracion.grabarContingentesService" />
	    <property name="transformHelper" ref="diligencia.ingreso.transformHelper" />
	    <property name="orquestadorService" ref="diligencia.ingreso.orquestadorService" />
	    <property name="serieService" ref="diligencia.ingreso.serieService" />
	    <property name="declaracionCalculoDeDatos" ref="diligencia.DeclaracionCalculoDeDatosService" />
		<property name="getDeclaracionService" ref="declaracionService"/>      
	    <property name="valNegocNumeracFormA" ref="diligencia.ingreso.valNegocNumeracFormA"/>
	    <property name="funcionesService" ref="funcionesService"/>      
	    <property name="vehiCeticoService"  ref="diligencia.ingreso.vehiCeticoService" />	
	    <property name="diligenciaService" ref="diligencia.ingreso.diligenciaService" />		
		<property name="mercanciaRestringidaEntidadService" ref="mercanciaRestringidaEntidadService" />
		<property name="recepcionDocumentosService" ref="declaracion.service.RecepcionDocumentosService1" />
		<property name="catalogoAyudaService" ref="Ayuda.catalogoAyudaService" />
		<property name="jasperService" 		  ref="tecnologia2.generadoc.jasperService" />
		<property name="tarjaService" 		  ref="manifiesto.tarjaService" />
		<property name="soporteAvisosService" ref="diligencia.ingreso.soporteAvisosService" />
		<property name="diligenciaSimplificadaService" ref="diligencia.ingreso.diligenciaSimplificadaService" />
		<property name="padronUsuarioService" ref="padronUsuarioService"/>
		<property name="deudaService" ref="diligencia.ingreso.deudaService" /> <!-- PAS20165E220200038 -->
		<!-- gmontoya P24 99-->
		<property name="declaracionConsultaService" ref="declaracion.DeclaracionConsultaService" />
	</bean>
		  
	<bean name="/FormatoB.htm"
		class="pe.gob.sunat.despaduanero2.diligencia.ingreso.despacho.web.controller.FormatoBController"
		scope="request" parent="diligencia.AbstractDespachoController">
		<property name="methodNameResolver" ref="methodNameResolver" />
		<property name="formatoValorService" ref="diligencia.ingreso.formatoValorService" />
		<property name="serieService" ref="diligencia.ingreso.serieService" />
  	</bean>
  	  
	<bean name="/ComplementoDeclaracion.htm"
    	class="pe.gob.sunat.despaduanero2.diligencia.ingreso.despacho.web.controller.ContinuacionDespachoController"
    	scope="request" parent="diligencia.AbstractDespachoController">
		<property name="jsonView" value="jsonView" />
		<property name="methodNameResolver" ref="methodNameResolver" />
	    <property name="declaracionService" ref="diligencia.ingreso.declaracionService" />
	    <property name="soporteService" ref="diligencia.ingreso.soporteService" />
	    <property name="formatoValorService" ref="diligencia.ingreso.formatoValorService" />
	    <property name="validaDiligenciaService" ref="diligencia.ingreso.validaDiligenciaService" />
	    <property name="fabricaDeServicios" ref="diligencia.ingreso.fabricaDeServiciosData" />
	    <property name="rectificacionService" ref="diligencia.rectificacion.rectificacionService" />
	    <property name="validaContingenteService" ref="declaracion.validaContingentesService" />
	    <property name="grabarContingentesService" ref="declaracion.grabarContingentesService" />
	    <property name="serieService" ref="diligencia.ingreso.serieService" />
	    <property name="declaracionCalculoDeDatos" ref="diligencia.DeclaracionCalculoDeDatosService" />
	    <property name="getDeclaracionService" ref="declaracionService"/>
	    <property name="valNegocNumeracFormA" ref="diligencia.ingreso.valNegocNumeracFormA"/>
	    <property name="transformHelper" ref="diligencia.ingreso.transformHelper" />
	    <property name="orquestadorService" ref="diligencia.ingreso.orquestadorService" />
	    <property name="diligenciaService" ref="diligencia.ingreso.diligenciaService" />
	    <property name="soporteAvisosService" ref="diligencia.ingreso.soporteAvisosService" />
	   
  	</bean>

	<bean name="/DescargaParcial.htm"		   
    	class="pe.gob.sunat.despaduanero2.diligencia.ingreso.despacho.web.controller.DescargasParcialesController" 
    	scope="request" parent="diligencia.AbstractDespachoController">
		<property name="jsonView" value="jsonView" />
		<property name="methodNameResolver" ref="methodNameResolverDescargaParcialXX" />
		<property name="declaracionService" ref="diligencia.ingreso.declaracionService" />
	    <property name="soporteService" ref="diligencia.ingreso.soporteService" />
	    <property name="formatoValorService" ref="diligencia.ingreso.formatoValorService" />
	    <property name="validaDiligenciaService" ref="diligencia.ingreso.validaDiligenciaService" />
	    <property name="fabricaDeServicios" ref="diligencia.ingreso.fabricaDeServiciosData" />
	    <property name="rectificacionService" ref="diligencia.rectificacion.rectificacionService" />
	    <property name="validaContingenteService" ref="declaracion.validaContingentesService" />
	    <property name="grabarContingentesService" ref="declaracion.grabarContingentesService" />
	    <property name="serieService" ref="diligencia.ingreso.serieService" />
	    <property name="declaracionCalculoDeDatos" ref="diligencia.DeclaracionCalculoDeDatosService" />
	    <property name="getDeclaracionService" ref="declaracionService"/>
	    <property name="valNegocNumeracFormA" ref="diligencia.ingreso.valNegocNumeracFormA"/>
	    <property name="catalogoAyudaService" ref="Ayuda.catalogoAyudaService" />
	    <property name="documentoDeTransporteService" ref="manifiesto.documentoDeTransporteService" />
	    <property name="consultaService" ref="rrhh2.service.consultaService"/>
	    <property name="asignacionService"      ref="Asignacion.asignacionService" />
	</bean>

	<bean name="/Liquidacion.htm"
    	class="pe.gob.sunat.despaduanero2.diligencia.ingreso.despacho.web.controller.LiquidacionController"
    	scope="request">
    	<property name="methodNameResolver" ref="methodNameResolverLiquidacion" />
    	<property name="liquidaDeclaracionService" ref="diligencia.ingreso.liquidaDeclaracionService" />
    	<property name="serieService" ref="diligencia.ingreso.serieService" />
    	<property name="soporteService" ref="diligencia.ingreso.soporteService" />
    	<property name="diligenciaService" ref="diligencia.ingreso.diligenciaService" />
    	<property name="fabricaDeServicios" ref="diligencia.ingreso.fabricaDeServiciosData" />
    	<property name="jsonView" value="jsonView" />
	</bean>


	<bean name="/Multa.htm"
    	class="pe.gob.sunat.despaduanero2.multa.web.controller.MultaController"
    scope="request">
    <property name="methodNameResolver" ref="methodNameResolverMulta" />
    <property name="multaService" ref="diligencia.ingreso.multaService" />
    <property name="operadorAyudaService" ref="Ayuda.operadorAyudaService" />
    <property name="soporteService" ref="diligencia.ingreso.soporteService" />
    <property name="jsonView" value="jsonView" />
    <property name="deudaService"         ref="diligencia.ingreso.deudaService" />
	<property name="catalogoAyudaService" ref="Ayuda.catalogoAyudaService" />
	<property name="liquidaDeclaracionService" 	ref="diligencia.ingreso.liquidaDeclaracionService" />
 	</bean>

  	<bean name="/Conclusion.htm"
    	class="pe.gob.sunat.despaduanero2.diligencia.ingreso.despacho.web.controller.ConclusionDespachoController"
    	scope="request"
    	parent="diligencia.AbstractDespachoController">
    	<property name="methodNameResolver" ref="methodNameResolverConclusion" />
    	<property name="declaracionService" ref="diligencia.ingreso.declaracionService" />
    	<property name="diligenciaService" ref="diligencia.ingreso.diligenciaService" />
		<property name="soporteService" ref="diligencia.ingreso.soporteService" />
		<property name="fabricaDeServicios" ref="diligencia.ingreso.fabricaDeServiciosData" />
  	</bean>	

	<bean name="/Oficio.htm"
    	class="pe.gob.sunat.despaduanero2.diligencia.ingreso.despacho.web.controller.RectificacionOficioController"
    	scope="request"
    	parent="diligencia.AbstractDespachoController">
		<property name="methodNameResolver" ref="methodNameResolverOficio" />
	</bean>

	<bean name="/Peco.htm"
		  class="pe.gob.sunat.despaduanero2.diligencia.ingreso.despacho.web.controller.DiligenciaCulminacionPecoController"
		  scope="request"
		  parent="diligencia.AbstractDespachoController">
		<property name="methodNameResolver" ref="methodNameResolverPeco" />
	</bean>
	
	<bean name="/Solicitud.htm"
		class="pe.gob.sunat.despaduanero2.diligencia.ingreso.despacho.web.controller.SolicitudDespachoController"
		scope="request">
		<property name="methodNameResolver" ref="methodNameResolverSolicitud" />
		<property name="consultaService" ref="diligencia.ingreso.consultaService" />		
		<property name="getDeclaracionService" ref="declaracionService"/>
		<property name="especialistaService" ref="asignacion.especialistaService" />		
		<property name="solicitudService" ref="diligencia.ingreso.solicitudService" />
		<property name="catalogoAyudaService" ref="Ayuda.catalogoAyudaService" />
		<property name="jsonView" value="jsonView" />
		<!-- ggranados 179 -->
		<property name="fabricaDeServicios" ref="diligencia.ingreso.fabricaDeServiciosData" />
	</bean>
  		
    <bean name="/Incidencia.htm"
          class="pe.gob.sunat.despaduanero2.diligencia.ingreso.despacho.web.controller.IncidenciaController"
          scope="request"
          parent="diligencia.AbstractDespachoController">

        <property name="methodNameResolver" ref="methodNameResolverIncidencia" />

        <property name="liquidaDeclaracionService" ref="diligencia.ingreso.liquidaDeclaracionService" />
        <property name="serieService" ref="diligencia.ingreso.serieService" />
        <property name="soporteService" ref="diligencia.ingreso.soporteService" />
        <property name="incidenciaService" ref="diligencia.ingreso.incidenciaService" />
    	<!-- property name="declaracionCuentaCorrienteService" ref="declaracionCuentaCorrienteService" /-->
        <property name="rectificacionOficioService" ref="diligencia.rectificacionOficio.rectificacionOficioService" />
		<property name="diligenciaCulminacionPecoService" ref="diligencia.culminacionPeco.diligenciaCulminacionPecoService" />
        <!-- PAS20171U220200005 -->
        <property name="fabricaDeServicios" ref="diligencia.ingreso.fabricaDeServiciosData" />

    </bean>	
  	<bean name="/SubsanacionZonaPrimaria.htm"
    	class="pe.gob.sunat.despaduanero2.diligencia.ingreso.despacho.web.controller.SubsanacionZonaPrimariaController"
   		scope="request"
   		parent="diligencia.AbstractDespachoController">
    	<property name="methodNameResolver" ref="methodNameResolverSubsanacionZonaPrimaria"/>					     
  		<property name="subsanacionZonaPrimariaService" ref="diligencia.ingreso.SubsanacionZonaPrimariaService"/>
  	</bean>
  	
  	<bean name="/DiligenciaPrevia.htm"
    	class="pe.gob.sunat.despaduanero2.diligencia.ingreso.despacho.web.controller.DiligenciaPreviaController"
   		scope="request"
   		parent="diligencia.AbstractDespachoController">
    	<property name="methodNameResolver" ref="methodNameResolverDiligenciaPrevia" />
    	<property name="diligenciaPreviaService" ref="diligencia.ingreso.diligenciaPreviaService"/>
		<property name="declaracionService" ref="diligencia.ingreso.declaracionService"/>
  	<!-- VRD-PAS20165E220200048 - PAS20165E220200099 -->
		<property name="fabricaDeServicios" ref="diligencia.ingreso.fabricaDeServiciosData" />
		<property name="rectificacionService" ref="diligencia.rectificacion.rectificacionService"/>
  	<property name="validaDiligenciaService" ref="diligencia.ingreso.validaDiligenciaService" /><!-- P24 -->
  	</bean>
  	
  	<bean name="/DiligenciaUtil.htm"
    	class="pe.gob.sunat.despaduanero2.diligencia.ingreso.despacho.web.controller.DiligenciaUtilController"
   		scope="request"
   		parent="diligencia.AbstractDespachoController">
    		<property name="methodNameResolver" ref="methodNameResolverDiligenciaUtil" />
    		<property name="consultaService" ref="rrhh2.service.consultaService"/>
    		<property name="formatoValorService" ref="diligencia.ingreso.formatoValorService"/>
    		<property name="fabricaDeServicios" ref="diligencia.ingreso.fabricaDeServiciosData"/>		
    		<property name="declaracionService" ref="diligencia.ingreso.declaracionService"/>
    		<property name="solicitudService" ref="diligencia.ingreso.solicitudService"/>
    		<property name="serieService" ref="diligencia.ingreso.serieService"/>
    		<property name="rectificacionService" ref="diligencia.rectificacion.rectificacionService"/>
    		<property name="soporteService" ref="diligencia.ingreso.soporteService" />
  	</bean>
	
	<bean name="/Notificacion.htm" 
		class="pe.gob.sunat.despaduanero2.diligencia.ingreso.despacho.web.controller.NotificacionController" 
		scope="request" parent="diligencia.AbstractDespachoController">
		<property name="jsonView" value="jsonView" />
		<property name="methodNameResolver" ref="methodNameResolverNotificacion" />
		<property name="declaracionService" ref="diligencia.ingreso.declaracionService" />
		<property name="soporteService" ref="diligencia.ingreso.soporteService" />
		<property name="fabricaDeServicios" ref="diligencia.ingreso.fabricaDeServiciosData" />
		<property name="catalogoAyudaService" ref="Ayuda.catalogoAyudaService" />
	</bean>
	

	<bean name="/DeclaracionAduaDestino.htm"
    	class="pe.gob.sunat.despaduanero2.diligencia.ingreso.despacho.web.controller.DespachoAduanaDestinoController"
    	scope="request" parent="diligencia.AbstractDespachoController">
    	<property name="methodNameResolver" ref="methodNameResolver" />
    	<property name="declaracionService" ref="diligencia.ingreso.declaracionService" />
    	<property name="solicitudService" ref="diligencia.ingreso.solicitudService" />
    	<property name="soporteService" ref="diligencia.ingreso.soporteService" />
    	<property name="formatoValorService" ref="diligencia.ingreso.formatoValorService" />
     	<property name="liquidaDeclaracionService" ref="diligencia.ingreso.liquidaDeclaracionService" />
     	<property name="incidenciaService" ref="diligencia.ingreso.incidenciaService" />
     	<property name="validaDiligenciaService" ref="diligencia.ingreso.validaDiligenciaService" />
     	<property name="fabricaDeServicios" ref="diligencia.ingreso.fabricaDeServiciosData" />
      	<property name="solicitudRectificacionesService" ref="solicitudRectificacionesService" />
      	<property name="rectificacionService" ref="diligencia.rectificacion.rectificacionService" />
      	<property name="validaContingenteService" ref="declaracion.validaContingentesService" />
      	<property name="transformHelper" ref="diligencia.ingreso.transformHelper" />
      	<property name="orquestadorService" ref="diligencia.ingreso.orquestadorService" />
      	<property name="serieService" ref="diligencia.ingreso.serieService" />
      	<property name="declaracionCalculoDeDatos" ref="diligencia.DeclaracionCalculoDeDatosService" />
	   	<property name="getDeclaracionService" ref="declaracionService"/>      
        <property name="funcionesService" ref="funcionesService"/>
      	<property name="vehiCeticoService"  ref="diligencia.ingreso.vehiCeticoService" />
		<property name="diligenciaService" ref="diligencia.ingreso.diligenciaService" />
      	<property name="recepcionDocumentosService" ref="declaracion.service.RecepcionDocumentosService1" />
      	<property name="catalogoAyudaService" ref="Ayuda.catalogoAyudaService" />
      	<property name="jasperService" 		  ref="tecnologia2.generadoc.jasperService" />
    	<property name="publicacionAvisoService" ref="servicio.avisos.service.publicacionAvisoService" />
        <property name="asignacionManualService"         		ref="Asignacion.asignacionManualService" />           
  	</bean>

	<bean name="/DiligenciaAduaDestino.htm"
		  class="pe.gob.sunat.despaduanero2.diligencia.ingreso.despacho.web.controller.DiligenciaAduanaDestinoController"
		  scope="request"
		  parent="diligencia.AbstractDespachoController">
		<property name="methodNameResolver" ref="methodNameResolverDilig" />
		<property name="formatoValorService" ref="diligencia.ingreso.formatoValorService" />
		<property name="declaracionService" ref="diligencia.ingreso.declaracionService" />
		<property name="soporteService" ref="diligencia.ingreso.soporteService" />
		<property name="solicitudService" ref="diligencia.ingreso.solicitudService" />
		<property name="fabricaDeServicios" ref="diligencia.ingreso.fabricaDeServiciosData" />
		<property name="liquidaDeclaracionService" ref="diligencia.ingreso.liquidaDeclaracionService" />
		<property name="rectificacionService" ref="diligencia.rectificacion.rectificacionService" />
		<property name="incidenciaService" ref="diligencia.ingreso.incidenciaService" />
		<property name="deudaService" ref="diligencia.ingreso.deudaService" />
		<property name="serieService" ref="diligencia.ingreso.serieService" />
		<property name="consultaService" ref="diligencia.ingreso.consultaService" />
		<property name="vehiCeticoService" ref="diligencia.ingreso.vehiCeticoService" />
	</bean>
	 
   	   	<bean name="/MultaAduaDestino.htm"
		  class="pe.gob.sunat.despaduanero2.multa.web.controller.MultaAduanaDestinoController"
		  scope="request">
		<property name="methodNameResolver" ref="methodNameResolverMulta" />
		<property name="multaService" ref="diligencia.ingreso.multaService" />
		<property name="operadorAyudaService" ref="Ayuda.operadorAyudaService" />
		<property name="soporteService" ref="diligencia.ingreso.soporteService" />
		<property name="jsonView" value="jsonView" />
	</bean>


    <bean name="/LiquidacionAduaDestino.htm"
    	class="pe.gob.sunat.despaduanero2.diligencia.ingreso.despacho.web.controller.LiquidacionAduanaDestinoController"
    	scope="request">
    	<property name="methodNameResolver" ref="methodNameResolverLiquidacion" />
    	<property name="liquidaDeclaracionService" ref="diligencia.ingreso.liquidaDeclaracionService" />
    	<property name="serieService" ref="diligencia.ingreso.serieService" />
    	<property name="soporteService" ref="diligencia.ingreso.soporteService" />
  	</bean>

	<!--Culminacion Peco Controller-->
	<bean name="/LiquidacionCulminacionPeco.htm"
		  class="pe.gob.sunat.despaduanero2.diligencia.ingreso.despacho.web.controller.LiquidacionCulminacionPecoController"
		  scope="request">
		<property name="methodNameResolver" ref="methodNameResolverLiquidacion" />
		<property name="liquidaDeclaracionService" ref="diligencia.ingreso.liquidaDeclaracionService" />
		<property name="serieService" ref="diligencia.ingreso.serieService" />
		<property name="soporteService" ref="diligencia.ingreso.soporteService" />
		<property name="catalogoAyudaService" ref="Ayuda.catalogoAyudaService" />
		<property name="diligenciaService" ref="diligencia.ingreso.diligenciaService" />
		<property name="fabricaDeServicios" ref="diligencia.ingreso.fabricaDeServiciosData" />

	</bean>
  
	<!-- XXXXXXXXXXXXXXXXXXXXXXXXXXXXXXXX METHOD NAME RESOLVERS XXXXXXXXXXXXXXXXXXXXXXXXXXXXX -->
  	<bean id="methodNameResolver"
    	class="org.springframework.web.servlet.mvc.multiaction.ParameterMethodNameResolver">
    	<property name="paramName">
      		<value>action</value>
    	</property>
    	<property name="defaultMethodName">
      		<value>cargarBusqDeclaracion</value>
    	</property>

    	<property name="logicalMappings">
      		<props>
		        <prop key="cargaDeclaracion">cargaDeclaracion</prop>
		        <prop key="cargarConsultaIndicadorDua">cargarConsultaIndicadorDua</prop>
		        <prop key="modificarDeclaracion">modificarDeclaracion</prop>
		        <prop key="grabarDeclaSession">grabarDeclaSession</prop>
		        <prop key="cargarBoletinQuimico">cargarBoletinQuimico</prop>
		        <prop key="procesarBoletinQuimico">procesarBoletinQuimico</prop>
		        <prop key="cargarFormatoB">cargarFormatoB</prop>
		        <prop key="cargarDAV">cargarDAV</prop>
		        <prop key="modificarDAVSession">modificarDAVSession</prop>
		        <prop key="modificarFacturaSession">modificarFacturaSession</prop>
		        <prop key="descartarCambiosDAV">descartarCambiosDAV</prop>
		        <prop key="cargarFormatoBFactura">cargarFormatoBFactura</prop>
		        <prop key="cargarFormatoBDetFactura">cargarFormatoBDetFactura</prop>
		        <prop key="cargaPruebaBusq">cargaPruebaBusq</prop>
		        <prop key="busqDatosPers">busqDatosPers</prop>
		        <prop key="validarDiligenciaDespacho">validarDiligenciaDespacho</prop>
		        <prop key="grabarDiligenciaDespacho">grabarDiligenciaDespacho</prop>
		        <prop key="cargarBusqDeclaracion">cargarBusqDeclaracion</prop>
		        <prop key="validarDeclaracionDespacho">validarDeclaracionDespacho</prop>
		        <prop key="iniciarDeclaracionDespacho">iniciarDeclaracionDespacho</prop>
		        <prop key="obtenerListadoSeries">obtenerListadoSeries</prop>
		        <prop key="obtenerListadoSeriesSession">obtenerListadoSeriesSession</prop>
		        <prop key="obtenerDetalleSerie">obtenerDetalleSerie</prop>
		        <prop key="editarSerieSession">editarSerieSession</prop>
		        <prop key="grabarSerieSession">grabarSerieSession</prop>
		        <prop key="declaracionEnProceso">declaracionEnProceso</prop>
		        <prop key="declaracionEnRevision">declaracionEnRevision</prop>
		        <prop key="despachadorNoSePresento">despachadorNoSePresento</prop>
		        <prop key="mostrarIncidencias">mostrarIncidencias</prop>
		        <prop key="obtenerTasaByPartida">obtenerTasaByPartida</prop>
		        <prop key="validarPartidaNandina">validarPartidaNandina</prop>
		        <prop key="cargarSeries">cargarSeries</prop>
		        <prop key="validaGrabarSerie">validaGrabarSerie</prop>
		        <prop key="cargarAlertasValidacion">cargarAlertasValidacion</prop>
		        <prop key="limpiarResValidacion">limpiarResValidacion</prop>
		        <prop key="adicionarRegPrecedenciaSession">adicionarRegPrecedenciaSession</prop>
		        <prop key="modificarRegPrecedenciaSession">modificarRegPrecedenciaSession</prop>
		        <prop key="eliminarRegPrecedenciaSession">eliminarRegPrecedenciaSession</prop>
		        <prop key="validarExisteDiligencia">validarExisteDiligencia</prop>
		        <prop key="validarDUAParaModificacionDiligencia">validarDUAParaModificacionDiligencia</prop>
		        <prop key="cargarConsultaIntervenciones">cargarConsultaIntervenciones</prop>
		        <prop key="cargarMantCertOrigen">cargarMantCertOrigen</prop>
		        <prop key="modificarCertOrigenSession">modificarCertOrigenSession</prop>
		        <prop key="obtenerFacturasProv">obtenerFacturasProv</prop>
		        <prop key="obtenerItemsFact">obtenerItemsFact</prop>
		        <prop key="cargarFormatoBItem">cargarFormatoBItem</prop>
		        <prop key="cargarDetalleFormatoBItem">cargarDetalleFormatoBItem</prop>
		        <prop key="modificarItemFacturaSession">modificarItemFacturaSession</prop>
		        <prop key="evalEjecVerificacion">evalEjecVerificacion</prop>
		        <prop key="validarDuracion">validarDuracion</prop>
		        <prop key="validaMercAyudaHumanitaria">validaMercAyudaHumanitaria</prop>
		        <prop key="validaIncentivoMigrat">validaIncentivoMigrat</prop>
		        <prop key="cargarAnexo2">cargarAnexo2</prop>
		        <prop key="validaFromRevisionToProceso">validaFromRevisionToProceso</prop>
		        <prop key="cargarBusquedaDocuTrans">cargarBusquedaDocuTrans</prop>
		        <prop key="buscarDocuTrans">buscarDocuTrans</prop>
		        <prop key="anularCambios">anularCambios</prop>       
		        <prop key="cargarPantallaProrrateo">cargarPantallaProrrateo</prop>
		        <prop key="cargarMantTnan">cargarMantTnan</prop>
		        <prop key="modificarPventaSession">modificarPventaSession</prop> 
		        <prop key="validarTnanByPartida">validarTnanByPartida</prop>         
				<prop key="validarDatosDeclarante">validarDatosDeclarante</prop>
		        <prop key="cargarFormularioImpresion">cargarFormularioImpresion</prop>
		        <prop key="imprimirGuiaEntregaDocumentos">imprimirGuiaEntregaDocumentos</prop>
			    <prop key="validarDeclaracionPecoAmazonia">validarDeclaracionPecoAmazonia</prop>  
			    <prop key="validarDiligenciaAduanaDestino">validarDiligenciaAduanaDestino</prop> 
			    <prop key="regularizarDeclaracionPecoAmazonia">regularizarDeclaracionPecoAmazonia</prop>
		      	<prop key="copiarSerieSession">copiarSerieSession</prop>
		        <prop key="actualizarEstadoDeclaracion">actualizarEstadoDeclaracion</prop>
		        <prop key="cargarBusqRespuestaNotificacion">cargarBusqRespuestaNotificacion</prop>
				<prop key="iniciarRespuestaNotificacion">iniciarRespuestaNotificacion</prop>
		        <prop key="grabarRespuestaNotificacion">grabarRespuestaNotificacion</prop>
		        <prop key="cargarBusqDeclaracionBloqueo">cargarBusqDeclaracionBloqueo</prop>
		        <prop key="cargarBusqDeclaracionDesbloqueo">cargarBusqDeclaracionDesbloqueo</prop>
				<prop key="validarServiciosOrquestador">validarServiciosOrquestador</prop>
		      	<prop key="revisionToProceso">revisionToProceso</prop>
      		</props>
    	</property>
  	</bean>

	<bean id="methodNameResolverDilig"
    	class="org.springframework.web.servlet.mvc.multiaction.ParameterMethodNameResolver">
    	<property name="paramName">
      		<value>action</value>
    	</property>
    	<property name="defaultMethodName">
      		<value>cargarConsultaDVItem</value>
    	</property>

		<property name="logicalMappings">
	      	<props>
		        <prop key="cargarConsultaDVItem">cargarConsultaDVItem</prop>
		        <prop key="cargarConsultaIntervenciones">cargarConsultaIntervenciones</prop>
		        <prop key="obtenerIncidencias">obtenerIncidencias</prop>
		        <prop key="obtenerFotos">obtenerFotos</prop>
		        <prop key="cargarBuscaDeclaracion">cargarBuscaDeclaracion</prop>
		        <prop key="validarDatosDeclaracion">validarDatosDeclaracion</prop>
		        <prop key="cargarRegistraDiligencia">cargarRegistraDiligencia</prop>
		        <prop key="cargarConsultaFormatoValor">cargarConsultaFormatoValor</prop>
		        <prop key="cargarFVItemFactura">cargarFVItemFactura</prop>
		        <prop key="cargarFVFacturas">cargarFVFacturas</prop>
		        <prop key="cargarFVIProveedores">cargarFVIProveedores</prop>
		        <prop key="cargarDetFormatoValor">cargarDetFormatoValor</prop>
		        <prop key="grabarRevision">grabarRevision</prop>
		        <prop key="cargarConsultaRiesgo">cargarConsultaRiesgo</prop>
		        <prop key="cargarConsultaDocRef">cargarConsultaDocRef</prop>
		        <prop key="detalleDocRef">detalleDocRef</prop>
		        <prop key="cargarConsultaTributoCargo">cargarConsultaTributoCargo</prop>
		        <prop key="getListTipoDeuda">getListTipoDeuda</prop>
		        <prop key="cargarTratamientoArancelario">cargarTratamientoArancelario</prop>
		        <prop key="cargarConsultaManifiesto">cargarConsultaManifiesto</prop>
		        <prop key="cargarComunicaPortal">cargarComunicaPortal</prop>
		        <prop key="cargarConsultaContenedores">cargarConsultaContenedores</prop>
		        <prop key="cargarConsultaDocAutorizaSerie">cargarConsultaDocAutorizaSerie</prop>
				<prop key="cargarPecoAmazonia">cargarPecoAmazonia</prop>
		        <prop key="cargarSived">cargarSived</prop>
		        <prop key="cargarConsultaTributoSerie">cargarConsultaTributoSerie</prop>
		        <prop key="cargarConsultaVehiculos">cargarConsultaVehiculos</prop>
		        <prop key="modificarDocumentoAsociadoSession">modificarDocumentoAsociadoSession</prop>
		        <prop key="cargaBusqDeclaSolicitud">cargaBusqDeclaSolicitud</prop>
		        <prop key="cargarSolicitudEspecialista">cargarSolicitudEspecialista</prop>
		        <prop key="cargarComunicaciones">cargarComunicaciones</prop>
		        <prop key="cargarPlazosProceso">cargarPlazosProceso</prop>
		        
		        <prop key="cargarFormatoBFactura">cargarFormatoBFactura</prop><!-- gmontoya P24 99-->   
		        <prop key="cargarCorrelacionItems">cargarCorrelacionItems</prop><!-- gmontoya P24 -->                
		        <prop key="cargarConsultaConclusionDespacho">cargarConsultaConclusionDespacho</prop><!-- gmontoya P24 -->
		        <prop key="cargarPorrogas">cargarPorrogas</prop><!-- gmontoya P24 -->
		        <prop key="consultaRectificacion">consultaRectificacion</prop><!-- gmontoya P24 -->        
		        <prop key="consultaRectificacion">consultaRectificacion</prop><!-- gmontoya P24 -->
		        <prop key="consultaDetalleDiligencia">consultaDetalleDiligencia</prop><!-- gmontoya P24 -->
		        <prop key="consultaDatosRectificados">consultaDatosRectificados</prop><!-- gmontoya P24 -->
		        <prop key="initConsultaRectificacion">initConsultaRectificacion</prop><!-- gmontoya P24 -->    
		        <prop key="cargarConsultaDVItemInicial">cargarConsultaDVItemInicial</prop><!--AMANCILLA P24 -->
				<prop key="cargarConsultaProveedorInicial">cargarConsultaProveedorInicial</prop><!--AMANCILLA P24 -->
				<prop key="cargarCorrelacionItemsInicial">cargarCorrelacionItemsInicial</prop><!--AMANCILLA P24 -->
	      	</props>
    	</property>
  	</bean>

	<bean id="methodNameResolverLiquidacion"
    	class="org.springframework.web.servlet.mvc.multiaction.ParameterMethodNameResolver">
    	<property name="paramName">
      		<value>action</value>
    	</property>
    	<property name="defaultMethodName">
      		<value>mostrarLiquidacion</value>
    	</property>

    	<property name="logicalMappings">
      		<props>
        		<prop key="mostrarLiquidacion">mostrarLiquidacion</prop>
        		<prop key="validaAutoliqVsIncTributaria">validaAutoliqVsIncTributaria</prop>
                <prop key="esValidoGrabarCambios">esValidoGrabarCambios</prop>
               <prop key="getDetalleLiq">getDetalleLiq</prop>          
			</props>
    	</property>
  	</bean>

	<bean id="methodNameResolverDescargaParcialXX"
		class="org.springframework.web.servlet.mvc.multiaction.ParameterMethodNameResolver">
		<property name="paramName">
			<value>action</value>
		</property>
		<property name="defaultMethodName">
			<value>iniciarDeclaracionDescargaParcial</value>
		</property>
		<property name="logicalMappings">
			<props>
				<prop key="descargaParcialSesionSelected">descargaParcialSesionSelected</prop>
        		<prop key="iniciarDeclaracionDescargaParcial">iniciarDeclaracionDescargaParcial</prop>
      		</props>
    	</property>
  	</bean>

	<bean id="methodNameResolverMulta"
    	class="org.springframework.web.servlet.mvc.multiaction.ParameterMethodNameResolver">
    	<property name="paramName">
      		<value>action</value>
    	</property>
    	<property name="defaultMethodName">
      		<value>cargarListadoMultas</value>
    	</property>

	    <property name="logicalMappings">
	    	<props>
		        <prop key="cargarListadoMultas">cargarListadoMultas</prop>
		        <prop key="agregarMulta">agregarMulta</prop>
		        <prop key="eliminarMulta">eliminarMulta</prop>
		        <prop key="guardarMultaSesion">guardarMultaSesion</prop>
		        <prop key="cancelarEdicion"> cancelarEdicion</prop>
	      	</props>
	    </property>
  	</bean>


	<bean id="methodNameResolverConclusion"
    	class="org.springframework.web.servlet.mvc.multiaction.ParameterMethodNameResolver">
    	<property name="paramName">
      		<value>action</value>
    	</property>
    	<property name="defaultMethodName">
      		<value>cargarBusqDeclaracion</value>
    	</property>
    	<property name="logicalMappings">
      		<props>
		        <prop key="cargarBusqDeclaracion">cargarBusqDeclaracion</prop>
		        <prop key="validarDeclaParaConclucionDespacho">validarDeclaParaConclucionDespacho</prop>
		        <prop key="cargarRegConclusionDespacho">cargarRegConclusionDespacho</prop>
		        <prop key="cargarRegRevisionConclusion">cargarRegRevisionConclusion</prop>
		        <prop key="validaPreviaSolProrrogaConclusion">validaPreviaSolProrrogaConclusion</prop>
		        <prop key="cargarSolProrrogaConclusion">cargarSolProrrogaConclusion</prop>
		        <prop key="validaSolProrrogaConclusion">validaSolProrrogaConclusion</prop>
		        <prop key="guardaSolProrrogaConclusion">guardaSolProrrogaConclusion</prop>
		        <prop key="cargarBusqDeclaracionProrroga">cargarBusqDeclaracionProrroga</prop>
		        <prop key="validaPreviaAprobacionProrrogaConcl">validaPreviaAprobacionProrrogaConcl</prop>
		        <prop key="validaSolAprobacionProrrogaConcl">validaSolAprobacionProrrogaConcl</prop>
		        <prop key="guardaRechazoProrrogaConcl">guardaRechazoProrrogaConcl</prop>
	      	</props>
	    </property>
  	</bean>

	<bean id="methodNameResolverOficio"
    	class="org.springframework.web.servlet.mvc.multiaction.ParameterMethodNameResolver">
    	<property name="paramName">
      		<value>action</value>
    	</property>
    	<property name="defaultMethodName">
      		<value>cargarBusqDeclaracion</value>
    	</property>
    	<property name="logicalMappings">
      		<props>
		        <prop key="cargarBusqDeclaracion">cargarBusqDeclaracion</prop>
		        <prop key="procesarDuaParaRectificacionOficio">procesarDuaParaRectificacionOficio</prop>
		        <prop key="ingresarRectificacionOficio">ingresarRectificacionOficio</prop>
		        <prop key="cargarAreasDocumentoSustento">cargarAreasDocumentoSustento</prop>
		        <prop key="grabarTMP">grabarTMP</prop>
		        <prop key="irRectificacionOficio">irRectificacionOficio</prop>
		        <prop key="validarCambioDeModalidad">validarCambioDeModalidad</prop>
		        <prop key="validarCambioDeDeclarante">validarCambioDeDeclarante</prop>
		        <prop key="validarCambioDeFechaDescarga">validarCambioDeFechaDescarga</prop>
		        <prop key="cargarMantDVItem">cargarMantDVItem</prop>
		        <prop key="cargarAreasDocumentoSustento">cargarAreasDocumentoSustento</prop>
		        <prop key="validarDocumentoSustentatorio">validarDocumentoSustentatorio</prop>
		        <prop key="obtenerDatosModificados">obtenerDatosModificados</prop>
		        <prop key="consultarLocalAnexo">consultarLocalAnexo</prop>
		        <prop key="consultarParticipante">consultarParticipante</prop>
			<!-- Ini P46-PAS20155E410000032 -->
		        <prop key="consultarRegularizarDonacion">consultarRegularizarDonacion</prop>
		        <prop key="eliminarIndicadorImpugnacionDonacion">eliminarIndicadorImpugnacionDonacion</prop>
		        <!-- Fin P46-PAS20155E410000032 -->
			</props>
		</property>
	</bean>
	<bean id="methodNameResolverPeco"
		  class="org.springframework.web.servlet.mvc.multiaction.ParameterMethodNameResolver">
		<property name="paramName">
			<value>action</value>
		</property>
		<property name="defaultMethodName">
			<value>cargarBusqDeclaracion</value>
		</property>
		<property name="logicalMappings">
			<props>
				<prop key="cargarBusqDeclaracion">cargarBusqDeclaracion</prop>
				<prop key="procesarDuaParaDiligenciaCulminacionPeco">procesarDuaParaDiligenciaCulminacionPeco</prop>
				<prop key="ingresarDiligenciaCulminacionPeco">ingresarDiligenciaCulminacionPeco</prop>
				<prop key="cargarAreasDocumentoSustento">cargarAreasDocumentoSustento</prop>
				<prop key="grabarTMP">grabarTMP</prop>
				<prop key="irDiligenciaCulminacionPeco">irDiligenciaCulminacionPeco</prop>
				<prop key="validarCambioDeModalidad">validarCambioDeModalidad</prop>
				<prop key="validarCambioDeDeclarante">validarCambioDeDeclarante</prop>
				<prop key="validarCambioDeFechaDescarga">validarCambioDeFechaDescarga</prop>
				<prop key="cargarMantDVItem">cargarMantDVItem</prop>
				<prop key="cargarAreasDocumentoSustento">cargarAreasDocumentoSustento</prop>
				<prop key="validarDocumentoSustentatorio">validarDocumentoSustentatorio</prop>
				<prop key="validarExisteDiligencia">validarExisteDiligencia</prop>
				<prop key="obtenerDatosModificados">obtenerDatosModificados</prop>
				<prop key="consultarLocalAnexo">consultarLocalAnexo</prop>
				<prop key="consultarParticipante">consultarParticipante</prop>
				<!-- Ini P46-PAS20155E410000032 -->
				<prop key="consultarRegularizarDonacion">consultarRegularizarDonacion</prop>
				<prop key="eliminarIndicadorImpugnacionDonacion">eliminarIndicadorImpugnacionDonacion</prop>
				<!-- Fin P46-PAS20155E410000032 -->
				<prop key="getListTiposResoluciones">getListTiposResoluciones</prop>
				<prop key="getListAreas">getListAreas</prop>
				<prop key="validarResolucionTributos">validarResolucionTributos</prop>
			</props>
		</property>
	</bean>
  
  	<bean id="methodNameResolverSolicitud"
		class="org.springframework.web.servlet.mvc.multiaction.ParameterMethodNameResolver">
		<property name="paramName">
			<value>action</value>
		</property>	
		<property name="logicalMappings">
			<props>
				<prop key="mostrarBusquedaSolicitudReconFisico">mostrarBusquedaSolicitudReconFisico</prop>
			</props>
		</property>
	</bean>
	
    <bean id="methodNameResolverIncidencia"
          class="org.springframework.web.servlet.mvc.multiaction.ParameterMethodNameResolver">
        <property name="paramName">
            <value>action</value>
        </property>
        <property name="logicalMappings">
            <props>
                <prop key="cargarRegistroIncidencia">cargarRegistroIncidencia</prop>
                <prop key="grabarIncidenciasSession">grabarIncidenciasSession</prop>
            </props>
        </property>
    </bean>
    
  	<bean id="methodNameResolverSubsanacionZonaPrimaria"
    	class="org.springframework.web.servlet.mvc.multiaction.ParameterMethodNameResolver">
    	<property name="paramName">
    		<value>action</value>
    	</property>
    	<property name="defaultMethodName">
    		<value>cargarBusquedaDeclaracion</value>
    	</property>
    	<property name="logicalMappings">
      		<props>
        		<prop key="cargarBusquedaDeclaracion">cargarBusquedaDeclaracion</prop>
      		<prop key="buscarDeclaracion">buscarDeclaracion</prop>
        		<prop key="cargarRegistrarSubsanacionObsZPAE">cargarRegistrarSubsanacionObsZPAE</prop>
        		<prop key="registrarSubsanacionObsZPAE">registrarSubsanacionObsZPAE</prop>
      		</props>
    	</property>
	</bean>
	
	<bean id="methodNameResolverDiligenciaPrevia"
    	class="org.springframework.web.servlet.mvc.multiaction.ParameterMethodNameResolver">
    	<property name="paramName">
    		<value>action</value>
    	</property>
    	<property name="defaultMethodName">
    		<value>cargarBusquedaDeclaracion</value>
    	</property>
    	<property name="logicalMappings">
      		<props>
        		<prop key="cargarBusquedaDeclaracion">cargarBusquedaDeclaracion</prop>
        		<prop key="buscarDeclaracion">buscarDeclaracion</prop>
        		<prop key="cargarIniciarDiligenciaPrevia">cargarIniciarDiligenciaPrevia</prop>
        		<prop key="actualizarDeclaracionEnRevision">actualizarDeclaracionEnRevision</prop>
        		<prop key="cargarDiligenciaPreviaRevision">cargarDiligenciaPreviaRevision</prop>
        		<prop key="registrarComunicacion">registrarComunicacion</prop>
        		<prop key="actualizarDeclaracionEnProceso">actualizarDeclaracionEnProceso</prop>
        		<prop key="registrarDiligenciaPrevia">registrarDiligenciaPrevia</prop>
      		</props>
    	</property>
	</bean>
	
	<bean id="methodNameResolverDiligenciaUtil"
    	class="org.springframework.web.servlet.mvc.multiaction.ParameterMethodNameResolver">
    	<property name="paramName">
    		<value>action</value>
    	</property>
    	<property name="logicalMappings">
      		<props>
				<prop key="cargarConsultaFormatoValor">cargarConsultaFormatoValor</prop>
        		<prop key="cargarConsultaManifiesto">cargarConsultaManifiesto</prop>
        		<prop key="cargarConsultaDocAutorizaSerie">cargarConsultaDocAutorizaSerie</prop>
        		<prop key="cargarComunicaciones">cargarComunicaciones</prop>
        		<prop key="cargarConsultaIndicadorDua">cargarConsultaIndicadorDua</prop>
        		<prop key="cargarAnexo2">cargarAnexo2</prop>
        		<prop key="obtenerListadoSeries">obtenerListadoSeries</prop>
        	<!--P46-PAS20155E410000032  inicio-->
        		<prop key="getListTiposResoluciones">getListTiposResoluciones</prop>
        		<prop key="getListAreas">getListAreas</prop>
        		<prop key="validarResolucionTributos">validarResolucionTributos</prop>
        		<!--P46-PAS20155E410000032  fin-->
        	</props>
    	</property>
	</bean>
	
	<bean id="methodNameResolverNotificacion"
		class="org.springframework.web.servlet.mvc.multiaction.ParameterMethodNameResolver">
		<property name="paramName">
			<value>action</value>
		</property>
		<property name="defaultMethodName">
			<value>iniciarRespuestaNotificacion</value>
		</property>
		<property name="logicalMappings">
			<props>
				<prop key="iniciarRespuestaNotificacion">iniciarRespuestaNotificacion</prop>
				<prop key="cargarBusqRespuestaNotificacion">cargarBusqRespuestaNotificacion</prop>
				<prop key="validarRecepcionRespuestaNotificacion">validarRecepcionRespuestaNotificacion</prop>
			</props>
		</property>
	</bean>
	
<!-- XXXXXXXXXXXXXXXXXXXXXXXXXXXXXXXX SEGURIDAD XXXXXXXXXXXXXXXXXXXXXXXXXXXXX -->
  	<bean id="secureHandlerMapping"
    	class="org.springframework.web.servlet.handler.SimpleUrlHandlerMapping">
    	<property name="interceptors">
      		<list>
        		<ref bean="menuIntranetInterceptor" />
      		</list>
    	</property>
    	<property name="urlMap">
      		<props>
		        <prop key="/Declaracion.htm">/Declaracion.htm</prop>
		        <prop key="/ComplementoDeclaracion.htm">/ComplementoDeclaracion.htm</prop>
		        <prop key="/Diligencia.htm">/Diligencia.htm</prop>
		        <prop key="/Conclusion.htm">/Conclusion.htm</prop>
		        <prop key="/Multa.htm">/Multa.htm</prop>
		        <prop key="/Liquidacion.htm">/Liquidacion.htm</prop>
				<prop key="/Oficio.htm">/Oficio.htm</prop>
      			<prop key="/FormatoB.htm">/FormatoB.htm</prop>
     			<prop key="/DescargaParcial.htm">/DescargaParcial.htm</prop>
				<prop key="/Solicitud.htm">/Solicitud.htm</prop>
				<prop key="/SubsanacionZonaPrimaria.htm">/SubsanacionZonaPrimaria.htm</prop>
				<prop key="/DiligenciaPrevia.htm">/DiligenciaPrevia.htm</prop>
			    <prop key="/DiligenciaUtil.htm">/DiligenciaUtil.htm</prop>
				<prop key="/Notificacion.htm">/Notificacion.htm</prop>
			    <prop key="/Incidencia.htm">/Incidencia.htm</prop>
				<prop key="/DeclaracionAduaDestino.htm">/DeclaracionAduaDestino.htm</prop>
				<prop key="/DiligenciaAduaDestino.htm">/DiligenciaAduaDestino.htm</prop>

				<!--peco-->
				<prop key="/Peco.htm">/Peco.htm</prop>
				<prop key="/LiquidacionCulminacionPeco.htm">/LiquidacionCulminacionPeco.htm</prop>

				<prop key="/MultaAduaDestino.htm">/MultaAduaDestino.htm</prop>
				<prop key="/LiquidacionAduaDestino.htm">/LiquidacionAduaDestino.htm</prop>
				<prop key="/DiligenciaComun.htm">/DiligenciaComun.htm</prop><!-- gmontoya Pase 130 2016 -->
			</props>
		</property>
	</bean>
</beans>