<?xml version="1.0" encoding="UTF-8"?>
<!DOCTYPE sqlMap PUBLIC "-//iBATIS.com//DTD SQL Map 2.0//EN" "http://www.ibatis.com/dtd/sql-map-2.dtd">
<sqlMap namespace="CabAdiDiligVinc">
  <insert id="insert" parameterClass="java.util.HashMap">
    INSERT INTO CAB_ADI_DILIGVINC(num_corredoc, cod_tipdiligencia
    <dynamic prepend=",">
      <isNotEmpty property="NUM_CORREDOC_SOL" prepend=",">num_corredoc_sol</isNotEmpty>
      <isNotNull property="COD_TIPGARANVINC" prepend=",">cod_tipgaranvinc</isNotNull>
      <isNotNull property="MTO_GARANTIAVINC" prepend=",">mto_garantiavinc</isNotNull>
      <isNotNull property="COD_USUREGIS" prepend=",">cod_usuregis</isNotNull>
      <isNotNull property="FEC_REGIS" prepend=",">fec_regis</isNotNull>
    </dynamic>
    ) VALUES (#NUM_CORREDOC#,#COD_TIPDILIGENCIA#
    <dynamic prepend=",">
      <isNotEmpty property="NUM_CORREDOC_SOL" prepend=",">#NUM_CORREDOC_SOL#</isNotEmpty>
      <isNotNull property="COD_TIPGARANVINC" prepend=",">#COD_TIPGARANVINC#</isNotNull>
      <isNotNull property="MTO_GARANTIAVINC" prepend=",">#MTO_GARANTIAVINC#</isNotNull>
      <isNotNull property="COD_USUREGIS" prepend=",">#COD_USUREGIS#</isNotNull>
      <isNotNull property="FEC_REGIS" prepend=","><![CDATA[#FEC_REGIS#]]></isNotNull>
    </dynamic>
    )
  </insert>
  
  <select id="getByTipoDiligencia" resultClass="java.util.HashMap" parameterClass="java.util.HashMap">
    SELECT 
      NUM_CORREDOC,COD_TIPDILIGENCIA,NUM_CORREDOC_SOL,COD_TIPGARANVINC,MTO_GARANTIAVINC
    FROM 
      CAB_ADI_DILIGVINC
    WHERE 
      NUM_CORREDOC = #numCorredoc#
    <isNotNull prepend="AND" property="codTipoDiligencia">
      COD_TIPDILIGENCIA = #codTipoDiligencia#
    </isNotNull>
  </select>
  
</sqlMap>