<?xml version="1.0" encoding="UTF-8"?>
<!DOCTYPE sqlMap PUBLIC "-//iBATIS.com//DTD SQL Map 2.0//EN" "http://www.ibatis.com/dtd/sql-map-2.dtd">

<sqlMap namespace="CabDiligencia">

  <cacheModel id="cabdiligencia-cache" type="LRU" readOnly="true">
    <flushInterval minutes="1" />
    <property name="size" value="10000" />
  </cacheModel>


<typeAlias alias="diligencia" type="pe.gob.sunat.despaduanero2.diligencia.ingreso.model.Diligencia"/>
<typeAlias alias="rptAccionesDespachoSalidaBean" type="pe.gob.sunat.despaduanero2.diligencia.ingreso.bean.AccionesDespachoBean"/>

  <resultMap id="resultDiligencia" class="diligencia" >
    <result property = "numeroCorrelativo" column = "NUM_CORREDOC"/>
    <result property = "codigoTipoDiligencia" column = "COD_TIPDILIGENCIA"/>
    <result property = "indicarIncidencia" column = "IND_INCIDENCIA"/>
    <result property = "indicadorMulta" column = "IND_MULTA"/>
    <result property = "indicadorImagen" column = "IND_IMAGEN"/>
    <result property = "indicadorPaseReconoFisico" column = "IND_PASEARECFISICO"/>
    <result property = "indicadorPlazo" column = "IND_PLAZO"/>
    <result property = "codigoCatalogoSolicitud" column = "COD_CATALOGO"/>
    <result property = "codigoMotivoSolicitud" column = "COD_MOTIVO"/>
    <result property = "fechaConclusion" column = "FEC_CONCLUSION"/>
    <result property = "codigoTipoLugarDiligencia" column = "COD_TIPLUGARDILIG"/>
    <result property = "numeroRucLugarDiligencia" column = "NUM_RUCLUGARDILIG"/>
    <result property = "codigoLocalAnexo" column = "COD_LOCALANEXO"/>
  <result property = "descripcionResultado" column = "DES_RESULTADO"/>
    <result property = "cantidadBultosReconocidos" column = "CNT_BULTOSRECON"/>
    <result property = "codigoFuncionario" column = "COD_FUNCIONARIO"/>
    <result property = "fechaDiligencia" column = "FEC_DILIGENCIA"/>
	<result property = "numeroCorrelativoSolicitud" column = "NUM_CORREDOC_SOL"/>
	<!-- Diligencia-01 indicador boletin quimico -->
	<result property = "indicadorBoletinQuimico" column = "IND_BQ"/>
	<result property = "numeroParcial" column = "NUM_PARCIAL"/>
	<result property = "codigoUnidadDiligencia" column = "COD_UNIDADDILIG"/>
	<result property = "correlativoTransporteMercancia" column = "NUM_CORRTRANSPMERC"/>
	
  </resultMap>
    <sql id="select_cab_fragment">
    SELECT
    cd.num_corredoc, cd.cod_aduana, cd.num_declaracion,
    cd.ann_presen, cd.cod_regimen, cd.ann_orden,
    cd.num_orden, cd.cod_modalidad, cd.cod_tipdesp,
    cd.cod_tiplugarrecep, cd.cod_lugarrecep,
    cd.cod_localanexo, cd.cod_tipadudest, cd.cod_adudest,
    cd.mto_totfobdol, cd.mto_totfletedol, cd.mto_totsegdol,
    cd.mto_totajustesdol, cd.mto_tototrosajuste,
    cd.mto_totvaloradu, cd.cnt_pesobruto_total,
    cd.cnt_pesoneto_total, cd.cnt_totbultos,
    cd.cnt_totseries, cd.mto_totautoliq, cd.cod_estdua,
    cd.cod_modpago, cd.cod_entipago, cd.cnt_plzcredito,
    cd.fec_docpagobco, cd.ind_exportterceros, cd.ind_art160,
    cd.cod_tiptratmerc, cd.cod_produrg, cd.cod_viatrans,
    cd.cod_tipmanifiesto, cd.cod_puer_presemani,
    cd.fec_term, cd.fec_iniembarque, cd.cod_puer_desp,
    cd.cod_canal, cd.mto_deudatot, cd.mto_totpagado,
    cd.cod_tipgrabado, cd.fec_declaracion,
    cd.fec_autlevante, cd.fec_conclusion,
    cd.fec_regularizacion, cd.fec_ampliacion,
    (select cad.des_datacat from datacatalogo cad where cad.cod_catalogo = '00'
    and cad.cod_datacat = cd.cod_aduana) as cod_aduana_desc,
    <!--(select tm.des_datacat from datacatalogo tm where tm.cod_catalogo = '306' and cd.fec_declaracion between tm.fec_inidatcat and tm.fec_findatcat and tm.cod_datacat = cd.cod_modalidad) as cod_modalidad_desc,-->
    (select tm.des_datacat from datacatalogo tm where tm.cod_catalogo = '306' and tm.cod_estado = '01' and tm.cod_datacat = cd.cod_modalidad and cd.fec_declaracion between tm.fec_inidatcat and tm.fec_findatcat ) as
        cod_modalidad_desc,<!--gmontoya Pase PAS20165E220200099 2016 -->
    (select td.des_datacat from datacatalogo td where td.cod_catalogo = '310' and
    td.cod_datacat = cd.cod_tipdesp) as cod_tipdesp_desc,
    (select tlr.des_datacat from datacatalogo tlr where tlr.cod_catalogo = '311'
    and tlr.cod_datacat = cd.cod_tiplugarrecep) as cod_tiplugarrecep_desc,

    (select ttm.des_datacat from datacatalogo ttm where ttm.cod_catalogo =
    '313' and ttm.cod_datacat = cd.cod_tiptratmerc) as
    cod_tiptratmerc_desc,
    (select ccd.des_datacat from datacatalogo ccd where ccd.cod_catalogo = '360'
    and ccd.cod_datacat = cd.cod_canal) as cod_canal_desc,
    (select ced.des_datacat from datacatalogo ced where ced.cod_catalogo = 'CP'
    and ced.cod_datacat = cd.cod_estdua) as cod_estdua_desc
  </sql>

	<!-- P13 - JMVC - SE AGREGO cod_catalogo, cod_motivo -->
  <select id="findByDocumento" parameterClass="java.util.HashMap"
    resultClass="java.util.HashMap">

    SELECT cd.cod_tipdiligencia, cd.cod_funcionario funcionario,
    cd.fec_diligencia, cd.ind_incidencia incidencia,
    CASE WHEN rf.cod_indicador ='08' THEN 'S' ELSE ' ' END AS rf,
    CASE WHEN ro.cod_indicador ='11' THEN 'S' ELSE ' ' END AS ro,
    cd.ind_imagen imagen,
    cd.des_resultado||DECODE(cd.cod_tipdocdili,'E',' DOCUMENTO SUSTENTO EXPEDIENTE NRO.'||cd.COD_ADUADOCSUST||'-'||cd.ANN_DOCSUST||'-'||cd.NUM_DOCSUST,
                                               'R',' DOCUMENTO SUSTENTO RESOLUCION NRO.'||cd.COD_ADUADOCSUST||'-'||cd.COD_TIPDOCSUST||'-'||cd.ANN_DOCSUST||'-'||cd.COD_AREADOCSUST||'-'||cd.NUM_DOCSUST,
                                               'V',' DOCUMENTO SUSTENTO ACTA VERIFICACION NRO.'||cd.COD_ADUADOCSUST||'-'||cd.ANN_DOCSUST||'-'||cd.COD_AREADOCSUST||'-'||cd.NUM_DOCSUST) resultado,
    cd.cnt_bultosrecon bultos,cd.fec_regis FechaRegistro,
    (SELECT COUNT(*) FROM cab_diligencia WHERE num_corredoc = cd.num_corredoc AND cod_tipdiligencia = cd.cod_tipdiligencia) cantidad,
    (SELECT nvc.des_corta FROM datacatalogo nvc WHERE nvc.cod_catalogo = '356'
    AND nvc.cod_datacat = cd.cod_tipdiligencia AND ROWNUM = 1) AS des_tipdiligencia,
    cd.cod_catalogo,cd.cod_motivo,cd.fec_modif FechaModificacion,num_corredoc_sol <!-- gmontoya Pase 42 2015 --><!-- PASE42-VRD -->
    FROM cab_diligencia cd, indicador_dua rf, indicador_dua ro
    WHERE cd.num_corredoc = #NUM_CORREDOC#
    AND cd.num_corredoc = rf.num_corredoc (+) and rf.cod_indicador(+)='08' and rf.ind_activo(+)='1'
    AND cd.num_corredoc = ro.num_corredoc (+) and ro.cod_indicador(+)='11' and ro.ind_activo(+)='1'
    <!-- PARA LAS DEMAS DILIGENCIA NO SE DEBE AGRUPAR -->
    <!-- RIN16 -->
    <isEqual prepend="AND" property="viewRevision" compareValue="false">
      cd.cod_tipdiligencia NOT IN ('01','04','02','03', '15', '20', '05','18','06')
    </isEqual>
    <!-- ggranados pase 102 -->
    <isNotNull prepend="AND" property="agrupaTipoDiligencia">
      cd.fec_regis = (SELECT max(fec_regis) FROM cab_diligencia WHERE num_corredoc = cd.num_corredoc AND cod_tipdiligencia = cd.cod_tipdiligencia)
    </isNotNull>
    UNION
    SELECT cd.cod_tipdiligencia, cd.cod_funcionario funcionario,
    cd.fec_diligencia, cd.ind_incidencia incidencia,
    CASE WHEN rf.cod_indicador ='08' THEN 'S' ELSE ' ' END AS rf,
    CASE WHEN ro.cod_indicador ='11' THEN 'S' ELSE ' ' END AS ro,
    cd.ind_imagen imagen,
    cd.des_resultado||DECODE(cd.cod_tipdocdili,'E',' DOCUMENTO SUSTENTO EXPEDIENTE NRO.'||cd.COD_ADUADOCSUST||'-'||cd.ANN_DOCSUST||'-'||cd.NUM_DOCSUST,
											   'R',' DOCUMENTO SUSTENTO RESOLUCION NRO.'||cd.COD_ADUADOCSUST||'-'||cd.COD_TIPDOCSUST||'-'||cd.ANN_DOCSUST||'-'||cd.COD_AREADOCSUST||'-'||cd.NUM_DOCSUST,
											   'V',' DOCUMENTO SUSTENTO ACTA VERIFICACION NRO.'||cd.COD_ADUADOCSUST||'-'||cd.ANN_DOCSUST||'-'||cd.COD_AREADOCSUST||'-'||cd.NUM_DOCSUST) resultado,
    cd.cnt_bultosrecon bultos,cd.fec_regis FechaRegistro,
    (SELECT COUNT(*) FROM cab_diligencia WHERE num_corredoc = cd.num_corredoc AND cod_tipdiligencia = cd.cod_tipdiligencia) cantidad,
    (SELECT nvc.des_corta FROM datacatalogo nvc WHERE nvc.cod_catalogo = '356'
    AND nvc.cod_datacat = cd.cod_tipdiligencia AND ROWNUM = 1) AS des_tipdiligencia,
    cd.cod_catalogo,cd.cod_motivo,cd.fec_modif FechaModificacion,num_corredoc_sol <!-- gmontoya Pase 42 2015 --><!-- PASE42-VRD -->
    FROM cab_diligencia cd, indicador_dua rf, indicador_dua ro
    WHERE cd.num_corredoc = #NUM_CORREDOC#
    AND cd.num_corredoc = rf.num_corredoc (+) and rf.cod_indicador(+)='08' and rf.ind_activo(+)='1'
    AND cd.num_corredoc = ro.num_corredoc (+) and ro.cod_indicador(+)='11' and ro.ind_activo(+)='1'
    <!-- PARA LAS DILIGENCIA NO SE DEBE AGRUPAR -->    
    <isEqual prepend="AND" property="viewRevision" compareValue="false">
      cd.cod_tipdiligencia IN ('18','06')
      </isEqual>
    UNION
    SELECT cd.cod_tipdiligencia, cd.cod_funcionario funcionario,
    cd.fec_diligencia, cd.ind_incidencia incidencia,
    CASE WHEN rf.cod_indicador ='08' THEN 'S' ELSE ' ' END AS rf,
    CASE WHEN ro.cod_indicador ='11' THEN 'S' ELSE ' ' END AS ro,
    cd.ind_imagen imagen,
    cd.des_resultado||DECODE(cd.cod_tipdocdili,'E',' DOCUMENTO SUSTENTO EXPEDIENTE NRO.'||cd.COD_ADUADOCSUST||'-'||cd.ANN_DOCSUST||'-'||cd.NUM_DOCSUST,
											   'R',' DOCUMENTO SUSTENTO RESOLUCION NRO.'||cd.COD_ADUADOCSUST||'-'||cd.COD_TIPDOCSUST||'-'||cd.ANN_DOCSUST||'-'||cd.COD_AREADOCSUST||'-'||cd.NUM_DOCSUST,
											   'V',' DOCUMENTO SUSTENTO ACTA VERIFICACION NRO.'||cd.COD_ADUADOCSUST||'-'||cd.ANN_DOCSUST||'-'||cd.COD_AREADOCSUST||'-'||cd.NUM_DOCSUST) resultado,
    cd.cnt_bultosrecon bultos,cd.fec_regis FechaRegistro,
    (SELECT COUNT(*) FROM cab_diligencia WHERE num_corredoc = cd.num_corredoc AND cod_tipdiligencia = cd.cod_tipdiligencia) cantidad,
    (SELECT nvc.des_corta FROM datacatalogo nvc WHERE nvc.cod_catalogo = '356'
    AND nvc.cod_datacat = cd.cod_tipdiligencia 
    AND ca.fec_declaracion BETWEEN nvc.fec_inidatcat and nvc.fec_findatcat 
    AND ROWNUM = 1) AS des_tipdiligencia,
    cd.cod_catalogo,cd.cod_motivo,cd.fec_modif FechaModificacion,num_corredoc_sol<!-- PASE42-VRD -->
    FROM cab_diligencia cd, indicador_dua rf, indicador_dua ro, cab_declara ca  
    WHERE cd.num_corredoc = #NUM_CORREDOC#
    AND cd.num_corredoc = rf.num_corredoc (+) and rf.cod_indicador(+)='08' and rf.ind_activo(+)='1'
    AND cd.num_corredoc = ro.num_corredoc (+) and ro.cod_indicador(+)='11' and ro.ind_activo(+)='1'
    AND cd.num_corredoc = ca.num_corredoc (+)
    <isEqual prepend="AND" property="viewRevision" compareValue="false">
      cd.cod_tipdiligencia NOT IN ('01','04','20') <!-- P24-II -->
    </isEqual>
    <!--SOLO PARA DILIGENCIA DE DESPACHO SE AGRUPAN -->
    <isNotNull prepend="AND" property="agrupaTipoDiligencia">
      cd.fec_regis = (SELECT max(fec_regis) FROM cab_diligencia WHERE num_corredoc = cd.num_corredoc AND cod_tipdiligencia = cd.cod_tipdiligencia)
       and cd.cod_tipdiligencia IN ('02','03', '05')
    </isNotNull>
    ORDER BY fecharegistro
  </select>
      <select id="getDiligenciaDespachoSustentoModificado" parameterClass="java.util.HashMap"
    resultClass="java.util.HashMap">
    SELECT cd.cod_tipdiligencia, cd.cod_funcionario funcionario,
    cd.fec_diligencia, cd.ind_incidencia incidencia,
    CASE WHEN rf.cod_indicador ='08' THEN 'S' ELSE ' ' END AS rf,
    CASE WHEN ro.cod_indicador ='11' THEN 'S' ELSE ' ' END AS ro,
    cd.ind_imagen imagen, cd.des_resultado resultado, cd.cnt_bultosrecon bultos,
    cd.fec_regis FechaRegistro,
          <!--P34 amancilla inicio-->
          cd.NUM_CORREDOC_SOL NUM_CORREDOC_SOL,
          <!--P34 amancilla fin-->
    (SELECT COUNT(*) FROM cab_diligencia WHERE num_corredoc = cd.num_corredoc AND cod_tipdiligencia = cd.cod_tipdiligencia) cantidad,
    (SELECT nvc.des_corta FROM datacatalogo nvc WHERE nvc.cod_catalogo = '356'
    AND nvc.cod_datacat = cd.cod_tipdiligencia 
    AND ca.fec_declaracion BETWEEN nvc.fec_inidatcat and nvc.fec_findatcat 
    AND ROWNUM = 1) AS des_tipdiligencia,
    cd.cod_catalogo,cd.cod_motivo,cd.fec_modif FechaModificacion,num_corredoc_sol<!-- PASE42-VRD -->
    FROM cab_diligencia cd, indicador_dua rf, indicador_dua ro, cab_declara ca  
    WHERE cd.num_corredoc = #NUM_CORREDOC#
    AND cd.num_corredoc = rf.num_corredoc (+) and rf.cod_indicador(+)='08' and rf.ind_activo(+)='1'
    AND cd.num_corredoc = ro.num_corredoc (+) and ro.cod_indicador(+)='11' and ro.ind_activo(+)='1'
    AND cd.num_corredoc = ca.num_corredoc (+)
    AND cd.cod_tipdiligencia NOT IN ('01','04','20') <!-- P24-II -->
    <!-- ggranados pase 102 -->
    and cd.cod_tipdiligencia IN ('02','03', '05')
    ORDER BY fecharegistro
  </select>
  	        <insert id="insert" parameterClass="java.util.HashMap">
    INSERT INTO CAB_DILIGENCIA(num_corredoc, cod_tipdiligencia
    <dynamic prepend=",">
      <isNotEmpty property="NUM_CORREDOC_SOL" prepend=",">num_corredoc_sol</isNotEmpty>
      <isNotNull property="FEC_DILIGENCIA" prepend=",">fec_diligencia</isNotNull>
      <isNotNull property="IND_INCIDENCIA" prepend=",">ind_incidencia</isNotNull>
      <isNotNull property="IND_MULTA" prepend=",">ind_multa</isNotNull>
      <isNotNull property="CNT_BULTOSRECON" prepend=",">cnt_bultosrecon</isNotNull>
      <isNotNull property="DES_RESULTADO" prepend=",">des_resultado</isNotNull>
      <isNotNull property="COD_FUNCIONARIO" prepend=",">cod_funcionario</isNotNull>
      <isNotNull property="COD_USUREGIS" prepend=",">cod_usuregis</isNotNull>
      <isNotNull property="FEC_REGIS" prepend=",">fec_regis</isNotNull>
      <isNotNull property="COD_CATALOGO" prepend=",">cod_catalogo</isNotNull>
      <isNotNull property="COD_MOTIVO" prepend=",">cod_motivo</isNotNull>
      <isNotNull property="FEC_CONCLUSION" prepend=",">fec_conclusion</isNotNull>

<!-- INICIO PAS20124E600000358 -->
       <isNotNull property="COD_TIPDOCDILI" prepend=",">COD_TIPDOCDILI</isNotNull>
       <isNotNull property="COD_ADUADOCSUST" prepend=",">COD_ADUADOCSUST</isNotNull>
       <isNotNull property="COD_TIPDOCSUST" prepend=",">COD_TIPDOCSUST</isNotNull>
       <isNotNull property="COD_AREADOCSUST" prepend=",">COD_AREADOCSUST</isNotNull>
       <isNotNull property="ANN_DOCSUST" prepend=",">ANN_DOCSUST</isNotNull>
       <isNotNull property="NUM_DOCSUST" prepend=",">NUM_DOCSUST</isNotNull>
<!-- FIN    PAS20124E600000358 -->
    </dynamic>
    ) VALUES (#NUM_CORREDOC#,#COD_TIPDILIGENCIA#
    <dynamic prepend=",">
      <isNotEmpty property="NUM_CORREDOC_SOL" prepend=",">#NUM_CORREDOC_SOL#</isNotEmpty>
      <isNotNull property="FEC_DILIGENCIA" prepend=","><![CDATA[#FEC_DILIGENCIA#]]></isNotNull>
      <isNotNull property="IND_INCIDENCIA" prepend=",">#IND_INCIDENCIA#</isNotNull>
      <isNotNull property="IND_MULTA" prepend=",">#IND_MULTA#</isNotNull>
      <isNotNull property="CNT_BULTOSRECON" prepend=",">#CNT_BULTOSRECON#</isNotNull>
      <isNotNull property="DES_RESULTADO" prepend=",">#DES_RESULTADO#</isNotNull>
      <isNotNull property="COD_FUNCIONARIO" prepend=",">#COD_FUNCIONARIO#</isNotNull>
      <isNotNull property="COD_USUREGIS" prepend=",">#COD_USUREGIS#</isNotNull>
      <isNotNull property="FEC_REGIS" prepend=","><![CDATA[#FEC_REGIS#]]></isNotNull>
      <isNotNull property="COD_CATALOGO" prepend=",">#COD_CATALOGO#</isNotNull>
      <isNotNull property="COD_MOTIVO" prepend=",">#COD_MOTIVO#</isNotNull>
      <isNotNull property="FEC_CONCLUSION" prepend=",">#FEC_CONCLUSION#</isNotNull>
<!-- INICIO PAS20124E600000358 -->
             <isNotNull property="COD_TIPDOCDILI" prepend=",">#COD_TIPDOCDILI#</isNotNull>
             <isNotNull property="COD_ADUADOCSUST" prepend=",">#COD_ADUADOCSUST#</isNotNull>
             <isNotNull property="COD_TIPDOCSUST" prepend=",">#COD_TIPDOCSUST#</isNotNull>
             <isNotNull property="COD_AREADOCSUST" prepend=",">#COD_AREADOCSUST#</isNotNull>
             <isNotNull property="ANN_DOCSUST" prepend=",">#ANN_DOCSUST#</isNotNull>
             <isNotNull property="NUM_DOCSUST" prepend=",">#NUM_DOCSUST#</isNotNull>
<!-- FIN    PAS20124E600000358 -->
    </dynamic>
    )
  </insert>

<update id="update" parameterClass="java.util.HashMap">
    UPDATE CAB_DILIGENCIA
    <dynamic prepend="set">
      <isNotNull property="FEC_DILIGENCIA" prepend=","><![CDATA[fec_diligencia=#FEC_DILIGENCIA#]]></isNotNull>
      <isNotNull property="IND_INCIDENCIA" prepend=",">ind_incidencia=#IND_INCIDENCIA#</isNotNull>
      <isNotNull property="IND_MULTA" prepend=",">ind_multa=#IND_MULTA#</isNotNull>

<!-- olunar - 309 -->
			<isNotNull property="IND_PASEARECFISICO" prepend=",">IND_PASEARECFISICO=#IND_PASEARECFISICO#</isNotNull>
			<!-- fin -->
      <isNotNull property="CNT_BULTOSRECON" prepend=",">cnt_bultosrecon=#CNT_BULTOSRECON#</isNotNull>
      <isNotNull property="DES_RESULTADO" prepend=",">des_resultado=#DES_RESULTADO#</isNotNull>
      <isNotNull property="COD_FUNCIONARIO" prepend=",">cod_funcionario=#COD_FUNCIONARIO#</isNotNull>
      <isNotNull property="COD_USUMODIF" prepend=",">cod_usumodif=#COD_USUMODIF#</isNotNull>
      <isNotNull property="FEC_MODIF" prepend=","><![CDATA[fec_modif=#FEC_MODIF#]]></isNotNull>
      <isNotNull property="COD_CATALOGO" prepend=",">cod_catalogo=#COD_CATALOGO#</isNotNull>
      <isNotNull property="COD_MOTIVO" prepend=",">cod_motivo=#COD_MOTIVO#</isNotNull>
      <isNotNull property="FEC_CONCLUSION" prepend=",">fec_conclusion=#FEC_CONCLUSION#</isNotNull>
    <!-- INICIO PAS20124E600000358 -->
             <isNotNull property="COD_TIPDOCDILI" prepend=",">COD_TIPDOCDILI=#COD_TIPDOCDILI#</isNotNull>
             <isNotNull property="COD_ADUADOCSUST" prepend=",">COD_ADUADOCSUST=#COD_ADUADOCSUST#</isNotNull>
             <isNotNull property="COD_TIPDOCSUST" prepend=",">COD_TIPDOCSUST=#COD_TIPDOCSUST#</isNotNull>
             <isNotNull property="COD_AREADOCSUST" prepend=",">COD_AREADOCSUST=#COD_AREADOCSUST#</isNotNull>
             <isNotNull property="ANN_DOCSUST" prepend=",">ANN_DOCSUST=#ANN_DOCSUST#</isNotNull>
             <isNotNull property="NUM_DOCSUST" prepend=",">NUM_DOCSUST=#NUM_DOCSUST#</isNotNull>
           <!-- FIN    PAS20124E600000358 -->
      <isNotNull property="COD_TIPDILIGENCIA_UPD" prepend=","> COD_TIPDILIGENCIA = #COD_TIPDILIGENCIA_UPD# </isNotNull>
      	<!-- rectificacion diligencia salida -->
      	<isNotNull property="IND_BQ" prepend=","> IND_BQ = #IND_BQ# </isNotNull>
      	<isNotNull property="COD_ESTDILIG" prepend=","> COD_ESTDILIG = #COD_ESTDILIG# </isNotNull>
	</dynamic>
    <dynamic prepend=" WHERE ">
          <isNotNull prepend=" AND " property="NUM_CORREDOC"> num_corredoc = #NUM_CORREDOC# </isNotNull>
          <isNotNull prepend=" AND " property="COD_TIPDILIGENCIA"> cod_tipdiligencia = #COD_TIPDILIGENCIA# </isNotNull>
          <isNotNull prepend=" AND " property="NUM_CORREDOC_SOL"> num_corredoc_sol = #NUM_CORREDOC_SOL#</isNotNull>
        </dynamic>
  </update>

  <select id="count" parameterClass="java.util.HashMap"
resultClass="java.lang.Integer" cacheModel="cabdiligencia-cache">

    SELECT count(1) FROM CAB_DILIGENCIA
		<dynamic prepend="WHERE">
      <isNotEmpty prepend="AND" property="numcorredoc"> num_corredoc = #numcorredoc#
      </isNotEmpty>
      <isNotEmpty prepend="AND" property="codtipdiligencia"> cod_tipdiligencia = #codtipdiligencia#
      </isNotEmpty>
    </dynamic>
  </select>


<select id="tieneSolicitudesXEspecialista" parameterClass="java.util.HashMap"
resultClass="java.util.HashMap" cacheModel="cabdiligencia-cache">
		SELECT
      D.NUM_CORREDOC, D.COD_TIPDILIGENCIA, D.COD_CATALOGO,
      D.COD_MOTIVO,
    TO_CHAR(D.FEC_CONCLUSION,'DD/MM/YYYY') FEC_CONCLUSION,
    TO_CHAR(D.FEC_DILIGENCIA,'DD/MM/YYYY HH24:MI:SS') FEC_DILIGENCIA,
    D.COD_FUNCIONARIO, TO_CHAR(C.FEC_DECLARACION,'DD/MM/YYYY')
    FEC_DECLARACION, N.FEC_REGIS
		FROM
      CAB_DECLARA C, CAB_DILIGENCIA D,CONSULTA N
		WHERE
      C.NUM_DECLARACION = #NUM_DECLARACION# AND
      C.COD_ADUANA = #COD_ADUANA# AND
      C.ANN_PRESEN = #ANN_PRESEN# AND
      C.COD_REGIMEN= #COD_REGIMEN# AND
      C.NUM_CORREDOC = N.NUM_CORREDOC AND
      C.NUM_CORREDOC = D.NUM_CORREDOC AND
      D.COD_TIPDILIGENCIA = N.COD_TIPDILIGENCIA AND
      D.COD_TIPDILIGENCIA = #COD_TIPDILIGENCIA# AND
      TRIM(N.IND_RESPUESTA) IS NULL
  </select>

  <select id="findTieneAmpliacionPlazo" parameterClass="java.util.HashMap"
resultClass="java.util.HashMap">
    SELECT
      TO_CHAR(FEC_CONCLUSION,'DD/MM/YYYY') FEC_CONCLUSION, COD_CATALOGO,
      COD_MOTIVO, DES_RESULTADO
    FROM
      CAB_DILIGENCIA
    WHERE
      NUM_CORREDOC = #NUM_CORREDOC# AND
      COD_TIPDILIGENCIA = '04'
  </select>


<select id="findDuaDiligenciada" parameterClass="java.lang.String"
resultClass="java.util.HashMap">
    SELECT
      NUM_CORREDOC,FEC_DILIGENCIA
    FROM
      CAB_DILIGENCIA
    WHERE
      NUM_CORREDOC = #numCorreDoc# AND
      COD_TIPDILIGENCIA IN ('02','03') AND
    ROWNUM=1
    </select>

    <select id="findPrimeraDiligencia" parameterClass="java.util.HashMap" resultClass="java.util.HashMap">
    SELECT
      NUM_CORREDOC, FEC_DILIGENCIA, FEC_REGIS,
      COD_TIPDILIGENCIA
    FROM
      CAB_DILIGENCIA
    WHERE
      NUM_CORREDOC = #NUM_CORREDOC#
      <isNotEmpty prepend="AND" property="COD_TIPDILIGENCIA">
       <iterate property="COD_TIPDILIGENCIA" open="(" close=")" conjunction="or ">
         COD_TIPDILIGENCIA=#COD_TIPDILIGENCIA[]#
      </iterate>
     </isNotEmpty>
      AND FEC_REGIS = (SELECT MIN(FEC_REGIS) FROM CAB_DILIGENCIA WHERE NUM_CORREDOC = #NUM_CORREDOC#
      <isNotEmpty prepend="AND" property="COD_TIPDILIGENCIA">
       <iterate property="COD_TIPDILIGENCIA" open="(" close=")" conjunction="or ">
         COD_TIPDILIGENCIA=#COD_TIPDILIGENCIA[]#
      </iterate>
     </isNotEmpty>
     )
    </select>

  <select id="findUltimaDiligencia" parameterClass="java.util.HashMap" resultClass="java.util.HashMap">
    SELECT
      NUM_CORREDOC, COD_TIPDILIGENCIA, IND_INCIDENCIA,
      IND_MULTA, COD_CATALOGO, COD_MOTIVO,
      FEC_CONCLUSION, DES_RESULTADO, CNT_BULTOSRECON,
      COD_FUNCIONARIO, FEC_DILIGENCIA, NUM_CORREDOC_SOL,
      <!-- olunar 040 -->      
      FEC_REGIS
    FROM
      CAB_DILIGENCIA
    WHERE
      NUM_CORREDOC = #NUM_CORREDOC# AND
      FEC_REGIS = (SELECT MAX(FEC_REGIS)
      FROM		CAB_DILIGENCIA
      WHERE		NUM_CORREDOC = #NUM_CORREDOC#
      <isNotEmpty prepend="AND" property="COD_TIPDILIGENCIA">
       <iterate property="COD_TIPDILIGENCIA" open="(" close=")" conjunction="or ">
         COD_TIPDILIGENCIA=#COD_TIPDILIGENCIA[]#
      </iterate>
     </isNotEmpty>
<!--lmvr: inicio - Complemento de Diligencia de Rectificacion-->
      <isNotEmpty prepend="AND" property="COD_TIPDILIGENCIA">
       <iterate property="COD_TIPDILIGENCIA" open="(" close=")" conjunction="or ">
         COD_TIPDILIGENCIA=#COD_TIPDILIGENCIA[]#
      </iterate>
     </isNotEmpty>
<!--lmvr: fin - Complemento de Diligencia de Rectificacion-->
     )
	AND ROWNUM=1
    ORDER BY cod_tipdiligencia DESC  
    </select>
 <!-- RTINEO: 24/12/2014: RINMEJORASPROCESOSSDA -->
  <select id="findUltimaDiligenciaConPlazoProceso" parameterClass="java.util.HashMap" resultClass="java.util.HashMap">
    SELECT
    C.NUM_CORREDOC, C.COD_TIPDILIGENCIA, C.IND_INCIDENCIA,
    C.IND_MULTA, C.COD_CATALOGO, C.COD_MOTIVO,
    C.FEC_CONCLUSION, C.DES_RESULTADO, C.CNT_BULTOSRECON,
    C.COD_FUNCIONARIO, C.FEC_DILIGENCIA, C.NUM_CORREDOC_SOL,
    C.FEC_REGIS,P.FEC_FIN, P.CNT_DURACION, P.COD_UNIMED
    FROM 
        CAB_DILIGENCIA C
        LEFT JOIN PLAZOSPROCESO P ON(C.NUM_CORREDOC = P.NUM_CORREDOC AND P.COD_TIPPLZ = #codtipplz#)
    WHERE
        C.NUM_CORREDOC = #NUM_CORREDOC# AND
      	C.FEC_REGIS = (SELECT MAX(FEC_REGIS)
      	FROM CAB_DILIGENCIA
      	WHERE NUM_CORREDOC = #NUM_CORREDOC#
		      <isNotEmpty prepend="AND" property="COD_TIPDILIGENCIA">
		       <iterate property="COD_TIPDILIGENCIA" open="(" close=")" conjunction="or ">
		         COD_TIPDILIGENCIA=#COD_TIPDILIGENCIA[]#
		      </iterate>
		     </isNotEmpty>
		     <isNotEmpty prepend="AND" property="COD_TIPDILIGENCIA">
		       <iterate property="COD_TIPDILIGENCIA" open="(" close=")" conjunction="or ">
		         COD_TIPDILIGENCIA=#COD_TIPDILIGENCIA[]#
		      </iterate>
		     </isNotEmpty>
     	)
		AND ROWNUM=1
    	ORDER BY cod_tipdiligencia DESC  
    </select>
	<!-- RTINEO FIN -->
   
<select id="findPlazoConclusion" resultClass="java.util.HashMap">
    SELECT
      C.NUM_CORREDOC_SOL,C.FEC_CONCLUSION,C.DES_RESULTADO,
      CO.COD_FUNCIONARIO, NVL(TRIM(CO.IND_RESPUESTA),'0') AS IND_RESPUESTA,CO.FEC_PROPCONCLFIN,
             CO.DES_PROPCONCLFIN, CO.FEC_ULTCONCLUSION,CO.COD_FUNCIONARIO AS COD_PROFUNCIONARIO
    FROM
      CAB_DILIGENCIA C INNER JOIN CONSULTA CO ON C.NUM_CORREDOC=CO.NUM_CORREDOC AND
      C.COD_TIPDILIGENCIA=CO.COD_TIPDILIGENCIA AND C.NUM_CORREDOC_SOL=CO.NUM_CORREDOC_SOL
    WHERE
      C.COD_TIPDILIGENCIA=#codTipdiligencia# AND
      C.NUM_CORREDOC=#numCorreDoc#
    ORDER BY C.NUM_CORREDOC_SOL
  </select>
        <select id="findDuaRectificada" parameterClass="java.lang.String"
resultClass="java.util.HashMap">
    SELECT * FROM ( SELECT
                    num_corredoc, fec_diligencia, des_resultado, num_corredoc_sol
                    FROM CAB_DILIGENCIA
                    WHERE cod_tipdiligencia='06' AND
                    num_corredoc = #numCorreDoc#
                    ORDER BY fec_diligencia desc )
    WHERE ROWNUM =1
  </select>


<select id="findDiligenciaByPK" parameterClass="diligencia"
    resultMap="resultDiligencia">
    SELECT * from CAB_DILIGENCIA
        WHERE
          NUM_CORREDOC = #numeroCorrelativo# and
          NUM_CORREDOC_SOL = #numeroCorrelativoSolicitud#
 <!--FIN-RIN13-->
<isNotEmpty prepend=" AND " property="codigoTipoDiligencia"> COD_TIPDILIGENCIA =#codigoTipoDiligencia#</isNotEmpty>
  <!--FIN-RIN13-->
  </select>

<select id="obtenerTipoDiligencia" resultClass="java.lang.String">
      SELECT COD_TIPDILIGENCIA FROM CAB_DILIGENCIA WHERE NUM_CORREDOC = #NUM_CORREDOC# AND COD_TIPDILIGENCIA IN ('02', '03')
    </select>


<!-- INICIO PAS20124E600000358 -->
<select id="ultimoNumCorreDocSol" parameterClass="java.util.HashMap"

resultClass="java.lang.Integer" cacheModel="cabdiligencia-cache">
    SELECT (NVL(MAX (TO_NUMBER (NUM_CORREDOC_SOL)),0) + 1)
    FROM CAB_DILIGENCIA
    <dynamic prepend="WHERE">
      <isNotEmpty prepend="AND" property="numcorredoc"> NUM_CORREDOC =#numcorredoc#</isNotEmpty>
      <isNotEmpty prepend="AND" property="codtipdiligencia"> COD_TIPDILIGENCIA =#codtipdiligencia#</isNotEmpty>
    </dynamic>
  </select>

<select id="select" parameterClass="java.util.HashMap" resultClass="java.util.HashMap">
     SELECT *
     FROM CAB_DILIGENCIA
     <dynamic prepend=" WHERE ">
     	<isNotNull prepend="AND" property="NUM_CORREDOC"> NUM_CORREDOC = #NUM_CORREDOC# </isNotNull>
     	<isNotNull prepend="AND" property="COD_TIPDILIGENCIA"> COD_TIPDILIGENCIA = #COD_TIPDILIGENCIA# </isNotNull>
     	<isNotNull prepend="AND" property="NUM_CORREDOC_SOL"> NUM_CORREDOC_SOL = #NUM_CORREDOC_SOL# </isNotNull>
     	<isNotNull prepend="AND" property="COD_TIPDOCDILI"> COD_TIPDOCDILI = #COD_TIPDOCDILI# </isNotNull>
         <isNotNull prepend="AND" property="COD_ADUADOCSUST"> COD_ADUADOCSUST = #COD_ADUADOCSUST# </isNotNull>
         <isNotNull prepend="AND" property="COD_TIPDOCSUST"> COD_TIPDOCSUST = #COD_TIPDOCSUST# </isNotNull>
         <isNotNull prepend="AND" property="COD_AREADOCSUST"> COD_AREADOCSUST = #COD_AREADOCSUST# </isNotNull>
         <isNotNull prepend="AND" property="ANN_DOCSUST"> ANN_DOCSUST = #ANN_DOCSUST# </isNotNull>
         <isNotNull prepend="AND" property="NUM_DOCSUST"> NUM_DOCSUST = #NUM_DOCSUST# </isNotNull>
	<!-- lmvr - Inicio: Complemento de la Diligencia -->
		<isNotEmpty prepend="AND" property="COD_TIPDILIGENCIA_IN">
			<iterate property="COD_TIPDILIGENCIA_IN" open="(" close=")"
				conjunction="or ">
				COD_TIPDILIGENCIA=#COD_TIPDILIGENCIA_IN[]#
			</iterate>
       </isNotEmpty>  
         <!-- lmvr - Fin: Complemento de la Diligencia -->
       
<!-- INICIO RIN08 -->
        <isNotNull prepend=" and " property="LISTA_TIPDILIGENCIA">
					<iterate property="LISTA_TIPDILIGENCIA" open="COD_TIPDILIGENCIA IN ("  conjunction=", " close=")">
			 			#LISTA_TIPDILIGENCIA[]:VARCHAR# 
					</iterate>
	  	</isNotNull>
	  	
	  	ORDER BY FEC_REGIS DESC
  	
<!-- FIN RIN08 -->
         
     </dynamic>
</select>

  <select id="countMaxByNumCorreDocAndTipodAndDate" parameterClass="java.util.HashMap" resultClass="java.lang.Integer"
  cacheModel="cabdiligencia-cache">
      SELECT count(1) FROM CAB_DILIGENCIA
    <dynamic prepend="WHERE">
        <isNotEmpty prepend="AND" property="NUM_CORREDOC"> NUM_CORREDOC = #NUM_CORREDOC#</isNotEmpty>
        <isNotEmpty prepend="AND" property="COD_TIPDILIGENCIA"> COD_TIPDILIGENCIA = #COD_TIPDILIGENCIA#</isNotEmpty>
        <isEqual prepend="AND" property="FLG_REC_REGIS" compareValue="0"> to_date(FEC_REGIS,'dd/mm/yyyy') = to_date(sysdate,'dd/mm/yyyy')</isEqual>
    <!-- hosorio rin 12 inicio -->
      <isNotEmpty prepend="AND" property="LSTMOTIVOS">
       <iterate property="LSTMOTIVOS" open="(" close=")" conjunction="or ">
         COD_MOTIVO=#LSTMOTIVOS[]#
      </iterate>
     </isNotEmpty>        
        <!-- hosorio rin 12 fin -->
        
    </dynamic>
  </select>


<select id="findTieneDeclaracionDiligenciaTipo" parameterClass="java.util.HashMap"
    resultClass="java.util.HashMap">
    SELECT B.NUM_CORREDOC
    FROM CAB_DILIGENCIA B, CAB_DECLARA A
    <dynamic prepend="WHERE">
      <isNotEmpty prepend="AND" property="NUM_DECLARACION"> A.NUM_DECLARACION = #NUM_DECLARACION#</isNotEmpty>
      <isNotEmpty prepend="AND" property="COD_ADUANA"> A.COD_ADUANA = #COD_ADUANA#</isNotEmpty>
      <isNotEmpty prepend="AND" property="ANN_PRESEN"> A.ANN_PRESEN = #ANN_PRESEN#</isNotEmpty>
      <isNotEmpty prepend="AND" property="COD_REGIMEN"> A.COD_REGIMEN = #COD_REGIMEN#</isNotEmpty>
      <isNotEmpty prepend="AND" property="NUM_CORREDOC"> A.NUM_CORREDOC = #NUM_CORREDOC#</isNotEmpty>
    <isNotEmpty prepend="AND" property="NUM_CORREDOC_SOL"> B.NUM_CORREDOC_SOL = #NUM_CORREDOC_SOL#</isNotEmpty>
   </dynamic>
    AND A.NUM_CORREDOC = B.NUM_CORREDOC
    AND B.COD_TIPDILIGENCIA = #COD_TIPDILIGENCIA#
  </select>


<!-- FIN    PAS20124E600000358 -->
<!--INICIO-RIN13-->

	<select id="hasDiligencia" resultClass="java.lang.Integer" parameterClass="diligencia">
		SELECT 1 FROM CAB_DILIGENCIA
		WHERE ROWNUM = 1
	   	<dynamic>
	       	<isNotEmpty prepend=" AND " property="numeroCorrelativo">NUM_CORREDOC = #numeroCorrelativo:NUMBER#</isNotEmpty>
	       	<isNotEmpty prepend=" AND " property="codigoTipoDiligencia">COD_TIPDILIGENCIA = #codigoTipoDiligencia:VARCHAR#</isNotEmpty>
	   	</dynamic>
	</select>
	
	<select id="hasDiligenciaByParameterMap" resultClass="java.lang.Integer" parameterClass="java.util.HashMap">
		SELECT 1 FROM CAB_DILIGENCIA
		WHERE ROWNUM = 1
	   	<dynamic>
	       	<isNotEmpty prepend=" AND " property="numeroCorrelativo">NUM_CORREDOC = #numeroCorrelativo:NUMBER#</isNotEmpty>
	       	<isNotEmpty prepend=" AND " property="codigoTipoDiligencia">COD_TIPDILIGENCIA = #codigoTipoDiligencia:VARCHAR#</isNotEmpty>
	       	<isNotEmpty prepend=" AND " property="listaTipoDiligencia"> 
				COD_TIPDILIGENCIA IN 
				<iterate property="listaTipoDiligencia" open="(" close=")" conjunction=",">
					#listaTipoDiligencia[]#
				</iterate>
			</isNotEmpty>
	   	</dynamic>
	</select>
	
	<insert id="insertSelective" parameterClass="diligencia">
    	INSERT INTO CAB_DILIGENCIA
    	<dynamic prepend="(" >
      		<isNotNull prepend="," property="numeroCorrelativo">NUM_CORREDOC</isNotNull>
      		<isNotNull prepend="," property="codigoTipoDiligencia">COD_TIPDILIGENCIA</isNotNull>
      		<isNotNull prepend="," property="numeroCorrelativoSolicitud">NUM_CORREDOC_SOL</isNotNull>
      		<isNotNull prepend="," property="fechaDiligencia">FEC_DILIGENCIA</isNotNull>
      		<isNotNull prepend="," property="indicarIncidencia">IND_INCIDENCIA</isNotNull>
      		<isNotNull prepend="," property="indicadorMulta">IND_MULTA</isNotNull>
      		<isNotNull prepend="," property="cantidadBultosReconocidos">CNT_BULTOSRECON</isNotNull>
      		<isNotNull prepend="," property="descripcionResultado">DES_RESULTADO</isNotNull>
      		<isNotNull prepend="," property="codigoFuncionario">COD_FUNCIONARIO</isNotNull>
      		<isNotNull prepend="," property="codigoCatalogoSolicitud">COD_CATALOGO</isNotNull>
      		<isNotNull prepend="," property="codigoMotivoSolicitud">COD_MOTIVO</isNotNull>
      		<isNotNull prepend="," property="fechaConclusion">FEC_CONCLUSION</isNotNull>
      		<isNotNull prepend="," property="indicadorGrabado">IND_GRABADO</isNotNull>
			<isNotNull prepend="," property="codEstadoDiligencia">COD_ESTDILIG</isNotNull>
			<!-- Diligencia 01 registro, rectificacion, anulacion de diligencia de salida... atributos adicionales -->
			<isNotNull prepend="," property="indicadorBoletinQuimico">IND_BQ</isNotNull>
			<isNotNull prepend="," property="numeroParcial">NUM_PARCIAL</isNotNull>
			<isNotNull prepend="," property="codigoUnidadDiligencia">COD_UNIDADDILIG</isNotNull>
			<isNotNull prepend="," property="correlativoTransporteMercancia">NUM_CORRTRANSPMERC</isNotNull>
      	)
    	</dynamic>
    	VALUES
    	<dynamic prepend="(" >
      		<isNotNull prepend="," property="numeroCorrelativo">#numeroCorrelativo:NUMBER#</isNotNull>
      		<isNotNull prepend="," property="codigoTipoDiligencia">#codigoTipoDiligencia:VARCHAR#</isNotNull>
      		<isNotNull prepend="," property="numeroCorrelativoSolicitud">#numeroCorrelativoSolicitud:NUMBER#</isNotNull>
      		<isNotNull prepend="," property="fechaDiligencia">#fechaDiligencia:TIMESTAMP#</isNotNull>
      		<isNotNull prepend="," property="indicarIncidencia">#indicarIncidencia:VARCHAR#</isNotNull>
      		<isNotNull prepend="," property="indicadorMulta">#indicadorMulta:VARCHAR#</isNotNull>
      		<isNotNull prepend="," property="cantidadBultosReconocidos">#cantidadBultosReconocidos:NUMBER#</isNotNull>
      		<isNotNull prepend="," property="descripcionResultado">#descripcionResultado:VARCHAR#</isNotNull>
      		<isNotNull prepend="," property="codigoFuncionario">#codigoFuncionario:VARCHAR#</isNotNull>
      		<isNotNull prepend="," property="codigoCatalogoSolicitud">#codigoCatalogoSolicitud:VARCHAR#</isNotNull>
      		<isNotNull prepend="," property="codigoMotivoSolicitud">#codigoMotivoSolicitud:VARCHAR#</isNotNull>
      		<isNotNull prepend="," property="fechaConclusion">#fechaConclusion:TIMESTAMP#</isNotNull>
      		<isNotNull prepend="," property="indicadorGrabado">#indicadorGrabado:VARCHAR#</isNotNull>
			<isNotNull prepend="," property="codEstadoDiligencia">#codEstadoDiligencia:VARCHAR#</isNotNull>
			<!-- Diligencia 01 registro, rectificacion, anulacion de diligencia de salida... atributos adicionales -->
			<isNotNull prepend="," property="indicadorBoletinQuimico">#indicadorBoletinQuimico:VARCHAR#</isNotNull>
			<isNotNull prepend="," property="numeroParcial">#numeroParcial:VARCHAR#</isNotNull>
			<isNotNull prepend="," property="codigoUnidadDiligencia">#codigoUnidadDiligencia:VARCHAR#</isNotNull>
			<isNotNull prepend="," property="correlativoTransporteMercancia">#correlativoTransporteMercancia:VARCHAR#</isNotNull>
      	 )
    	</dynamic>
	</insert>
	
<!--FIN-RIN13-->
	
	<!-- FIXME: CUS110301 lpalominom [inicio] -->
	<typeAlias alias="regularizacionBean" type="pe.gob.sunat.despaduanero2.diligencia.ingreso.bean.RegularizacionBean"/>
	
	<resultMap class="regularizacionBean" id="rsRegularizacionBean">
		<result column="NUM_CORREDOC" property="numeroCorrelativo" jdbcType="DECIMAL" />
		<result column="COD_TIPDILIGENCIA" property="tipoDiligencia" jdbcType="VARCHAR" />
		<result column="COD_FUNCIONARIO" property="codigoFuncionario" jdbcType="VARCHAR" />
		<result column="FEC_DILIGENCIA" property="fechaDiligencia" jdbcType="TIMESTAMP" />
		<result column="FEC_ACTUAL" property="fechaActual" jdbcType="TIMESTAMP" />
		<result column="DES_RESULTADO" property="descripcionResultado" jdbcType="VARCHAR" />
		<result column="IND_CAMBIO" property="indicadorCambio" jdbcType="VARCHAR" />
		<result column="D05" property="numeroDiligConclusionDespacho" jdbcType="DECIMAL" />
		<result column="D06" property="numeroDiligRectElectronica" jdbcType="DECIMAL" />
		<result column="D10" property="numeroDiligRectOficio" jdbcType="DECIMAL" />
	</resultMap>
	
	<select id="obtenerParametrosActualizacionRegularizacion" resultMap="rsRegularizacionBean" parameterClass="java.util.HashMap">
		SELECT num_corredoc, cod_tipdiligencia, cod_funcionario, fec_diligencia, SYSDATE fec_actual, des_resultado,
		       DECODE(TRUNC(fec_regis,'MI'),TRUNC(fec_modif,'MI'),'P','B') ind_cambio,
		       (SELECT COUNT(fec_diligencia) FROM cab_diligencia o WHERE o.cod_tipdiligencia = '05' AND o.num_corredoc = d.num_corredoc AND o.fec_diligencia > d.fec_diligencia) D05,
		       (SELECT COUNT(fec_diligencia) FROM cab_diligencia o WHERE o.cod_tipdiligencia = '06' AND o.num_corredoc = d.num_corredoc AND o.fec_diligencia > d.fec_diligencia) D06,
		       (SELECT COUNT(fec_diligencia) FROM cab_diligencia o WHERE o.cod_tipdiligencia = '10' AND o.num_corredoc = d.num_corredoc AND o.fec_diligencia > d.fec_diligencia) D10
		  FROM cab_diligencia d
		 WHERE 1=1
		   AND cod_tipdiligencia = #COD_TIPDILIGENCIA#
		   AND num_corredoc = #NUM_CORREDOC#
		   AND rownum = 1
	</select>
	<!-- FIXME: CUS110301 lpalominom [fin] -->
	
	
	<!--  /***** GGRANADOS RIN16PASE3 INI *****/ -->
	<insert id="insertDiligencia" parameterClass="diligencia">
		INSERT INTO CAB_DILIGENCIA
		<dynamic prepend="(" >
			<isNotNull prepend="," property="numeroCorrelativo" >
        		NUM_CORREDOC
      		</isNotNull>
      		<isNotNull prepend="," property="codigoTipoDiligencia" >
        		COD_TIPDILIGENCIA
      		</isNotNull>
      		<isNotNull prepend="," property="codigoFuncionario" >
        		COD_FUNCIONARIO
      		</isNotNull>
      		<isNotNull prepend="," property="fechaDiligencia" >
        		FEC_DILIGENCIA
      		</isNotNull>
      		)
    	</dynamic>
    	VALUES
    	<dynamic prepend="(" >
			<isNotNull prepend="," property="numeroCorrelativo" >
        		#numeroCorrelativo:DECIMAL#
      		</isNotNull>
      		<isNotNull prepend="," property="codigoTipoDiligencia" >
        		#codigoTipoDiligencia:VARCHAR#
      		</isNotNull>
      		<isNotNull prepend="," property="codigoFuncionario" >
        		#codigoFuncionario:VARCHAR#
      		</isNotNull>
      		<isNotNull prepend="," property="fechaDiligencia" >
        		#fechaDiligencia:TIMESTAMP#
      		</isNotNull>
			)
    	</dynamic>
	</insert>
	
<!--  /***** GGRANADOS RIN16PASE3 FIN *****/ -->
	
	<!-- --> 
	
	<resultMap id="resultMapAccionDiligencia" class="diligencia" >
	    <result property = "numeroCorrelativo" column = "NUM_CORREDOC"/>
	    <result property = "fechaDiligencia" column = "FEC_DILIGENCIA"/>
	    <result property = "codigoTipoDiligencia" column = "COD_TIPDILIGENCIA"/>
	    <result property = "codigoFuncionario" column = "COD_FUNCIONARIO"/>
	    <result property = "descripcionResultado" column = "DES_RESULTADO"/>
	</resultMap>
	
  <select id="getAccionesDiligencia" parameterClass="java.util.HashMap" resultMap="resultMapAccionDiligencia">
	SELECT 
		D.NUM_CORREDOC,
		D.FEC_DILIGENCIA,
		D.COD_TIPDILIGENCIA || '-' || (select des_datacat from datacatalogo where cod_catalogo='356' and cod_datacat=d.cod_tipdiligencia) AS COD_TIPDILIGENCIA,
		D.COD_FUNCIONARIO,
		D.DES_RESULTADO  
	FROM CAB_DILIGENCIA D
	WHERE D.NUM_CORREDOC = #numeroCorrelativo:DECIMAL#  <!-- NUM_CORREDOC DE LA DAM -->
	AND D.COD_ESTDILIG = '01'
	AND D.COD_TIPDILIGENCIA IN ('29', '30', '31')
  </select>
  
  <select id="getAccionesDespacho" parameterClass="java.util.HashMap" resultClass="rptAccionesDespachoSalidaBean">
     select dil.num_corredoc correlativoDeclaracion,
     	<!-- se adiciona correlativo de diligencia para poder ubicar las diligencias de despacho -->
     	dil.num_corredoc_sol as correlativoDiligencia,
     	dil.cod_tipdiligencia codigoTipoDiligencia,  
   		(dil.cod_tipdiligencia  || '-' || (select des_datacat from datacatalogo where cod_catalogo='356' and cod_datacat=dil.cod_tipdiligencia AND ROWNUM = 1)) tipoDiligencia,
		TO_CHAR(dil.fec_diligencia,'YYYY/MM/DD HH24:MI:SS') fechaAccion,		
		dil.cod_unidaddilig unidadDiligencia,		
		dil.num_parcial numeroParcial,
		dil.num_corrtranspmerc correlativoTranspMercancia,		
		(op.cod_transpmerca || '-' || (select des_datacat from datacatalogo where cod_catalogo='179' and cod_datacat=op.cod_transpmerca AND ROWNUM = 1)) transpMercancia,
		op.num_equipamiento numeroEquipamiento,
		dil.cod_funcionario codigoFuncionario,
		decode(dil.ind_incidencia,'S', 'SI','NO') indicadorIncidencia,
		decode(dil.cod_estdilig,'01','Activo', 'Anulado') estado,
		dil.des_resultado resultado
		from cab_diligencia dil 
		left join opsalida op on dil.num_corrtranspmerc=op.num_corredoc
		where dil.num_corredoc = #codigoNumeracionDAM:DECIMAL#
		and dil.cod_tipdiligencia IN ('29','30','31','25')		
  </select>
  
  	<!-- consulta de unidades de seleccion de diligencia por rectificar -->
  	<typeAlias alias="unidadSeleccionDiligenciaSalidaBean" type="pe.gob.sunat.despaduanero2.diligencia.salida.bean.UnidadSeleccionDiligenciaSalida"/>
	
	<resultMap class="unidadSeleccionDiligenciaSalidaBean" id="unidadSeleccionDiligenciaSalidaResultMap">
		<result column="NUM_CORREDOC" property="numeroCorrelativoDeclaracion" jdbcType="DECIMAL" />
		<result column="COD_TIPDILIGENCIA" property="codigoTipoDiligencia" jdbcType="VARCHAR" />
		<result column="NUM_CORREDOC_SOL" property="numeroCorrelativoDiligencia" jdbcType="VARCHAR" />
		<result column="FEC_DILIGENCIA" property="fechaDiligencia" jdbcType="TIMESTAMP" />
		<result column="NUM_PARCIAL" property="numeroParcial" jdbcType="VARCHAR" />
		<result column="COD_TRANSPMERCA" property="codigoTransporteMercancia" jdbcType="VARCHAR" />
		<result column="DES_TRANSPMERCA" property="descripcionTransporteMercancia" jdbcType="VARCHAR" />
		<result column="NUM_CONTENEDOR" property="numeroContenedor" jdbcType="VARCHAR" />
		<result column="COD_FUNCIONARIO" property="codigoFuncionario" jdbcType="VARCHAR" />
	</resultMap>
	
	<select id="getUnidadesSeleccionDiligenciaSalida" parameterClass="java.util.HashMap" resultMap="unidadSeleccionDiligenciaSalidaResultMap">
		SELECT NUM_CORREDOC, COD_TIPDILIGENCIA, NUM_CORREDOC_SOL,  <!-- DATOS QUE DAN UNICIDAD A CADA REGISTRO -->   
		FEC_DILIGENCIA, NUM_PARCIAL, 
		(SELECT COD_TRANSPMERCA FROM OPSALIDA OP WHERE NUM_CORREDOC=DIL.NUM_CORRTRANSPMERC) AS COD_TRANSPMERCA,
		(
			SELECT (SELECT DES_DATACAT FROM DATACATALOGO WHERE COD_CATALOGO='179' AND COD_DATACAT=OP.COD_TRANSPMERCA) 
			FROM OPSALIDA OP WHERE NUM_CORREDOC=DIL.NUM_CORRTRANSPMERC
		) AS DES_TRANSPMERCA,
		(SELECT NUM_EQUIPAMIENTO FROM OPSALIDA WHERE NUM_CORREDOC=DIL.NUM_CORRTRANSPMERC) AS NUM_CONTENEDOR,
		COD_FUNCIONARIO
		FROM CAB_DILIGENCIA DIL
		WHERE NUM_CORREDOC = #numeroCorrelativoDAM:DECIMAL#  <!-- 111424447 PARÁMETRO DE ENTRADA -->
		AND COD_TIPDILIGENCIA = '25'
		AND COD_ESTDILIG <![CDATA[<>]]> '99'
				
	</select>

<!--INICIO-PAS20181U220200073-->
	<select id="findAllDiligenciaByPK" parameterClass="java.util.HashMap" resultMap="resultDiligencia">
    SELECT * from CAB_DILIGENCIA
        WHERE
          NUM_CORREDOC = #numeroCorrelativo# 
        <isNotEmpty prepend=" AND " property="numeroCorrelativoSolicitud"> NUM_CORREDOC_SOL = #numeroCorrelativoSolicitud#</isNotEmpty>
		<isNotEmpty prepend=" AND " property="codigoTipoDiligencia"> COD_TIPDILIGENCIA =#codigoTipoDiligencia#</isNotEmpty>
  	</select>
<!--FIN-PAS20181U220200073-->

</sqlMap>