<?xml version="1.0" encoding="UTF-8"?>
<!DOCTYPE sqlMap PUBLIC "-//iBATIS.com//DTD SQL Map 2.0//EN" "http://www.ibatis.com/dtd/sql-map-2.dtd">
<sqlMap namespace="Comunicacion">
	<cacheModel id="comunicacion-cache" type="LRU" readOnly="true">
		<flushInterval hours="1" />
		<property name="size" value="10000" />
		<flushOnExecute statement="Comunicacion.insertComunicacion" />
	</cacheModel>

	<typeAlias alias="aliasComunicacion" type="pe.gob.sunat.despaduanero2.diligencia.ingreso.model.Comunicacion" />
	<typeAlias alias="aliasComunicacionExtend" type="pe.gob.sunat.despaduanero2.diligencia.ingreso.bean.ComunicacionDescripcion" />
	
	<resultMap class="aliasComunicacion" id="ComunicacionResultMap">  
		<!-- Datos de la Comunicacion -->
		<result column="COD_MOTNOTI" jdbcType="VARCHAR" property="codMotNoti" />
		<result column="COD_NOTA" jdbcType="VARCHAR" property="codNota" />
		<result column="COD_TIPDILIGENCIA" jdbcType="VARCHAR" property="codTiDiligencia" />
		<result column="COD_USUMODIF" jdbcType="VARCHAR" property="codUsuModificacion" />
		<result column="COD_USUREGIS" jdbcType="VARCHAR" property="codUsuRegistro" />
		<result column="DES_NOTA" jdbcType="VARCHAR" property="desNota" />
		<result column="FEC_MODIF" jdbcType="date" property="feModificacion" />		
		<result column="FEC_RECRESPNOTI" jdbcType="date" property="feRecRespNoti" />
		<result column="FEC_REGIS" jdbcType="date" property="feRegistro" />
		<result column="NUM_CORREDOC" jdbcType="NUMBER" property="numCorreDoc" />
		<result column="NUM_CORREDOC_SOL" jdbcType="NUMBER" property="numCorreDocSol" />
		<result column="NUM_FOLIOSRPTANOTI" jdbcType="NUMBER" property="numFolioRptaNoti" />
		<result column="NUM_NOTA" jdbcType="NUMBER" property="numNota" />
		<result column="OBS_RPTANOTI" jdbcType="VARCHAR" property="obsRptaNoti" />
		<result column="IND_DETDESCNOTI" jdbcType="CHAR" property="indDetDescNotificacion" />
	</resultMap>
	
	<resultMap class="aliasComunicacion" id="ComunicacionResultMapNew">  
		<!-- Datos de la Comunicacion -->
		<result column="COD_NOTA" jdbcType="VARCHAR" property="codigoNota" />
		<result column="COD_TIPDILIGENCIA" jdbcType="VARCHAR" property="codTiDiligencia" />
		<result column="COD_USUMODIF" jdbcType="VARCHAR" property="codUsuModificacion" />
		<result column="COD_USUREGIS" jdbcType="VARCHAR" property="codUsuRegistro" />
		<result column="DES_NOTA" jdbcType="VARCHAR" property="descripcionNota" />
		<result column="FEC_MODIF" jdbcType="date" property="fechaModificacion" />		
		<result column="FEC_RECRESPNOTI" jdbcType="date" property="fechaRespuestaNotificacion" />
		<result column="FEC_REGIS" jdbcType="date" property="feRegistro" />
		<result column="NUM_CORREDOC" jdbcType="NUMBER" property="numCorreDoc" />
		<result column="NUM_CORREDOC_SOL" jdbcType="NUMBER" property="numeroCorrelativoSolicitud" />
		<result column="NUM_NOTA" jdbcType="NUMBER" property="numeroNota" />
		<result column="OBS_RPTANOTI" jdbcType="VARCHAR" property="observacionRespuestaNotificacion" />
		<result column="IND_DETDESCNOTI" jdbcType="CHAR" property="indDetDescNotificacion" />
		<result column="COD_FUNCIONARIO" jdbcType="VARCHAR" property="codigoFuncionario" />
		<result column="COD_APROBADOR" jdbcType="VARCHAR" property="codigoAprobador" />
		<result column="COD_ESTNOTI" jdbcType="VARCHAR" property="codigoEstadoNotificacion" />
	</resultMap>
	
	<resultMap class="aliasComunicacionExtend" id="ComunicacionExtendResultMap" extends="ComunicacionResultMap">
		<result column="DES_TIPDILIGENCIA" jdbcType="VARCHAR" property="desTipoDiligencia" />
	</resultMap>


	<select id="findByDiligenciaAndTipo" parameterClass="java.util.HashMap" resultClass="java.util.HashMap">
		SELECT
		NUM_NOTA, COD_NOTA, DES_NOTA,
		TO_CHAR(FEC_REGIS, 'dd/mm/yyyy') FECHA_NOTA
		FROM
		COMUNICACION
		WHERE num_corredoc = #NUM_CORREDOC#
		AND COD_TIPDILIGENCIA = #COD_TIPDILIGENCIA#
		AND COD_NOTA = 'e'
	</select>
	
	<insert id="insertComunicacion" parameterClass="java.util.HashMap">
		INSERT INTO COMUNICACION (num_nota, num_corredoc
 	<dynamic prepend=",">
      <isNotNull property="cod_tipdiligencia" prepend="," >  cod_tipdiligencia </isNotNull>
      <isNotNull property="cod_nota" prepend=","> cod_nota </isNotNull>
      <isNotNull property="des_nota" prepend="," >  des_nota </isNotNull>
      <isNotNull property="cod_motnoti" prepend=","> cod_motnoti </isNotNull>
      <isNotNull property="ind_detdescnoti" prepend="," >  ind_detdescnoti </isNotNull>
      <isNotNull property="fec_regis" prepend=","> fec_regis </isNotNull>
      <isNotNull property="cod_usuregis" prepend="," >  cod_usuregis </isNotNull>
      <isNotNull property="fec_modif" prepend=","> fec_modif </isNotNull>
      <isNotNull property="cod_usumodif" prepend="," >  cod_usumodif </isNotNull>
      <isNotNull prepend="," property="num_corredoc_sol" > num_corredoc_sol </isNotNull>
    </dynamic>
		) VALUES (#num_nota#, #num_corredoc#
    <dynamic prepend=",">
      <isNotNull property="cod_tipdiligencia" prepend="," > #cod_tipdiligencia# </isNotNull>
      <isNotNull property="cod_nota" prepend=","> #cod_nota# </isNotNull>
      <isNotNull property="des_nota" prepend="," > #des_nota# </isNotNull>
      <isNotNull property="cod_motnoti" prepend=","> #cod_motnoti# </isNotNull>
      <isNotNull property="ind_detdescnoti" prepend="," > #ind_detdescnoti# </isNotNull>
      <isNotNull property="fec_regis" prepend=","> #fec_regis# </isNotNull>
      <isNotNull property="cod_usuregis" prepend="," > #cod_usuregis# </isNotNull>
      <isNotNull property="fec_modif" prepend=","> #fec_modif# </isNotNull>
      <isNotNull property="cod_usumodif" prepend="," >  #cod_usumodif# </isNotNull>
      <isNotNull prepend="," property="num_corredoc_sol" > #num_corredoc_sol:DECIMAL#</isNotNull>
	</dynamic>
		)
	</insert>
	
	<update id="updateRespuestaComunicacionNotificacionByPk" parameterClass="java.util.HashMap">
		UPDATE COMUNICACION
		<dynamic prepend="set">
			<isNotNull property="num_folios" prepend=","> num_foliosrptanoti = #num_folios# </isNotNull>
     		<isNotNull property="observaciones" prepend=","> obs_rptanoti = #observaciones# </isNotNull>
			<isNotNull property="fec_respuesta" prepend=","> fec_recrespnoti = #fec_respuesta# </isNotNull>
		</dynamic>
		<dynamic prepend=" WHERE ">
			<isNotNull prepend=" AND " property="num_nota"> num_nota = #num_nota# </isNotNull>
    	</dynamic>
  	</update>
	
  	<select id="obtenerSiguienteCorrelativo" resultClass="java.lang.Integer">
	    SELECT (TO_NUMBER(NVL(MAX(num_nota),0)) + 1) correlativo
	    FROM COMUNICACION
  	</select>
  	<select id="findByNumCorredoc" parameterClass="java.util.HashMap" resultClass="java.util.HashMap">
	    SELECT
	      a.COD_TIPDILIGENCIA, a.DES_NOTA, b.cod_funcionario COD_USUREGIS,
	      TO_CHAR(a.FEC_REGIS,'DD/MM/YYYY HH24:MI:SS') FEC_REGIS,
	      (SELECT nvc.des_datacat
	      FROM datacatalogo nvc
	      WHERE nvc.cod_catalogo = '356' AND
	            nvc.cod_datacat = a.COD_TIPDILIGENCIA AND
	            ROWNUM = 1) AS DES_TIPDILIGENCIA
	    FROM
	      COMUNICACION a, cab_diligencia b
			WHERE
	      a.num_corredoc = b.num_corredoc and
	      a.cod_tipdiligencia = b.cod_tipdiligencia and
	      a.NUM_CORREDOC = #NUM_CORREDOC# AND
	      a.COD_NOTA = 'e'
		  ORDER BY FEC_REGIS DESC
  	</select>
	
	<select id="findPendientesByNumCorredoc" parameterClass="java.lang.Long" resultMap="ComunicacionExtendResultMap">
		select a.cod_tipdiligencia COD_TIPDILIGENCIA, a.des_nota DES_NOTA, 
			a.cod_motnoti 		 COD_MOTNOTI, 
			a.cod_nota 			 COD_NOTA,
			a.cod_usuregis 			 COD_USUREGIS,		
			a.fec_recrespnoti 	 FEC_RECRESPNOTI, 
			a.fec_regis  		 FEC_REGIS, 
			a.num_nota  		 NUM_NOTA, 
			a.ind_detdescnoti 	 IND_DETDESCNOTI, 
			a.cod_usumodif 		 COD_USUMODIF, 
			a.fec_modif 		 FEC_MODIF,
			a.num_corredoc 		 NUM_CORREDOC,
			a.num_corredoc_sol   NUM_CORREDOC_SOL,
			a.num_foliosrptanoti NUM_FOLIOSRPTANOTI,
			a.obs_rptanoti 		 OBS_RPTANOTI,
			(select nvc.des_datacat from datacatalogo nvc 
			where nvc.cod_catalogo = '356' and nvc.cod_datacat = a.cod_tipdiligencia
			and rownum = 1) as DES_TIPDILIGENCIA
		from comunicacion a
		where 
			a.num_corredoc = #NUM_CORREDOC# and a.cod_nota = 'e' AND 
			(a.fec_recrespnoti = TO_DATE ('01/01/0001', 'DD/MM/YYYY') OR a.fec_recrespnoti IS NULL )
		order by fec_regis asc
	</select>
		
	<select id="findNotificacionesByNumCorreDoc" parameterClass="java.util.HashMap" resultClass="java.util.HashMap">
	    SELECT
	      'P' AS TIPO,COD_TIPDILIGENCIA, DES_NOTA,
	      TO_CHAR(FEC_REGIS,'DD/MM/YYYY HH24:MI:SS') FEC_REGIS,
	      (SELECT nvc.des_datacat FROM datacatalogo nvc WHERE nvc.cod_catalogo = '356' AND nvc.cod_datacat = COD_TIPDILIGENCIA AND ROWNUM = 1) AS COD_TIPDILIGENCIA_DESC
	    FROM
	      COMUNICACION
	    WHERE
	      NUM_CORREDOC = #NUM_CORREDOC# AND
	      COD_NOTA = 'e'
	    UNION
	    SELECT
	      'R' AS TIPO,cod_tipdiligencia,des_respuesta AS DES_NOTA,
	      TO_CHAR(fec_respuesta,'DD/MM/YYYY HH24:MI:SS') FEC_REGIS,
	      (SELECT nvc.des_datacat FROM datacatalogo nvc WHERE nvc.cod_catalogo = '356' AND nvc.cod_datacat = COD_TIPDILIGENCIA AND ROWNUM = 1) AS COD_TIPDILIGENCIA_DESC
	    FROM
	      CONSULTA
	    WHERE
	      NUM_CORREDOC = #NUM_CORREDOC# AND
	      ind_respuesta='2'
	    ORDER BY COD_TIPDILIGENCIA,FEC_REGIS DESC
	</select>
	
    <select id="obtenerNumeroSecuenciaComunicacion" resultClass="java.lang.String">
	    SELECT CASE WHEN (NUM > 9) THEN NUM || '' ELSE '0' || NVL(NUM, '1') END AS NUM_SECUEN FROM
	        ( SELECT ROWNUM NUM, NUM_NOTA FROM
	        ( SELECT NUM_NOTA FROM COMUNICACION WHERE NUM_CORREDOC = #NUM_CORREDOC# ORDER BY NUM_NOTA) )
	    WHERE NUM_NOTA = #NUM_NOTA#
 	</select>
  
  	<typeAlias alias="comunicacion" type="pe.gob.sunat.despaduanero2.diligencia.ingreso.model.Comunicacion"/>
  
  	<insert id="insertSelective" parameterClass="comunicacion">
    	INSERT INTO COMUNICACION
    	<dynamic prepend="(" >
      		<isNotNull prepend="," property="numeroNota">NUM_NOTA</isNotNull>
      		<isNotNull prepend="," property="codigoNota">COD_NOTA</isNotNull>
      		<isNotNull prepend="," property="descripcionNota">DES_NOTA</isNotNull>
      		<!-- ggranados 179 -->
      		<isNotNull prepend="," property="indDetDescNotificacion">IND_DETDESCNOTI</isNotNull>
      		<isNotNull prepend="," property="codMotNoti">COD_MOTNOTI</isNotNull>      		
      		<isNotNull prepend="," property="diligencia.numeroCorrelativo">NUM_CORREDOC</isNotNull>
      		<isNotNull prepend="," property="diligencia.codigoTipoDiligencia">COD_TIPDILIGENCIA</isNotNull>
      		<!-- rtineo  PAS20155E220400065 -->
      		<isNotNull prepend="," property="numeroCorrelativoSolicitud">NUM_CORREDOC_SOL</isNotNull>
      		<isNotNull prepend="," property="codigoFuncionario">COD_FUNCIONARIO</isNotNull>
      		<isNotNull prepend="," property="codigoAprobador">COD_APROBADOR</isNotNull>
      		<isNotNull prepend="," property="codigoEstadoNotificacion">COD_ESTNOTI</isNotNull>
      		<!-- rtineo PAS20155E220400065-->
      	)
    	</dynamic>
    	VALUES
    	<dynamic prepend="(" >
      		<isNotNull prepend="," property="numeroNota">#numeroNota:NUMBER#</isNotNull>
      		<isNotNull prepend="," property="codigoNota">#codigoNota:VARCHAR#</isNotNull>
      		<isNotNull prepend="," property="descripcionNota">#descripcionNota:VARCHAR#</isNotNull>
      		<!-- ggranados 179 -->
      		<isNotNull prepend="," property="indDetDescNotificacion">#indDetDescNotificacion:VARCHAR#</isNotNull>
      		<isNotNull prepend="," property="codMotNoti">#codMotNoti:VARCHAR#</isNotNull>
      		<isNotNull prepend="," property="diligencia.numeroCorrelativo">#diligencia.numeroCorrelativo:NUMBER#</isNotNull>
      		<isNotNull prepend="," property="diligencia.codigoTipoDiligencia">#diligencia.codigoTipoDiligencia:VARCHAR#</isNotNull>
      		<!-- rtineo  PAS20155E220400065 -->
      		<isNotNull prepend="," property="numeroCorrelativoSolicitud">#numeroCorrelativoSolicitud:NUMBER#</isNotNull>
      		<isNotNull prepend="," property="codigoFuncionario">#codigoFuncionario:VARCHAR#</isNotNull>
      		<isNotNull prepend="," property="codigoAprobador">#codigoAprobador:VARCHAR#</isNotNull>
      		<isNotNull prepend="," property="codigoEstadoNotificacion">#codigoEstadoNotificacion:VARCHAR#</isNotNull>
      		<!-- rtineo PAS20155E220400065-->
      	 )
    	</dynamic>
	</insert>
	
   	<select id="buscarNotificacionRespondida" parameterClass="java.util.HashMap" resultClass="java.util.HashMap">
	    select max(nvl(to_char(fec_regis,'YYYY/MM/DD HH:MI:SS'),fec_regis)) as fec_regis
	    from comunicacion 
	    where
	    num_corredoc = #numcorredoc#
	    and 
	    cod_tipdiligencia in ('14','05')  
	</select>
	
	<select id="obtenerNotificaciones" parameterClass="java.util.HashMap" resultMap="ComunicacionExtendResultMap">
		select a.cod_tipdiligencia COD_TIPDILIGENCIA, a.des_nota DES_NOTA, 
			a.cod_motnoti 		 COD_MOTNOTI, 
			a.cod_nota 			 COD_NOTA,
			a.cod_usuregis 			 COD_USUREGIS,
			a.fec_recrespnoti 	 FEC_RECRESPNOTI, 
			a.fec_regis  		 FEC_REGIS, 
			a.num_nota  		 NUM_NOTA, 
			a.ind_detdescnoti 	 IND_DETDESCNOTI, 
			a.cod_usumodif 		 COD_USUMODIF, 
			a.fec_modif 		 FEC_MODIF,
			a.num_corredoc 		 NUM_CORREDOC,
			a.num_corredoc_sol   NUM_CORREDOC_SOL,
			a.num_foliosrptanoti NUM_FOLIOSRPTANOTI,
			a.obs_rptanoti 		 OBS_RPTANOTI,
			(select nvc.des_datacat from datacatalogo nvc 
			where nvc.cod_catalogo = '356' and nvc.cod_datacat = a.cod_tipdiligencia
			and rownum = 1) as DES_TIPDILIGENCIA
		from comunicacion a, cab_diligencia b
		where a.num_corredoc = b.num_corredoc
			and a.cod_tipdiligencia = b.cod_tipdiligencia
			and a.num_corredoc = #NUM_CORREDOC# and a.cod_nota = 'e'
		order by fec_regis desc
	</select>
	
	<select id="selectNotificacionByID" parameterClass="java.lang.Long" resultMap="ComunicacionResultMap">
		SELECT 
			NUM_NOTA,
			COD_TIPDILIGENCIA,
			NUM_CORREDOC,
			COD_NOTA,
			DES_NOTA,
			COD_USUREGIS,
			FEC_REGIS,
			COD_USUMODIF,
			FEC_MODIF,
			NUM_CORREDOC_SOL,
			IND_DETDESCNOTI,
			COD_MOTNOTI,
			FEC_RECRESPNOTI,
			NUM_FOLIOSRPTANOTI,
			OBS_RPTANOTI
		FROM COMUNICACION
		WHERE
			NUM_NOTA = #numNota#
	</select>
	
	<!-- rtineo  PAS20155E220400065 -->
	<select id="listNotificaciones" resultMap ="ComunicacionResultMapNew" parameterClass="java.util.HashMap">
		SELECT 
		C.COD_NOTA,C.COD_TIPDILIGENCIA,C.COD_USUMODIF,C.COD_USUREGIS,C.DES_NOTA,C.FEC_MODIF,
		C.FEC_RECRESPNOTI,C.FEC_REGIS,C.NUM_CORREDOC,C.NUM_CORREDOC_SOL,C.NUM_NOTA,C.OBS_RPTANOTI,
		C.IND_DETDESCNOTI,C.COD_FUNCIONARIO,C.COD_APROBADOR,C.COD_ESTNOTI
		FROM COMUNICACION C
		INNER JOIN CAB_DILIGENCIA D 
		ON(D.NUM_CORREDOC = C.NUM_CORREDOC AND D.COD_TIPDILIGENCIA = C.COD_TIPDILIGENCIA AND D.NUM_CORREDOC_SOL = C.NUM_CORREDOC_SOL)
		<isNotNull property="SOLO_EER">
			INNER JOIN ASOCDOCUDAM A ON(D.NUM_CORREDOC = A.NUM_CORREDOC)
		</isNotNull>
		<dynamic prepend="WHERE" >
			<isNotNull prepend=" AND " property="NUM_CORREDOC">C.NUM_CORREDOC=#NUM_CORREDOC#</isNotNull>
			<isNotNull prepend=" AND " property="COD_TIPDILIGENCIA">C.COD_TIPDILIGENCIA=#COD_TIPDILIGENCIA#</isNotNull>
			<isNotNull prepend=" AND " property="COD_ESTNOTI">C.COD_ESTNOTI=#COD_ESTNOTI#</isNotNull>
			<isNotNull prepend=" AND " property="NUM_NOTA">C.NUM_NOTA=#NUM_NOTA#</isNotNull>
			<isNotNull prepend=" AND " property="FEC_INI_NOTIF">
				<isNotNull prepend=" AND " property="FEC_INI_NOTIF">
					BETWEEN C.FEC_REGIS #FEC_INI_NOTIF AND #FEC_FIN_NOTIF
				</isNotNull>
			</isNotNull>
			<isNotNull prepend=" AND " property="SOLO_EER">
				A.COD_ADUANAASIG = 235 AND A.COD_REGIMENASIG = 'DC'
			</isNotNull>
		</dynamic>
	</select>
	
	<typeAlias alias="aliasReporteNotificacion" type="pe.gob.sunat.despaduanero2.diligencia.ingreso.bean.NotificacionBean" />
	
	<resultMap id="ReporteNotificacionEER" class="aliasReporteNotificacion">  
		<!-- Datos de la Notificacion -->
		<result column="COD_ADUANAASIG" jdbcType="VARCHAR" property="codigoAduana" />
		<result column="ANN_PRESENASIG" jdbcType="NUMBER" property="anioDeclaracion" />
		<result column="NUM_DECLARAASIG" jdbcType="VARCHAR" property="numeroDeclaracion" />
		<result column="NUM_CORREDOC_SOL" jdbcType="NUMBER" property="numeroSecuenciaCorrelativo" />
		<result column="STR_FEC_REGIS" jdbcType="VARCHAR" property="stringFechaRegistro" />
		<result column="FEC_REGIS" jdbcType="date" property="fechaRegistro" />
		<result column="STR_FEC_RECRESPNOTI" jdbcType="VARCHAR" property="stringFechaCulminacion" />		
		<result column="COD_FUNCIONARIO" jdbcType="VARCHAR" property="codigoFuncionario" />
		<result column="DES_NOTA" jdbcType="VARCHAR" property="descripcionNotificacion" />
		<result column="COD_ESTNOTI" jdbcType="VARCHAR" property="codigoEstadoNotificacion" />
		<result column="OBS_RPTANOTI" jdbcType="VARCHAR" property="descripcionRespuesta" />
		<result column="COD_APROBADOR" jdbcType="VARCHAR" property="codigoAprobador" />
		<result column="COD_NOTA" jdbcType="VARCHAR" property="codigoNota" />
		<result column="COD_TIPDILIGENCIA" jdbcType="VARCHAR" property="codigoTipoDiligencia" />
		<result column="COD_USUMODIF" jdbcType="VARCHAR" property="codigoUsuarioModificacion" />
		<result column="COD_USUREGIS" jdbcType="VARCHAR" property="codigoUsuarioRegistro" />
		<result column="NUM_CORREDOC" jdbcType="NUMBER" property="numeroCorrelativo" />
		<result column="NUM_NOTA" jdbcType="NUMBER" property="numeroNotificacion" />
		<result column="STR_FEC_ASIG" jdbcType="VARCHAR" property="stringFechaAsignacion" />
		<result column="FEC_ASIG" jdbcType="date" property="fechaAsignacion" />
	</resultMap>
		
	<select id="listConsultaNotificacionesEER" resultMap ="ReporteNotificacionEER" parameterClass="java.util.HashMap">
		SELECT
		A.COD_ADUANAASIG, A.ANN_PRESENASIG, lpad(A.NUM_DECLARAASIG,6,'0') NUM_DECLARAASIG,C.NUM_CORREDOC_SOL,
		TO_CHAR(C.FEC_REGIS,'DD/MM/YYYY HH24:MI:SS') STR_FEC_REGIS,C.FEC_REGIS,
		DECODE(TO_CHAR(C.FEC_RECRESPNOTI,'DD/MM/YYYY'),'01/01/0001',' ',TO_CHAR(C.FEC_RECRESPNOTI,'DD/MM/YYYY HH24:MI:SS')) STR_FEC_RECRESPNOTI,
		C.COD_FUNCIONARIO,C.DES_NOTA,C.COD_ESTNOTI,C.OBS_RPTANOTI,C.COD_APROBADOR,
		C.COD_NOTA,C.COD_TIPDILIGENCIA,C.COD_USUMODIF,C.COD_USUREGIS, C.NUM_CORREDOC,C.NUM_NOTA,
		TO_CHAR(E.FEC_ASIG,'DD/MM/YYYY HH24:MI:SS') STR_FEC_ASIG,E.FEC_ASIG
		FROM COMUNICACION C INNER JOIN CAB_DILIGENCIA D 
		ON(D.NUM_CORREDOC = C.NUM_CORREDOC AND D.COD_TIPDILIGENCIA = C.COD_TIPDILIGENCIA AND D.NUM_CORREDOC_SOL = C.NUM_CORREDOC_SOL)
		INNER JOIN ASOCDOCUDAM A ON(D.NUM_CORREDOC = A.NUM_CORREDOC)
		INNER JOIN ESPE_DOCU E ON(A.NUM_CORREDOC = E.NUM_CORREDOC and COD_ESTREV = '06')
		<dynamic prepend="WHERE" >
			<isNotNull prepend=" AND " property="NUM_CORREDOC">C.NUM_CORREDOC=#NUM_CORREDOC#</isNotNull>
			<isNotNull prepend=" AND " property="COD_TIPDILIGENCIA">C.COD_TIPDILIGENCIA=#COD_TIPDILIGENCIA#</isNotNull>
			<isNotNull prepend=" AND " property="COD_ESTNOTI">C.COD_ESTNOTI=#COD_ESTNOTI#</isNotNull>
			<isNotNull prepend=" AND " property="NUM_NOTA">C.NUM_NOTA=#NUM_NOTA#</isNotNull>
			<isNotNull prepend=" AND " property="COD_FUNCIONARIO">C.COD_FUNCIONARIO=#COD_FUNCIONARIO#</isNotNull>
			<isNotNull prepend=" AND " property="COD_APROBADOR">C.COD_APROBADOR=#COD_APROBADOR#</isNotNull>
			<isNotNull prepend=" AND " property="CODI_ADUAN">A.COD_ADUANAASIG=#CODI_ADUAN#</isNotNull>
			<isNotNull prepend=" AND " property="ANO_PRESE">A.ANN_PRESENASIG=#ANO_PRESE#</isNotNull>
			<isNotNull prepend=" AND " property="NUME_CORRE">A.NUM_DECLARAASIG=#NUME_CORRE#</isNotNull>
			<isNotNull prepend=" AND " property="FEC_INI_NOTIF">
				<isNotNull property="FEC_INI_NOTIF">
					C.FEC_REGIS BETWEEN  #FEC_INI_NOTIF# AND #FEC_FIN_NOTIF#
				</isNotNull>
			</isNotNull>
			<isNotNull prepend=" AND " property="SOLO_EER">
				A.COD_ADUANAASIG = '235' AND A.COD_REGIMENASIG = 'DC'
			</isNotNull>
			<isNotNull prepend=" ORDER BY " property="ORDER_BY_FEC_REGIS">
				C.FEC_REGIS DESC
			</isNotNull>
		</dynamic>
	</select>
	
	<update id="updateComunicacion" parameterClass="comunicacion">
		UPDATE COMUNICACION
		<dynamic prepend="set">
     		<isNotNull property="observacionRespuestaNotificacion" prepend=","> obs_rptanoti = #observacionRespuestaNotificacion# </isNotNull>
			<isNotNull property="fechaRespuestaNotificacion" prepend=","> fec_recrespnoti = #fechaRespuestaNotificacion# </isNotNull>
			<isNotNull property="codigoAprobador" prepend=","> cod_aprobador = #codigoAprobador# </isNotNull>
			<isNotNull property="codigoEstadoNotificacion" prepend=","> cod_estnoti = #codigoEstadoNotificacion# </isNotNull>
			<isNotNull property="fechaModificacion" prepend=","> fec_modif = #fechaModificacion# </isNotNull>
		</dynamic>
		<dynamic prepend=" WHERE ">
			<isNotNull prepend=" AND " property="numeroNota"> num_nota = #numeroNota# </isNotNull>
    	</dynamic>
  	</update>
	<!-- fin  PAS20155E220400065 -->	
</sqlMap>