<?xml version="1.0" encoding="UTF-8"?>
<!DOCTYPE sqlMap PUBLIC "-//iBATIS.com//DTD SQL Map 2.0//EN" "http://www.ibatis.com/dtd/sql-map-2.dtd">
<sqlMap namespace="Consulta">
  <cacheModel id="consulta-cache" type="LRU" readOnly="true">
        <flushInterval minutes="1" />
    <flushOnExecute statement="Consulta.insert" />
    <property name="size" value="10000" />
  </cacheModel>
  
  <!-- olunar 309 -->
  <typeAlias alias="ConsultaBean" type="pe.gob.sunat.despaduanero2.diligencia.ingreso.bean.Consulta"/>
  
  <resultMap id="ConsultaBaseResultMap" class="ConsultaBean" >
    <result column="NUM_CORREDOC" property="numcorredoc" jdbcType="DECIMAL" />
    <result column="NUM_CORREDOC_SOL" property="numcorredocSol" jdbcType="DECIMAL" />    
    <result column="COD_TIPDILIGENCIA" property="tipoDiligencia" jdbcType="VARCHAR" />
    <result column="NUM_SECCONSULTA" property="numeroSecuencia" jdbcType="VARCHAR" />
    <result column="IND_RESPUESTA" property="indicadorRespuesta" jdbcType="VARCHAR" />
    <result column="DES_RESPUESTA" property="descripcionRespuesta" jdbcType="VARCHAR" />
    <result column="FEC_RESPUESTA" property="fechaRespuesta" jdbcType="TIMESTAMP" />
    <result column="COD_FUNCIONARIO" property="funcionario.codPers" jdbcType="VARCHAR" />
    <result column="FEC_REGIS" property="fechaRegistro" jdbcType="TIMESTAMP" />
    <result column="DES_MOTIVO" property="strMotivos" jdbcType="VARCHAR" />
    <result column="DES_CONSULTA" property="descripcion" jdbcType="VARCHAR" />
    <result column="COD_APROBADOR" property="aprobador.codPers" jdbcType="VARCHAR" />
  </resultMap>  
  <!-- fin -->

  <insert id="insert" parameterClass="java.util.HashMap">
    INSERT INTO CONSULTA (num_corredoc, cod_tipdiligencia
    <dynamic prepend=",">
      <isNotNull property="IND_RESPUESTA" prepend=",">ind_respuesta</isNotNull>
      <isNotNull property="DES_RESPUESTA" prepend=",">des_respuesta</isNotNull>
      <isNotNull property="COD_FUNCIONARIO" prepend=",">cod_funcionario</isNotNull>
      <isNotNull property="FEC_RESPUESTA" prepend=",">fec_respuesta</isNotNull>
      <isNotNull property="COD_USUREGIS" prepend=",">cod_usuregis</isNotNull>
      <isNotNull property="FEC_REGIS" prepend=",">fec_regis</isNotNull>
      <isNotNull property="COD_USUMODIF" prepend=",">cod_usumodif</isNotNull>
      <isNotNull property="FEC_MODIF" prepend=",">fec_modif</isNotNull>
    </dynamic>
    ) VALUES (#NUM_CORREDOC#, #COD_TIPDILIGENCIA#
    <dynamic prepend=",">
      <isNotNull property="IND_RESPUESTA" prepend=",">#IND_RESPUESTA#</isNotNull>
      <isNotNull property="DES_RESPUESTA" prepend=",">#DES_RESPUESTA#</isNotNull>
      <isNotNull property="COD_FUNCIONARIO" prepend=",">#COD_FUNCIONARIO#</isNotNull>
      <isNotNull property="FEC_RESPUESTA" prepend=",">#FEC_RESPUESTA#</isNotNull>
      <isNotNull property="COD_USUREGIS" prepend=",">#COD_USUREGIS#</isNotNull>
      <isNotNull property="FEC_REGIS" prepend=",">#FEC_REGIS#</isNotNull>
      <isNotNull property="COD_USUMODIF" prepend=",">#COD_USUMODIF#</isNotNull>
      <isNotNull property="FEC_MODIF" prepend=",">#FEC_MODIF#</isNotNull>
    </dynamic>
    )
  </insert>
  
  <update id="update" parameterClass="java.util.HashMap">
    UPDATE CONSULTA
    <dynamic prepend="set">
      <isNotNull property="IND_RESPUESTA" prepend=",">ind_respuesta=#IND_RESPUESTA#</isNotNull>
      <isNotNull property="DES_RESPUESTA" prepend=",">des_respuesta=#DES_RESPUESTA#</isNotNull>
      <isNotNull property="COD_FUNCIONARIO" prepend=",">cod_funcionario=#COD_FUNCIONARIO#</isNotNull>
      <isNotNull property="FEC_RESPUESTA" prepend=",">fec_respuesta=#FEC_RESPUESTA#</isNotNull>
      <isNotNull property="COD_USUMODIF" prepend=",">cod_usumodif=#COD_USUMODIF#</isNotNull>
      <isNotNull property="FEC_MODIF" prepend=",">fec_modif=#FEC_MODIF#</isNotNull>
      <!-- ini-wtaco PAS30 -->
       <isNotNull property="COD_APROBADOR" prepend=",">COD_APROBADOR=#COD_APROBADOR#</isNotNull>
       <isNotNull property="FEC_APROBADA" prepend=",">FEC_APROBADA=SYSDATE</isNotNull>
      <!-- fin-wtaco PAS30 -->
    </dynamic>
    WHERE 
      num_corredoc=#NUM_CORREDOC# AND 
      cod_tipdiligencia=#COD_TIPDILIGENCIA#
      <!-- ini-wtaco PAS30 -->
      <isNotNull property="NUM_CORREDOC_SOL" prepend="and"> NUM_CORREDOC_SOL = #NUM_CORREDOC_SOL#</isNotNull>
      <!-- fin-wtaco PAS30 -->
  </update>
  
  <select id="selectByNumCorredocDiligencia" parameterClass="java.util.HashMap" resultClass="java.util.HashMap">
    SELECT
      NUM_CORREDOC, COD_TIPDILIGENCIA, IND_RESPUESTA, 
      DES_RESPUESTA, COD_FUNCIONARIO,NUM_CORREDOC_SOL, NUM_SECCONSULTA
    FROM   
      CONSULTA
   <!--   WHERE  
      NUM_CORREDOC = #NUM_CORREDOC# AND 
      COD_TIPDILIGENCIA = #COD_TIPDILIGENCIA# -->
      
      
     <dynamic prepend="where">
		<isNotNull property="NUM_CORREDOC" prepend="and"> NUM_CORREDOC = #NUM_CORREDOC#</isNotNull>
		<isNotNull property="COD_TIPDILIGENCIA" prepend="and"> COD_TIPDILIGENCIA = #COD_TIPDILIGENCIA#</isNotNull>
		<isNotNull property="IND_RESPUESTA" prepend="and"> IND_RESPUESTA = #IND_RESPUESTA#</isNotNull>
		<isNotNull property="COD_FUNCIONARIO" prepend="and"> COD_FUNCIONARIO = #COD_FUNCIONARIO#</isNotNull>				
	</dynamic>	
      
      
      
  </select>

  <!-- olunar 309 -->
  <select id="selectByPk" resultMap="ConsultaBaseResultMap" parameterClass="ConsultaBean">
	select 
		NUM_CORREDOC, COD_TIPDILIGENCIA, IND_RESPUESTA, DES_RESPUESTA, FEC_RESPUESTA, DES_RESPUESTA, COD_FUNCIONARIO, FEC_REGIS, DES_MOTIVO, 
		DES_CONSULTA, NUM_CORREDOC_SOL, NUM_SECCONSULTA, COD_APROBADOR
	from   
		CONSULTA
	where  
		NUM_CORREDOC = #numcorredoc# AND COD_TIPDILIGENCIA = #tipoDiligencia# and NUM_CORREDOC_SOL= #numcorredocSol# and NUM_SECCONSULTA = #numeroSecuencia#
  </select>

  <select id="selectByConsulta" resultMap="ConsultaBaseResultMap" parameterClass="ConsultaBean">
	select 
		NUM_CORREDOC, COD_TIPDILIGENCIA, IND_RESPUESTA, DES_RESPUESTA, FEC_RESPUESTA, DES_RESPUESTA, COD_FUNCIONARIO, FEC_REGIS, DES_MOTIVO,  
		DES_CONSULTA, NUM_CORREDOC_SOL, NUM_SECCONSULTA, COD_APROBADOR	
	from   
		CONSULTA
  	<dynamic prepend="where">
		<isNotEmpty property="numcorredoc" prepend="and"> NUM_CORREDOC = #numcorredoc#</isNotEmpty>
		<isNotEmpty property="tipoDiligencia" prepend="and"> COD_TIPDILIGENCIA = #tipoDiligencia#</isNotEmpty>
		<isNotNull property="indicadorRespuesta" prepend="and"> IND_RESPUESTA = #indicadorRespuesta#</isNotNull>
		<isNotEmpty property="numcorredocSol" prepend="and"> NUM_CORREDOC_SOL = #numcorredocSol#</isNotEmpty>				
		<isNotEmpty property="catalogoMotivos.codCatalogo" prepend="and"> COD_CATALOGO = #catalogoMotivos.codCatalogo#</isNotEmpty>
	</dynamic>	 
  </select>
  
  <select id="selectMaxNumSecConsulta" resultClass="java.lang.Integer" parameterClass="ConsultaBean">
  	select NVL(MAX(NUM_SECCONSULTA),0) 
  	from CONSULTA
  	<dynamic prepend="where">
  		<isNotNull property="numcorredoc">
  			<isNotEmpty prepend="and" property="numcorredoc">NUM_CORREDOC = #numcorredoc#</isNotEmpty>
  		</isNotNull>
	</dynamic>	
  </select>	

	<update id="updateSelective" parameterClass="ConsultaBean"> 
    update CONSULTA 
    <dynamic prepend="set"> 
	    <isNotNull property="indicadorRespuesta" prepend=",">IND_RESPUESTA=#indicadorRespuesta#</isNotNull>
	    <isNotNull property="descripcionRespuesta" prepend=",">DES_RESPUESTA=#descripcionRespuesta#</isNotNull>
	    <isNotNull property="fechaRespuesta" prepend=",">FEC_RESPUESTA=#fechaRespuesta#</isNotNull>    
	    <isNotNull property="aprobador.codPers" prepend=",">COD_APROBADOR=#aprobador.codPers#</isNotNull>
    </dynamic>
    where NUM_CORREDOC = #numcorredoc# and COD_TIPDILIGENCIA = #tipoDiligencia# and NUM_SECCONSULTA = #numeroSecuencia# and NUM_CORREDOC_SOL = #numcorredocSol#
    </update>
      
	<insert id="insertSelective" parameterClass="ConsultaBean">
    insert into CONSULTA (NUM_CORREDOC, COD_TIPDILIGENCIA, NUM_CORREDOC_SOL, NUM_SECCONSULTA 
    <dynamic prepend=","> 
	    <isNotNull property="indicadorRespuesta" prepend=",">IND_RESPUESTA</isNotNull>
	    <isNotNull property="descripcionRespuesta" prepend=",">DES_RESPUESTA</isNotNull>
	    <isNotNull property="funcionario.codPers" prepend=",">COD_FUNCIONARIO</isNotNull>
		<isNotNull property="descripcion" prepend=",">DES_CONSULTA</isNotNull>	    
		<isNotNull property="strMotivos" prepend=",">DES_MOTIVO</isNotNull>
		<isNotNull property="catalogoMotivos.codCatalogo" prepend=",">COD_CATALOGO</isNotNull>
    </dynamic>
    ) values (#numcorredoc#, #tipoDiligencia#, #numcorredocSol#, #numeroSecuencia#
    <dynamic prepend=",">
	    <isNotNull property="indicadorRespuesta" prepend=",">#indicadorRespuesta#</isNotNull>
	    <isNotNull property="descripcionRespuesta" prepend=",">#descripcionRespuesta#</isNotNull>
	    <isNotNull property="funcionario.codPers" prepend=",">#funcionario.codPers#</isNotNull>
	    <isNotNull property="descripcion" prepend=",">#descripcion#</isNotNull>	
		<isNotNull property="strMotivos" prepend=",">#strMotivos#</isNotNull>
		<isNotNull property="catalogoMotivos.codCatalogo" prepend=",">#catalogoMotivos.codCatalogo#</isNotNull>
    </dynamic>
    )
	</insert>	    
    <!-- fin -->

</sqlMap>