<?xml version="1.0" encoding="UTF-8"?>
<!DOCTYPE sqlMap PUBLIC "-//iBATIS.com//DTD SQL Map 2.0//EN" "http://www.ibatis.com/dtd/sql-map-2.dtd">

<!-- Creado - P14 - 3014 - dhernandezv -->
<sqlMap namespace="DetalleComunicacion">

	<typeAlias alias="aliasDetComunicacion" type="pe.gob.sunat.despaduanero2.diligencia.ingreso.bean.DetalleComunicacion" /> 
	
	<resultMap id="DetComunicacionResultMap" class="aliasDetComunicacion" >
		<!-- Datos de la DetalleComunicacion -->
		<result column="NUM_NOTA" jdbcType="NUMBER" property="numNota" />
		<result column="NUM_DETADESC" jdbcType="NUMBER" property="numDetaDescripcion" />
		<result column="DES_DETALLE" jdbcType="VARCHAR" property="desDetalle" />
		<result column="FEC_REGIS" jdbcType="DATE" property="feRegistro" />
		<result column="COD_USUREGIS" jdbcType="VARCHAR" property="codUsuRegistro" />
		<result column="FEC_MODIF" jdbcType="DATE" property="feModificacion" />
		<result column="COD_USUMODIF" jdbcType="VARCHAR" property="codUsuModificacion" />
	</resultMap>
	
	<select id="obtenerDetalleNotificacion" parameterClass="aliasDetComunicacion" resultMap="DetComunicacionResultMap">
		SELECT dc.NUM_NOTA, dc.NUM_DETADESC, dc.DES_DETALLE, dc.FEC_REGIS, dc.COD_USUREGIS, dc.FEC_MODIF, dc.COD_USUMODIF 
		FROM DET_COMUNICACION dc
		WHERE dc.NUM_NOTA = #numNota#
	</select>
	
	<!-- P14 - 3006 - Inicio - lrodriguezc PAS20165E220200099 -->
	<select id="obtenerSiguienteCorrelativo" parameterClass="java.util.HashMap" resultClass="java.lang.Long" >
		SELECT (TO_NUMBER(NVL(MAX(num_detadesc),0)) + 1) correlativo
		FROM DET_COMUNICACION 
		<!-- INICIO ADICIONADO POR P24 - M_SNADE283-597 -->
		<dynamic prepend="WHERE" >
			<isNotNull  property="num_nota">NUM_NOTA = #num_nota#</isNotNull>
		</dynamic>		
		<!-- FIN P24 - M_SNADE283-597 -->
	</select>
	
	<insert id="insert" parameterClass="java.util.HashMap">
		INSERT INTO DET_COMUNICACION (num_nota, num_detadesc
		<dynamic prepend=",">
			<isNotNull property="des_detalle" prepend=","> des_detalle </isNotNull>
			<isNotNull property="fec_regis" prepend=","> fec_regis </isNotNull>
			<isNotNull property="cod_usuregis" prepend=","> cod_usuregis</isNotNull>
			<isNotNull property="fec_modif" prepend=","> fec_modif </isNotNull>
			<isNotNull property="cod_usumodif" prepend=","> cod_usumodif </isNotNull>
		</dynamic>
		 ) VALUES (#num_nota#, #num_deta_desc#
		<dynamic prepend=",">
			<isNotNull property="des_detalle" prepend=","> #des_detalle# </isNotNull>
			<isNotNull property="fec_regis" prepend=","> #fec_regis# </isNotNull>
			<isNotNull property="cod_usuregis" prepend=","> #cod_usuregis# </isNotNull>
			<isNotNull property="fec_modif" prepend=","> #fec_modif# </isNotNull>
			<isNotNull property="cod_usumodif" prepend=","> #cod_usumodif#</isNotNull>
		</dynamic>
		 )
	</insert>
	
	<!-- ggranados 179 -->
	<select id="obtenerDetalleNotificacionParaDeclaracionOficio" parameterClass="java.util.HashMap" resultMap="DetComunicacionResultMap">
		SELECT 
			dc.NUM_NOTA, dc.NUM_DETADESC, dc.DES_DETALLE, 
			dc.FEC_REGIS, dc.COD_USUREGIS, dc.FEC_MODIF, 
			dc.COD_USUMODIF FROM DET_COMUNICACION dc 
		WHERE 
			dc.NUM_NOTA IN 
				(SELECT c.NUM_NOTA FROM COMUNICACION c 
				WHERE 
					c.NUM_CORREDOC=#numCorredoc# and 
					ind_detdescnoti=#detDescnoti# and 
					cod_tipdiligencia=#tipoDiligencia#)
					ORDER BY FEC_REGIS DESC
	</select>
	
	<insert id="insertSelective" parameterClass="aliasDetComunicacion">
    	INSERT INTO DET_COMUNICACION
    	<dynamic prepend="(" >
      		<isNotNull prepend="," property="numNota">NUM_NOTA</isNotNull>
      		<isNotNull prepend="," property="numDetaDescripcion">NUM_DETADESC</isNotNull>
			<isNotNull prepend="," property="desDetalle">DES_DETALLE</isNotNull>
			<!-- rtineo  PAS20155E220400065-->
			<isNotNull prepend="," property="codUsuRegistro">COD_USUREGIS</isNotNull>
			<isNotNull prepend="," property="codUsuModificacion">COD_USUMODIF</isNotNull>
			<!-- fin -->
      	)
    	</dynamic>
    	VALUES
    	<dynamic prepend="(" >
      		<isNotNull prepend="," property="numNota">#numNota:NUMBER#</isNotNull>
      		<isNotNull prepend="," property="numDetaDescripcion">#numDetaDescripcion:NUMBER#</isNotNull>
      		<isNotNull prepend="," property="desDetalle">#desDetalle:VARCHAR#</isNotNull>
			<!-- rtineo  PAS20155E220400065-->
			<isNotNull prepend="," property="codUsuRegistro">#codUsuRegistro:VARCHAR#</isNotNull>
			<isNotNull prepend="," property="codUsuModificacion">#codUsuModificacion:VARCHAR#</isNotNull>
			<!-- fin -->
      	 )
    	</dynamic>
	</insert>
	
	<!-- rtineo PAS20155E220400065 -->
	<select id="selectDetalleNotificacionesEER" resultMap="DetComunicacionResultMap" parameterClass="java.util.HashMap">
		SELECT dc.NUM_NOTA, dc.NUM_DETADESC,
		dc.FEC_REGIS, dc.COD_USUREGIS, dc.FEC_MODIF, dc.COD_USUMODIF
		<isNotNull prepend="," property="SHOW_DESCRI_MOTIVO">
			(CAT.COD_DATACAT||' '||CAT.DES_DATACAT) DES_DETALLE
		</isNotNull>
		<isNull prepend="," property="SHOW_DESCRI_MOTIVO">
			dc.DES_DETALLE
		</isNull>
	    FROM DET_COMUNICACION dc 
	    INNER JOIN COMUNICACION c ON(dc.NUM_NOTA = c.NUM_NOTA)
	    INNER JOIN CAB_DILIGENCIA cd ON(c.NUM_CORREDOC = cd.NUM_CORREDOC AND c.COD_TIPDILIGENCIA=cd.COD_TIPDILIGENCIA AND c.NUM_CORREDOC_SOL = cd.NUM_CORREDOC_SOL)
	    INNER JOIN ASOCDOCUDAM asoc ON(cd.NUM_CORREDOC = asoc.NUM_CORREDOC)
	    <isNotNull property="SHOW_DESCRI_MOTIVO">
	    	INNER JOIN DATACATALOGO CAT ON(CAT.COD_DATACAT = DC.DES_DETALLE AND CAT.COD_CATALOGO = '964')
	    </isNotNull>
	    <dynamic prepend="WHERE" >
			<isNotNull prepend=" AND " property="COD_TIPDILIGENCIA">cd.COD_TIPDILIGENCIA=#COD_TIPDILIGENCIA#</isNotNull>
			<isNotNull prepend=" AND " property="DES_DETALLE">DES_DETALLE=#DES_DETALLE#</isNotNull>
			<isNotNull prepend=" AND " property="FEC_INI_NOTIF"> 
				<isNotNull property="FEC_FIN_NOTIF"> 
					c.FEC_REGIS BETWEEN  #FEC_INI_NOTIF# AND #FEC_FIN_NOTIF#
				</isNotNull>
			</isNotNull>
			<isNotNull prepend=" AND " property="SHOW_DESCRI_MOTIVO">
				<isNotNull property="COD_CATALOGO">
					CAT.COD_CATALOGO = #COD_CATALOGO#
				</isNotNull>
			</isNotNull>
			<isNotNull prepend=" AND " property="SOLO_EER">
				asoc.COD_ADUANAASIG = '235' AND asoc.COD_REGIMENASIG = 'DC'
			</isNotNull>
		</dynamic>
	</select>
	
	<!-- RTINEO FIN -->
</sqlMap>