<?xml version="1.0" encoding="UTF-8"?>
<!DOCTYPE sqlMap PUBLIC "-//iBATIS.com//DTD SQL Map 2.0//EN" "http://www.ibatis.com/dtd/sql-map-2.dtd">
<sqlMap namespace="DetIncidencia">
  <cacheModel id="detincidencia-cache" type="LRU" readOnly="true">
    <flushInterval minutes="1" />
    <property name="size" value="10000" />
  </cacheModel>
  <select id="findByDiligencia" parameterClass="java.util.HashMap" resultClass="java.util.HashMap" cacheModel="detincidencia-cache">
    SELECT 
      cod_incidencia codigo, num_serie serie, num_item item, 
      mto_actual monto, mto_corregido corregido 
    FROM 
      DET_INCIDENCIA 
    WHERE 
      num_corredoc= #NUM_CORREDOC# AND 
      COD_TIPDILIGENCIA= #COD_TIPDILIGENCIA#
<!--P34 amancilla inicio-->
    <dynamic prepend="AND">
      <isNotNull property="NUM_CORREDOC_SOL"> NUM_CORREDOC_SOL =  #NUM_CORREDOC_SOL# </isNotNull>
    </dynamic>

    <!--P34 amancilla fin-->
  </select>
  
  <resultMap id="resultFindAll" class="java.util.HashMap">
    <result property="num_corredoc" column="num_corredoc" />
    <result property="cod_tipdiligencia" column="cod_tipdiligencia" />
    <result property="num_secincid" column="num_secincid" />
    <result property="cod_incidencia" column="cod_incidencia" />
    <result property="cod_nivelinci" column="cod_nivelinci" />
    <result property="num_serie" column="num_serie" />
    <result property="num_item" column="num_item" />
    <result property="des_sustento" column="des_sustento" />
    <result property="mto_actual" column="mto_actual" />
    <result property="mto_corregido" column="mto_corregido" />
  </resultMap>
  
  <select id="findAll" parameterClass="java.lang.String" resultMap="resultFindAll" cacheModel="detincidencia-cache"> 
    SELECT 
      NUM_CORREDOC, COD_TIPDILIGENCIA, NUM_SECINCID, 
      COD_INCIDENCIA, COD_NIVELINCI, NUM_SERIE, 
      NUM_ITEM, DES_SUSTENTO, MTO_ACTUAL, 
      MTO_CORREGIDO 
    FROM 
      DET_INCIDENCIA 
    WHERE 
      NUM_CORREDOC = #num_corredoc#
  </select>
  
  <insert id="insert" parameterClass="java.util.HashMap">
    INSERT INTO DET_INCIDENCIA (num_corredoc, cod_tipdiligencia, num_secincid
    <dynamic prepend=",">
      <isNotEmpty prepend="," property="COD_INCIDENCIA">cod_incidencia</isNotEmpty>
      <isNotNull prepend="," property="COD_NIVELINCI">cod_nivelinci</isNotNull>
      <isNotNull prepend="," property="NUM_SERIE">num_serie</isNotNull>
      <isNotNull prepend="," property="NUM_ITEM">num_item</isNotNull>
      <isNotNull prepend="," property="DES_SUSTENTO">des_sustento</isNotNull>
      <isNotNull prepend="," property="MTO_ACTUAL">mto_actual</isNotNull>
      <isNotNull prepend="," property="MTO_CORREGIDO">mto_corregido</isNotNull>
      <isNotNull prepend="," property="COD_USUREGIS">cod_usuregis</isNotNull>
      <isNotNull prepend="," property="FEC_REGIS">fec_regis</isNotNull>
      <isNotNull prepend="," property="COD_USUMODIF">cod_usumodif</isNotNull>
      <isNotNull prepend="," property="FEC_MODIF">fec_modif</isNotNull>
      <!-- Pase 42 2015 -->
    <isNotNull prepend="," property="NUM_CORREDOC_SOL">num_corredoc_sol</isNotNull>
    </dynamic>
    ) values (#NUM_CORREDOC#, #COD_TIPDILIGENCIA#, #NUM_SECINCID#
    <dynamic prepend=",">
      <isNotNull prepend="," property="COD_INCIDENCIA">#COD_INCIDENCIA#</isNotNull>
      <isNotNull prepend="," property="COD_NIVELINCI">#COD_NIVELINCI#</isNotNull>
      <isNotNull prepend="," property="NUM_SERIE">#NUM_SERIE#</isNotNull>
      <isNotNull prepend="," property="NUM_ITEM">#NUM_ITEM#</isNotNull>
      <isNotNull prepend="," property="DES_SUSTENTO">#DES_SUSTENTO#</isNotNull>
      <isNotNull prepend="," property="MTO_ACTUAL">#MTO_ACTUAL#</isNotNull>
      <isNotNull prepend="," property="MTO_CORREGIDO">#MTO_CORREGIDO#</isNotNull>
      <isNotNull prepend="," property="COD_USUREGIS">#COD_USUREGIS#</isNotNull>
      <isNotNull prepend="," property="FEC_REGIS">#FEC_REGIS#</isNotNull>
      <isNotNull prepend="," property="COD_USUMODIF">#COD_USUMODIF#</isNotNull>
      <isNotNull prepend="," property="FEC_MODIF">#FEC_MODIF#</isNotNull>
      <!-- gmontoya Pase 42 2015 -->
    <isNotNull prepend="," property="NUM_CORREDOC_SOL">#NUM_CORREDOC_SOL#</isNotNull>
    </dynamic>
    )
  </insert>
    <select id="findByIncidencia" parameterClass="java.util.HashMap" resultClass="java.util.HashMap" cacheModel="detincidencia-cache">
    SELECT 
      cod_incidencia codigo, num_serie serie, num_item item, 
      mto_actual monto, mto_corregido corregido 
    FROM 
      DET_INCIDENCIA 
    WHERE 
      num_corredoc= #NUM_CORREDOC# 
         <isNotEmpty prepend="AND" property="COD_INCIDENCIA">
       <iterate property="COD_INCIDENCIA" open="(" close=")" conjunction="or ">
         COD_INCIDENCIA=#COD_INCIDENCIA[]#
      </iterate>
      </isNotEmpty>
  </select>
</sqlMap>