<?xml version="1.0" encoding="UTF-8"?>
<!DOCTYPE sqlMap PUBLIC "-//iBATIS.com//DTD SQL Map 2.0//EN" "http://www.ibatis.com/dtd/sql-map-2.dtd">
<sqlMap namespace="InciEvento">
  <cacheModel id="incievento-cache" type="LRU" readOnly="true">
    <flushInterval minutes="1" />
    <property name="size" value="10000" />
  </cacheModel>
  <select id="getInciEventoList" parameterClass="java.util.HashMap" resultClass="java.util.HashMap" cacheModel="incievento-cache">
    <![CDATA[
      SELECT 
        num_secuencia, cod_incidencia, des_adicional, 
        nom_tabla, nom_campo, nom_campo_condi, 
        val_condicion
      FROM INCI_EVENTO
    ]]>
  </select>
  
<!-- RIN13-SWF - INICIO -->  
  <typeAlias alias="aliasEventoIncidencia" type="pe.gob.sunat.despaduanero2.diligencia.ingreso.model.EventoIncidencia"/>


 <resultMap id="EventoIncidenciaResultObject" class="aliasEventoIncidencia" >
   
    <result column="num_secuencia"  property="numSecuencia" jdbcType="DECIMAL" />
    <result column="cod_incidencia" property="codIncidencia" jdbcType="VARCHAR" />
    <result column="des_adicional" property="descripcionEvento" jdbcType="VARCHAR" />
    <result column="nom_tabla" property="nombreTabla" jdbcType="VARCHAR" />
    <result column="nom_campo" property="nombreCampo" jdbcType="VARCHAR" />
        
	<result column="nom_campo_condi" property="nombreCampoCondicion" jdbcType="VARCHAR" />
    <result column="val_condicion" property="valorCampoCondicion" jdbcType="VARCHAR" />
            
    <result column="val_jerarquia" property="prioridadEvento" jdbcType="DECIMAL" />
    <result column="ind_incitrib" property="incidenciaTributaria" jdbcType="VARCHAR" />
    <result column="num_secsgte" property="numSecSgteEvento" jdbcType="DECIMAL" />
    <result column="ind_del" property="eliminadoLogico" jdbcType="VARCHAR" />
    <result column="ind_campo_add" property="eventoRegistrarCampo" jdbcType="VARCHAR" />
    <result column="ind_campo_del" property="eventoEliminadoCampo" jdbcType="VARCHAR" />
    <result column="ind_campo_modi" property="eventoModificadoCampo" jdbcType="VARCHAR" />
    
  </resultMap>
  
     <sql id="getSelectAll">
        <![CDATA[
      select  num_secuencia, cod_incidencia, des_adicional,
        nom_tabla, nom_campo, nom_campo_condi,
        val_condicion,val_jerarquia,ind_incitrib,num_secsgte,ind_del,ind_campo_add,ind_campo_del,ind_campo_modi
      from INCI_EVENTO
      WHERE IND_DEL='0'
        ]]>
    </sql>
    
            
    <select id="getLstInciEvento" parameterClass="aliasEventoIncidencia" resultMap="EventoIncidenciaResultObject" >
         <include refid="InciEvento.getSelectAll"/>
    </select>
  <!-- RIN13-SWF - FIN -->
  
  </sqlMap>