<?xml version="1.0" encoding="UTF-8"?>
<!DOCTYPE sqlMap PUBLIC "-//iBATIS.com//DTD SQL Map 2.0//EN" "http://www.ibatis.com/dtd/sql-map-2.dtd">

<sqlMap namespace="MedioTrans">
  <cacheModel id="medioTrans-cache" type="LRU" readOnly="true">
    <flushInterval hours="1" />
    <property name="size" value="10000" />
  </cacheModel>
  <resultMap class="java.util.HashMap" id="resultForNumCorreDoc">
    <result property="desc_razonsocial" columnIndex="1" />
    <result property="cod_participante" columnIndex="2" />
    <result property="cod_corredoc" columnIndex="3" />
    <result property="des_numdociden" columnIndex="4" />
    <result property="des_tipodoc" columnIndex="5" />
    <result property="des_matricula" columnIndex="6" />
  </resultMap>

	<select id="findByDocumento" parameterClass="java.util.HashMap"
		resultMap="resultForNumCorreDoc" cacheModel="medioTrans-cache">
      SELECT PARTICIPANTE_DOC.NOM_RAZONSOCIAL, PARTICIPANTE_DOC.NUM_SECPARTIC, PARTICIPANTE_DOC.NUM_CORREDOC, 
        PARTICIPANTE_DOC.NUM_DOCIDENT,
        (SELECT nvc.des_datacat 
        FROM datacatalogo nvc 
        WHERE nvc.cod_catalogo = '27' AND 
          nvc.cod_datacat = PARTICIPANTE_DOC.cod_tipdoc AND 
          ROWNUM = 1) AS des_tipdoc, MEDIO_TRANS.NUM_MATRICULA
      FROM 
        PARTICIPANTE_DOC join MEDIO_TRANS on MEDIO_TRANS.NUM_CORREDOC = PARTICIPANTE_DOC.NUM_CORREDOC  
            AND PARTICIPANTE_DOC.COD_TIPPARTIC = '11'
      WHERE 
        MEDIO_TRANS.NUM_CORREDOC = #NUM_CORREDOC#
  </select>
</sqlMap>