<?xml version="1.0" encoding="UTF-8"?>
<!DOCTYPE sqlMap PUBLIC "-//ibatis.apache.org//DTD SQL Map 2.0//EN" "http://ibatis.apache.org/dtd/sql-map-2.dtd">
<sqlMap namespace="ReferenciaDUDA">
	
  <select id="findByPkItem" parameterClass="java.util.HashMap" resultClass="java.util.HashMap">
    SELECT
      num_secref, num_secitem, num_secfact, 
      num_corredoc, num_secprove, cod_tipdoc, 
      des_numdocref, cod_aduadocasoc, ann_docasoc, 
      num_docasoc, cod_regdocasoc, des_observacion,
      (SELECT nvc.des_datacat 
       FROM DATACATALOGO nvc 
       WHERE 
        nvc.cod_catalogo = '372' AND 
        nvc.cod_datacat = cod_tipdoc AND 
        cod_estado = '01' AND 
        ROWNUM = 1) AS cod_tipdoc_desc,
      to_char(fec_regis, 'dd/mm/yyyy') fec_regis
    FROM REFERENCIADUDA
    WHERE 
      num_corredoc= #NUM_CORREDOC# and 
      num_secprove= #NUM_SECPROVE# and 
      num_secfact= #NUM_SECFACT# and 
      num_secitem= #NUM_SECITEM#
  </select> 
  
  <insert id="insert" parameterClass="java.util.HashMap" >
    insert into referenciaduda
    <dynamic prepend="(" >
      <isNotNull prepend="," property="NUM_SECREF" >NUM_SECREF </isNotNull>
      <isNotNull prepend="," property="NUM_SECITEM" >NUM_SECITEM</isNotNull>
      <isNotNull prepend="," property="NUM_SECFACT" >NUM_SECFACT</isNotNull>
      <isNotNull prepend="," property="NUM_CORREDOC" >NUM_CORREDOC</isNotNull>
      <isNotNull prepend="," property="NUM_SECPROVE" >NUM_SECPROVE</isNotNull>
      
      <isNotNull prepend="," property="COD_TIPDOC" >COD_TIPDOC </isNotNull>
      <isNotNull prepend="," property="DES_NUMDOCREF" >DES_NUMDOCREF</isNotNull>
      <isNotNull prepend="," property="COD_ADUADOCASOC" >COD_ADUADOCASOC</isNotNull>
      <isNotNull prepend="," property="ANN_DOCASOC" >ANN_DOCASOC</isNotNull>
      <isNotNull prepend="," property="NUM_DOCASOC" >NUM_DOCASOC</isNotNull>
      
      <isNotNull prepend="," property="COD_REGDOCASOC" >COD_REGDOCASOC </isNotNull>
      <isNotNull prepend="," property="DES_OBSERVACION" >DES_OBSERVACION</isNotNull>
      <isNotNull prepend="," property="COD_USUREGIS" >COD_USUREGIS</isNotNull>
      <isNotNull prepend="," property="FEC_REGIS" >FEC_REGIS</isNotNull>
      <isNotNull prepend="," property="COD_USUMODIF" >COD_USUMODIF</isNotNull>
      <isNotNull prepend="," property="FEC_MODIF" >FEC_MODIF</isNotNull>
      )
    </dynamic>
    values
    <dynamic prepend="(" >
      <isNotNull prepend="," property="NUM_SECREF" >#NUM_SECREF#</isNotNull>
      <isNotNull prepend="," property="NUM_SECITEM" >#NUM_SECITEM#</isNotNull>
      <isNotNull prepend="," property="NUM_SECFACT" >#NUM_SECFACT#</isNotNull>
      <isNotNull prepend="," property="NUM_CORREDOC" >#NUM_CORREDOC#</isNotNull>
      <isNotNull prepend="," property="NUM_SECPROVE" >#NUM_SECPROVE#</isNotNull>
      
      <isNotNull prepend="," property="COD_TIPDOC" >#COD_TIPDOC#</isNotNull>
      <isNotNull prepend="," property="DES_NUMDOCREF" >#DES_NUMDOCREF#</isNotNull>
      <isNotNull prepend="," property="COD_ADUADOCASOC" >#COD_ADUADOCASOC#</isNotNull>
      <isNotNull prepend="," property="ANN_DOCASOC" >#ANN_DOCASOC#</isNotNull>
      <isNotNull prepend="," property="NUM_DOCASOC" >#NUM_DOCASOC#</isNotNull>
      
      <isNotNull prepend="," property="COD_REGDOCASOC" >#COD_REGDOCASOC#</isNotNull>
      <isNotNull prepend="," property="DES_OBSERVACION" >#DES_OBSERVACION#</isNotNull>
      <isNotNull prepend="," property="COD_USUREGIS" >#COD_USUREGIS#</isNotNull>
      <isNotNull prepend="," property="FEC_REGIS" >#FEC_REGIS#</isNotNull>
      <isNotNull prepend="," property="COD_USUMODIF" >#COD_USUMODIF#</isNotNull>
      <isNotNull prepend="," property="FEC_MODIF" >#FEC_MODIF#</isNotNull>
      )
    </dynamic>
  </insert>

  <select id="getMaxNumSecRefDuda"
          parameterClass="java.util.HashMap"
          resultClass="java.lang.Integer">         
    SELECT NVL(MAX(TO_NUMBER(REF.NUM_SECREF)), 0)
    FROM REFERENCIADUDA REF
    WHERE REF.NUM_CORREDOC = #NUM_CORREDOC# and REF.NUM_SECITEM = #NUM_SECITEM#
  </select>  
</sqlMap>


