<?xml version="1.0" encoding="UTF-8" ?>
<!DOCTYPE sqlMap PUBLIC "-//ibatis.apache.org//DTD SQL Map 2.0//EN" "http://ibatis.apache.org/dtd/sql-map-2.dtd" >
<sqlMap namespace="SoliSubsanacion" >

	<typeAlias alias="SolicitudSubsanacionClass" type="pe.gob.sunat.despaduanero2.diligencia.ingreso.model.SolicitudSubsanacion"/>

  	<resultMap id="SolicitudSubsanacionResultMap" class="SolicitudSubsanacionClass">
    	<result column="NUM_CORREDOCSOLSUB" property="numeroCorrelativo" jdbcType="NUMBER"/>
    	<result column="DES_SUBSANACION" property="descripcionSubsanacion" jdbcType="VARCHAR"/>
    	<result column="NUM_CORREDOCINCID" property="incidencia.diligencia.numeroCorrelativo" jdbcType="NUMBER"/>
    	<result column="COD_TIPDILIGENCIA" property="incidencia.diligencia.codigoTipoDiligencia" jdbcType="VARCHAR"/>
    	<result column="NUM_CORREDOC_SOL" property="incidencia.diligencia.numeroCorrelativoSolicitud" jdbcType="NUMBER"/>
    	<result column="NUM_SECINCID" property="incidencia.secuenciaIncidencia" jdbcType="NUMBER"/>
    	<result column="COD_INCIDENCIA" property="incidencia.tipoIncidencia.codDatacat" jdbcType="VARCHAR"/>
    	<result column="COD_NIVELINCI" property="incidencia.nivelIncidencia" jdbcType="CHAR"/>
    	<result column="NUM_SERIE" property="incidencia.numeroSerie" jdbcType="NUMBER"/>
    	<result column="NUM_ITEM" property="incidencia.numeroItem" jdbcType="NUMBER"/>
    	<result column="DES_SUSTENTO" property="incidencia.sustento" jdbcType="VARCHAR"/>
  	</resultMap>
  	
	<select id="getIncidenciaSubsanadaByParameterMap" resultMap="SolicitudSubsanacionResultMap" parameterClass="java.util.Map">
		SELECT * FROM 
			(SELECT S.NUM_CORREDOC AS NUM_CORREDOCSOLSUB, 
   			S.DES_SUBSANACION, 
			I.NUM_CORREDOC AS NUM_CORREDOCINCID, 
   			I.COD_TIPDILIGENCIA, 
   			I.NUM_CORREDOC_SOL, 
   			I.NUM_SECINCID, 
   			I.COD_INCIDENCIA, 
   			I.COD_NIVELINCI, 
   			I.NUM_SERIE, 
   			I.NUM_ITEM, 
   			I.DES_SUSTENTO
		FROM SOLISUBSANACION S RIGHT JOIN DET_INCIDENCIA I ON S.NUM_CORREDOCINCID = I.NUM_CORREDOC AND S.COD_TIPDILIGENCIA = I.COD_TIPDILIGENCIA AND S.NUM_CORREDOC_SOL = I.NUM_CORREDOC_SOL AND S.NUM_SECINCID = I.NUM_SECINCID
		<dynamic prepend="where">
	  		<isNotNull prepend=" and " property="numeroCorrelativo">I.NUM_CORREDOC = #numeroCorrelativo:NUMBER#</isNotNull>
	  		<isNotNull prepend=" and " property="tipoIncidencia">I.COD_INCIDENCIA = #tipoIncidencia:VARCHAR#</isNotNull>
		</dynamic>
			ORDER BY S.NUM_CORREDOC DESC)
		WHERE ROWNUM = 1
	</select>
	
	<insert id="insertSelective" parameterClass="SolicitudSubsanacionClass">
    	insert into SOLISUBSANACION
    	<dynamic prepend="(" >
      		<isNotNull prepend="," property="numeroCorrelativo">
        		NUM_CORREDOC
      		</isNotNull>
      		<isNotNull prepend="," property="descripcionSubsanacion">
        		DES_SUBSANACION
      		</isNotNull>
      		<isNotNull prepend="," property="incidencia.diligencia.numeroCorrelativo">
        		NUM_CORREDOCINCID
      		</isNotNull>
      		<isNotNull prepend="," property="incidencia.diligencia.codigoTipoDiligencia">
        		COD_TIPDILIGENCIA
      		</isNotNull>
      		<isNotNull prepend="," property="incidencia.diligencia.numeroCorrelativoSolicitud">
        		NUM_CORREDOC_SOL
      		</isNotNull>
      		<isNotNull prepend="," property="incidencia.secuenciaIncidencia">
        		NUM_SECINCID
      		</isNotNull>
      		<isNotNull prepend="," property="expediente.anoexpedi">
        		NUM_EXPEDI
      		</isNotNull>
      		<isNotNull prepend="," property="expediente.nroexpedi">
        		ANN_EXPEDI
      		</isNotNull>
      		<isNotNull prepend="," property="expediente.codiAdua">
        		COD_ADUANA
      		</isNotNull>
      		<isNotNull prepend="," property="expediente.oficRec">
        		COD_OFIC_REC
      		</isNotNull>
		)
    	</dynamic>
    	values
    	<dynamic prepend="(" >
      		<isNotNull prepend="," property="numeroCorrelativo">
        		#numeroCorrelativo:NUMBER#
      		</isNotNull>
      		<isNotNull prepend="," property="descripcionSubsanacion">
        		#descripcionSubsanacion:VARCHAR#
      		</isNotNull>
      		<isNotNull prepend="," property="incidencia.diligencia.numeroCorrelativo">
        		#incidencia.diligencia.numeroCorrelativo:NUMBER#
      		</isNotNull>
      		<isNotNull prepend="," property="incidencia.diligencia.codigoTipoDiligencia">
        		#incidencia.diligencia.codigoTipoDiligencia:VARCHAR#
      		</isNotNull>
      		<isNotNull prepend="," property="incidencia.diligencia.numeroCorrelativoSolicitud">
        		#incidencia.diligencia.numeroCorrelativoSolicitud:NUMBER#
      		</isNotNull>
      		<isNotNull prepend="," property="incidencia.secuenciaIncidencia">
        		#incidencia.secuenciaIncidencia:NUMBER#
      		</isNotNull>
      		<isNotNull prepend="," property="expediente.nroexpedi">
        		#expediente.nroexpedi:NUMBER#
      		</isNotNull>
      		<isNotNull prepend="," property="expediente.anoexpedi">
        		#expediente.anoexpedi:VARCHAR#
      		</isNotNull>
      		<isNotNull prepend="," property="expediente.codiAdua">
        		#expediente.codiAdua:VARCHAR#
      		</isNotNull>
      		<isNotNull prepend="," property="expediente.oficRec">
        		#expediente.oficRec:VARCHAR#
      		</isNotNull>
      	)
    	</dynamic>
	</insert>
	
	<resultMap id="ConsultaSubsanacionObsZPAEResultMap" class="SolicitudSubsanacionClass">
		<result column="DES_SUBSANACION" property="descripcionSubsanacion" jdbcType="VARCHAR"/>
    	<result column="COD_ADUANA_DECLARA" property="incidencia.diligencia.declaracion.dua.codaduanaorden" jdbcType="VARCHAR"/>
    	<result column="COD_REGIMEN" property="incidencia.diligencia.declaracion.dua.codregimen" jdbcType="VARCHAR"/>
    	<result column="ANN_PRESEN" property="incidencia.diligencia.declaracion.dua.annpresen" jdbcType="NUMBER"/>
    	<result column="NUM_DECLARACION" property="incidencia.diligencia.declaracion.dua.numdocumento" jdbcType="NUMBER"/>
    	<result column="NUM_EXPEDI" property="expediente.nroexpedi" jdbcType="NUMBER"/>
    	<result column="ANN_EXPEDI" property="expediente.anoexpedi" jdbcType="VARCHAR"/>
    	<result column="COD_ADUANA_SOLISUBSANACION" property="expediente.codiAdua" jdbcType="VARCHAR"/>
    	<result column="COD_OFIC_REC" property="expediente.oficRec" jdbcType="VARCHAR"/>
    	<result column="COD_USUREGIS" property="codigoFuncionarioRegistro" jdbcType="VARCHAR"/>
    	<result column="FEC_REGIS" property="fechaRegistro" jdbcType="TIMESTAMP"/>
    	<result column="ORDEN" property="orden" jdbcType="NUMBER"/>
  	</resultMap>
  	
	<select id="listConsultaSubsanacionObsZPAE" resultMap="ConsultaSubsanacionObsZPAEResultMap" parameterClass="java.util.Map">
   		SELECT S.*, ROWNUM AS ORDEN
   		FROM (
	   		SELECT C.COD_ADUANA AS COD_ADUANA_DECLARA, 
   			C.COD_REGIMEN, 
   			C.ANN_PRESEN, 
   			C.NUM_DECLARACION, 
   			S.ANN_EXPEDI, 
   			S.NUM_EXPEDI, 
   			S.COD_OFIC_REC, 
	   		S.COD_ADUANA AS COD_ADUANA_SOLISUBSANACION, 
   			S.COD_USUREGIS, 
   			S.FEC_REGIS, 
   			S.DES_SUBSANACION 
		FROM SOLISUBSANACION S INNER JOIN CAB_DECLARA C ON S.NUM_CORREDOCINCID = C.NUM_CORREDOC 
		WHERE C.COD_ADUANA = #aduanaDeclaracion:VARCHAR#
		<dynamic>
	  		<isNotNull prepend=" AND " property="regimenDeclaracion">C.COD_REGIMEN = #regimenDeclaracion:VARCHAR#</isNotNull>
	  		<isNotNull prepend=" AND " property="anioDeclaracion">C.ANN_PRESEN = #anioDeclaracion:NUMBER#</isNotNull>
	  		<isNotNull prepend=" AND " property="numeroDeclaracion">C.NUM_DECLARACION = #numeroDeclaracion:NUMBER#</isNotNull>
	  		<isNotNull prepend=" AND " property="numeroExpediente">S.NUM_EXPEDI = #numeroExpediente:NUMBER#</isNotNull>
	  		<isEqual prepend="AND"  property="rangoFecha" compareValue="true">
	  			     S.FEC_REGIS BETWEEN #fechaInicio:TIMESTAMP# AND #fechaFin:TIMESTAMP#
		  	 </isEqual>
	  	</dynamic>
		  	ORDER BY S.NUM_CORREDOC
		 ) S 
	</select>
</sqlMap>