<?xml version="1.0" encoding="UTF-8"?>
<!DOCTYPE sqlMap PUBLIC "-//iBATIS.com//DTD SQL Map 2.0//EN" "http://www.ibatis.com/dtd/sql-map-2.dtd">

<sqlMap namespace="TabBolQuim">

  <cacheModel id="tabbolquim-cache" type="LRU" readOnly="true">
    <flushInterval minutes="1" />
    <property name="size" value="10000" />
  </cacheModel>

  <select id="joinDetDeclaraFindByDeclaracion" parameterClass="java.util.HashMap" resultClass="java.util.HashMap">
  	SELECT
      trim(TBQ.NSERIE_DUA) as NSERIE_DUA, TBQ.CADUA_SOLBQ, TBQ.NANNO_SOLBQ, 
      TBQ.NCORR_SOLBQ, TBQ.CPART_NANDI, TBQ.CPART_RESUL, 
      TBQ.FING_SOLBQ, TBQ.SESTA_ANALIS, 
<!--INICIO-P21-P22-->
      (TBQ.CADUA_SOLBQ|| '-' || TBQ.NANNO_SOLBQ || '-' || TBQ.NCORR_SOLBQ ) NUMERO,
<!--fin-P21-P22-->
      COD_ESTDILIG,
		  (SELECT 
        B.DESCRI ESTA
       FROM TABLNEW B 
       WHERE 
        b.tipo='E8' AND 
        b.codigo = tbq.sesta_analis) as SESTA_ANALIS_DESC
        <!-- INICIO -P24-BUG24702 -->
         ,LPAD(TBQ.NCORR_DUA,6,'0') as NCORR_DUA
         <!-- Fin -P24-BUG24702 -->
		FROM TAB_BOL_QUIM TBQ
		WHERE 
      TBQ.cadua_dua = #CADUA_DUA# AND 
      TBQ.nanno_dua = #NANNO_DUA# AND 
      TBQ.ncorr_dua = #NCORR_DUA# AND 
      TBQ.creg_dua = #CREG_DUA#
      <isNotNull prepend="AND" property="NSERIE_DUA"> TBQ.NSERIE_DUA=#NSERIE_DUA# </isNotNull>
       
  </select>

  <select id="findByDeclaracion" parameterClass="java.util.HashMap" resultClass="java.util.HashMap">
    <!-- RIN16 -->
    <![CDATA[
    SELECT 
      'BOLETIN QUIMICO' tipo_documento_desc, 
      (cadua_solbq|| '-' || nanno_solbq || '-' ||ncorr_solbq) numero,
      cadua_solbq var1, nanno_solbq var2, ncorr_solbq var3,
      'http://intranet/servlet/BqDetalle?var1='||cadua_dua ||'&var2='|| nanno_dua ||'&var3='||ncorr_dua||'&var4='||TRIM(NSERIE_DUA) var4,
      (to_char(to_date(to_char(fing_solbq), 'yyyymmdd'), 'dd/mm/yyyy')|| ' 00:00') FECHA_HORA,
      sesta_analis estado,
      (SELECT 
        descri 
       FROM 
        TABLNEW
       WHERE 
        tipo='E8' AND 
        codigo= sesta_analis AND 
        ROWNUM = 1) estado
	 ]]>
    FROM TAB_BOL_QUIM
    WHERE 
      cadua_dua= #COD_ADUANA# AND 
      nanno_dua=#ANN_PRESEN# AND 
      ncorr_dua= LPAD(#NUM_DECLARACION#,6,'0') AND 
      creg_dua= #COD_REGIMEN#
      <!-- RIN16 --> 
      <dynamic>
      	<isNotEmpty prepend=" AND " property="IND_FINALIZADO">
      		<isEqual property="IND_FINALIZADO" compareValue="1">sesta_analis NOT IN ('0','3','4')</isEqual>
      		<isEqual property="IND_FINALIZADO" compareValue="0">sesta_analis IN ('0','3','4')</isEqual>
      	</isNotEmpty>
      </dynamic>   
  </select>

  
  <update id="update" parameterClass="java.util.HashMap">
    update TAB_BOL_QUIM
    <dynamic prepend="set">
      <isNotNull property="FING_SOLBQ" prepend=",">FING_SOLBQ=#FING_SOLBQ#</isNotNull>
      <isNotNull property="CQUIM_RESPON" prepend=",">CQUIM_RESPON=#CQUIM_RESPON#</isNotNull>
      <isNotNull property="FREC_SOBRE" prepend=",">FREC_SOBRE=#FREC_SOBRE#</isNotNull>
      <isNotNull property="NCORR_SOBRE" prepend=",">NCORR_SOBRE=#NCORR_SOBRE#</isNotNull>
      <isNotNull property="NANNO_SOBRE" prepend=",">NANNO_SOBRE=#NANNO_SOBRE#</isNotNull>
      <isNotNull property="TDESC_PRODUC" prepend=",">TDESC_PRODUC=#TDESC_PRODUC#</isNotNull>
      <isNotNull property="TDESC_SOLBQ" prepend=",">TDESC_SOLBQ=#TDESC_SOLBQ#</isNotNull>
      <isNotNull property="NFACT_COMER" prepend=",">NFACT_COMER=#NFACT_COMER#</isNotNull>
      <isNotNull property="CPAIS_ORIGEN" prepend=",">CPAIS_ORIGEN=#CPAIS_ORIGEN#</isNotNull>
      <isNotNull property="NSERIE_DUA" prepend=",">NSERIE_DUA=#NSERIE_DUA#</isNotNull>
      <isNotNull property="FEMIS_INFORM" prepend=",">FEMIS_INFORM=#FEMIS_INFORM#</isNotNull>
      <isNotNull property="TDESC_INFORM" prepend=",">TDESC_INFORM=#TDESC_INFORM#</isNotNull>
      <isNotNull property="SAMPL_INFORM" prepend=",">SAMPL_INFORM=#SAMPL_INFORM#</isNotNull>
      <isNotNull property="SESTA_ANALIS" prepend=",">SESTA_ANALIS=#SESTA_ANALIS#</isNotNull>
      <isNotNull property="CPART_NANDI" prepend=",">CPART_NANDI=#CPART_NANDI#</isNotNull>
      <isNotNull property="CPART_RESUL" prepend=",">CPART_RESUL=#CPART_RESUL#</isNotNull>
      <isNotNull property="CESPE_ADUAN" prepend=",">CESPE_ADUAN=#CESPE_ADUAN#</isNotNull>
      <isNotNull property="CUSUA_INGRES" prepend=",">CUSUA_INGRES=#CUSUA_INGRES#</isNotNull>
      <isNotNull property="FASIG_QUIMBQ" prepend=",">FASIG_QUIMBQ=#FASIG_QUIMBQ#</isNotNull>
      <isNotNull property="FDEV_BOLQUIM" prepend=",">FDEV_BOLQUIM=#FDEV_BOLQUIM#</isNotNull>
      <isNotNull property="HASIG_QUIMBQ" prepend=",">HASIG_QUIMBQ=#HASIG_QUIMBQ#</isNotNull>
      <isNotNull property="HFIN_ANALIS" prepend=",">HFIN_ANALIS=#HFIN_ANALIS#</isNotNull>
      <isNotNull property="TOBSERVACION" prepend=",">TOBSERVACION=#TOBSERVACION#</isNotNull>
      <isNotNull property="CAGENTE_ADU" prepend=",">CAGENTE_ADU=#CAGENTE_ADU#</isNotNull>
      <isNotNull property="CCOMITENTE" prepend=",">CCOMITENTE=#CCOMITENTE#</isNotNull>
      <isNotNull property="CTIPODOC" prepend=",">CTIPODOC=#CTIPODOC#</isNotNull>
      <isNotNull property="CMUESTRA" prepend=",">CMUESTRA=#CMUESTRA#</isNotNull>
      <isNotNull property="TCOMPROD" prepend=",">TCOMPROD=#TCOMPROD#</isNotNull>
      <isNotNull property="TUSOPROD" prepend=",">TUSOPROD=#TUSOPROD#</isNotNull>
      <isNotNull property="STIENE_ANEXO2" prepend=",">STIENE_ANEXO2=#STIENE_ANEXO2#</isNotNull>
      <isNotNull property="IND_URGENTE" prepend=",">IND_URGENTE=#IND_URGENTE#</isNotNull>
      <isNotNull property="COD_ESTDILIG" prepend=",">COD_ESTDILIG=#COD_ESTDILIG#</isNotNull>
      <isNotNull property="CUSUA_MODIFI" prepend=",">CUSUA_MODIFI=#CUSUA_MODIFI#</isNotNull>
      <isNotNull property="FMODI_REGIST" prepend=",">FMODI_REGIST=#FMODI_REGIST#</isNotNull>
    </dynamic>
    WHERE
      cadua_solbq=#CADUA_SOLBQ# AND
      nanno_solbq=#NANNO_SOLBQ# AND
      ncorr_solbq=#NCORR_SOLBQ#
  </update>

  <select id="findPendConcluByDeclaracion" parameterClass="java.util.HashMap" resultClass="java.util.HashMap" cacheModel="tabbolquim-cache">
    SELECT 
      sesta_analis
    FROM 
      TAB_BOL_QUIM
    WHERE 
      cadua_solbq= #cadua_solbq# AND 
      nanno_solbq=#nanno_solbq# AND 
      ncorr_solbq= #ncorr_solbq# AND 
      creg_dua = #creg_dua# AND 
      cod_estdilig = #cod_estdilig#
  </select>
  
   <!--  cod_estdilig si esta en estados 0,3,4 ya no es pendiente -->  
    <select id="findByDeclaracionForAsignacionAutomatica" parameterClass="java.util.HashMap" resultClass="java.util.HashMap">
    SELECT ncorr_dua
    FROM tab_bol_quim
    WHERE cadua_dua= #COD_ADUANA#  
    AND nanno_dua=#ANN_PRESEN# 
    AND ncorr_dua= LPAD(#NUM_DECLARACION#,6,'0')  
    AND creg_dua= #COD_REGIMEN#
    AND cod_estdilig not in ('0', '3', '4')
  </select>
  
  <!--   P44 - INI - JYC 
  OBTENEMOS LA ULTIMA FECHA DE CONCLUSION DE LOS BOLETINES QUIMICOS CONCLUIDOS DE LA DUA -->
  <select id="buscarFechaBoletinQuimicoConcluido" parameterClass="java.util.HashMap" resultClass="java.util.HashMap">
	SELECT 
	     MAX(TO_DATE(TO_CHAR(FEC_ESTABOL)|| HOR_ESTABOL, 'YYYYMMDDHH24:MI:SS')) FEC_ESTABOL
	FROM TAB_BOL_QUIM T
		 JOIN TAB_EST_BOL_QUIM E ON (T.CADUA_SOLBQ = E.COD_ADUANA AND T.NANNO_SOLBQ = E.ANN_SOLBQ AND T.NCORR_SOLBQ = E.NUM_SOLBQ)
	WHERE
	   (T.SESTA_ANALIS = '3' OR T.SESTA_ANALIS = '4') AND 
	    T.CADUA_DUA = #ADUANA_DUA# AND
	    T.NANNO_SOLBQ = #ANIO_DUA# AND
	    T.CREG_DUA = #cod_regimen# AND
	    T.NCORR_DUA = #NUMERO_DECLARACION_DUA# AND 
	    TO_DATE( TO_CHAR(FEC_ESTABOL) || HOR_ESTABOL, 'YYYYMMDDHH24:MI:SS') <![CDATA[>]]> TO_DATE(#BANDEJA_FECHA_INICIO#, 'DD/MM/YYYY HH24:MI:SS')
		AND NOT EXISTS (
	   					SELECT 1
	   					FROM TAB_BOL_QUIM T2 	   						   					   					
	   					where T.CADUA_DUA = T2.CADUA_DUA AND T.NANNO_DUA = T2.NANNO_DUA AND 
                                    T.NCORR_DUA = T2.NCORR_DUA AND T.CREG_DUA = T2.CREG_DUA                              
                                   and T2.SESTA_ANALIS IN ('1', '2', '5', '6', '7', '8', '9')     					                                                                                                                                                                                                                                                                                                                                                                                                                                                                                                                                                                                                                                                                                                                                                                                                                                   
						) 
  </select>
<!--   P44 - INI - JYC -->
  
</sqlMap>