<?xml version="1.0" encoding="UTF-8" ?>
<!DOCTYPE sqlMap PUBLIC "-//ibatis.apache.org//DTD SQL Map 2.0//EN" "http://ibatis.apache.org/dtd/sql-map-2.dtd" >
<sqlMap namespace="CabDocpago" >
  <resultMap id="CabDocpagoResult" class="pe.gob.sunat.vuce.pago.model.CabDocpago" >
    <result column="IND_SUFIJO" property="indSufijo" jdbcType="VARCHAR" />
    <result column="NUM_CDA" property="numCda" jdbcType="VARCHAR" />
    <result column="IND_CHEQUEO" property="indChequeo" jdbcType="CHAR" />
    <result column="COD_ADUAASO" property="codAduaaso" jdbcType="VARCHAR" />
    <result column="ANN_DECLASO" property="annDeclaso" jdbcType="DECIMAL" />
    <result column="NUM_DECLASO" property="numDeclaso" jdbcType="DECIMAL" />
    <result column="COD_REGIASO" property="codRegiaso" jdbcType="VARCHAR" />
    <result column="VAL_MONTO" property="valMonto" jdbcType="DECIMAL" />
    <result column="COD_MONEDA" property="codMoneda" jdbcType="VARCHAR" />
    <result column="COD_TDOCPAG" property="codTdocpag" jdbcType="CHAR" />
    <result column="NUM_DOCPAG" property="numDocpag" jdbcType="VARCHAR" />
    <result column="COD_EMPRACRE" property="codEmpracre" jdbcType="CHAR" />
    <result column="FEC_PAGO" property="fecPago" jdbcType="TIMESTAMP" />
    <result column="COD_BANCO" property="codBanco" jdbcType="VARCHAR" />
    <result column="COD_TIPOPAGO" property="codTipopago" jdbcType="VARCHAR" />
    <result column="FEC_EMISION" property="fecEmision" jdbcType="TIMESTAMP" />
    <result column="FEC_INGRES" property="fecIngres" jdbcType="TIMESTAMP" />
    <result column="FEC_ANUL" property="fecAnul" jdbcType="TIMESTAMP" />
    <result column="COD_MOTANUL" property="codMotanul" jdbcType="VARCHAR" />
    <result column="VAL_MONTO_ORIG" property="valMontoOrig" jdbcType="DECIMAL" />
    <result column="FEC_RETORNO" property="fecRetorno" jdbcType="TIMESTAMP" />
    <result column="FEC_EXTORNO" property="fecExtorno" jdbcType="TIMESTAMP" />
    <result column="FEC_CONSULTA" property="fecConsulta" jdbcType="TIMESTAMP" />
    <result column="COD_USUARIO" property="codUsuario" jdbcType="VARCHAR" />
    <result column="COD_ENTIDADUSU" property="codEntidadusu" jdbcType="VARCHAR" />
    <result column="FEC_MODIF" property="fecModif" jdbcType="TIMESTAMP" />
    <result column="COD_USUMODIF" property="codUsumodif" jdbcType="VARCHAR" />
    <result column="IND_ESTADO" property="indEstado" jdbcType="CHAR" />
    <result column="VAL_MONTOPAG" property="valMontopag" jdbcType="DECIMAL" />
    <result column="NUM_CHEQUE" property="numCheque" jdbcType="VARCHAR" />
    <result column="COD_BANCOCHEQ" property="codBancocheq" jdbcType="VARCHAR" />
    <result column="IND_FLAG" property="indFlag" jdbcType="CHAR" />
    <result column="NUM_OPERACION" property="numOperacion" jdbcType="VARCHAR" />
    <result column="COD_AGENTE" property="codAgente" jdbcType="VARCHAR" />
  </resultMap>
  <select id="selectByPrimaryKey" resultMap="CabDocpagoResult" parameterClass="pe.gob.sunat.vuce.pago.model.CabDocpago" >
    select IND_SUFIJO, NUM_CDA, IND_CHEQUEO, COD_ADUAASO, ANN_DECLASO, NUM_DECLASO, COD_REGIASO,
      VAL_MONTO, COD_MONEDA, COD_TDOCPAG, NUM_DOCPAG, COD_EMPRACRE, FEC_PAGO, COD_BANCO,
      COD_TIPOPAGO, FEC_EMISION, FEC_INGRES, FEC_ANUL, COD_MOTANUL, VAL_MONTO_ORIG, FEC_RETORNO,
      FEC_EXTORNO, FEC_CONSULTA, COD_USUARIO, COD_ENTIDADUSU, FEC_MODIF, COD_USUMODIF, IND_ESTADO,
      VAL_MONTOPAG, NUM_CHEQUE, COD_BANCOCHEQ, IND_FLAG, NUM_OPERACION, COD_AGENTE
    from Cab_Docpago
    where IND_SUFIJO = #indSufijo:VARCHAR#
      and NUM_CDA = #numCda:VARCHAR#
  </select>
  <select id="selectBySelective" resultMap="CabDocpagoResult" parameterClass="pe.gob.sunat.vuce.pago.model.CabDocpago" >
    select IND_SUFIJO, NUM_CDA, IND_CHEQUEO, COD_ADUAASO, ANN_DECLASO, NUM_DECLASO, COD_REGIASO,
      VAL_MONTO, COD_MONEDA, COD_TDOCPAG, NUM_DOCPAG, COD_EMPRACRE, FEC_PAGO, COD_BANCO,
      COD_TIPOPAGO, FEC_EMISION, FEC_INGRES, FEC_ANUL, COD_MOTANUL, VAL_MONTO_ORIG, FEC_RETORNO,
      FEC_EXTORNO, FEC_CONSULTA, COD_USUARIO, COD_ENTIDADUSU, FEC_MODIF, COD_USUMODIF, IND_ESTADO,
      VAL_MONTOPAG, NUM_CHEQUE, COD_BANCOCHEQ, IND_FLAG, NUM_OPERACION, COD_AGENTE
    from Cab_Docpago
    <dynamic prepend="WHERE">
	 	<isNotNull prepend="AND" property="codAduaaso"> COD_ADUAASO = #codAduaaso:VARCHAR# </isNotNull>
	 	<isNotNull prepend="AND" property="annDeclaso"> ANN_DECLASO = #annDeclaso:DECIMAL# </isNotNull>
	 	<isNotNull prepend="AND" property="numDeclaso"> NUM_DECLASO = #numDeclaso:DECIMAL# </isNotNull>
	 	<isNotNull prepend="AND" property="codRegiaso"> COD_REGIASO = #codRegiaso:VARCHAR# </isNotNull>
	 	<isNotNull prepend="AND" property="indSufijo"> IND_SUFIJO = #indSufijo:VARCHAR# </isNotNull>
	 </dynamic>
  </select>
  <insert id="insert" parameterClass="pe.gob.sunat.vuce.pago.model.CabDocpago" >
    insert into Cab_Docpago (IND_SUFIJO, NUM_CDA, IND_CHEQUEO, COD_ADUAASO, ANN_DECLASO, NUM_DECLASO,
      COD_REGIASO, VAL_MONTO, COD_MONEDA, COD_TDOCPAG, NUM_DOCPAG, COD_EMPRACRE, FEC_PAGO,
      COD_BANCO, COD_TIPOPAGO, FEC_EMISION, FEC_INGRES, FEC_ANUL, COD_MOTANUL, VAL_MONTO_ORIG,
      FEC_RETORNO, FEC_EXTORNO, FEC_CONSULTA, COD_USUARIO, COD_ENTIDADUSU, FEC_MODIF, COD_USUMODIF,
      IND_ESTADO, VAL_MONTOPAG, NUM_CHEQUE, COD_BANCOCHEQ, IND_FLAG, NUM_OPERACION, COD_AGENTE)
    values (#indSufijo:VARCHAR#, #numCda:VARCHAR#, #indChequeo:CHAR#, #codAduaaso:VARCHAR#,
      #annDeclaso:DECIMAL#, #numDeclaso:DECIMAL#, #codRegiaso:VARCHAR#, #valMonto:DECIMAL#,
      #codMoneda:VARCHAR#, #codTdocpag:CHAR#, #numDocpag:VARCHAR#, #codEmpracre:CHAR#,
      #fecPago:TIMESTAMP#, #codBanco:VARCHAR#, #codTipopago:VARCHAR#, #fecEmision:TIMESTAMP#,
      #fecIngres:TIMESTAMP#, #fecAnul:TIMESTAMP#, #codMotanul:VARCHAR#, #valMontoOrig:DECIMAL#,
      #fecRetorno:TIMESTAMP#, #fecExtorno:TIMESTAMP#, #fecConsulta:TIMESTAMP#, #codUsuario:VARCHAR#,
      #codEntidadusu:VARCHAR#, #fecModif:TIMESTAMP#, #codUsumodif:VARCHAR#, #indEstado:CHAR#,
      #valMontopag:DECIMAL#, #numCheque:VARCHAR#, #codBancocheq:VARCHAR#, #indFlag:CHAR#,
      #numOperacion:VARCHAR#, #codAgente:VARCHAR#)
  </insert>
  <update id="updateByPrimaryKey" parameterClass="pe.gob.sunat.vuce.pago.model.CabDocpago" >
    update Cab_Docpago
    set IND_CHEQUEO = #indChequeo:CHAR#,
      COD_ADUAASO = #codAduaaso:VARCHAR#,
      ANN_DECLASO = #annDeclaso:DECIMAL#,
      NUM_DECLASO = #numDeclaso:DECIMAL#,
      COD_REGIASO = #codRegiaso:VARCHAR#,
      VAL_MONTO = #valMonto:DECIMAL#,
      COD_MONEDA = #codMoneda:VARCHAR#,
      COD_TDOCPAG = #codTdocpag:CHAR#,
      NUM_DOCPAG = #numDocpag:VARCHAR#,
      COD_EMPRACRE = #codEmpracre:CHAR#,
      FEC_PAGO = #fecPago:TIMESTAMP#,
      COD_BANCO = #codBanco:VARCHAR#,
      COD_TIPOPAGO = #codTipopago:VARCHAR#,
      FEC_EMISION = #fecEmision:TIMESTAMP#,
      FEC_INGRES = #fecIngres:TIMESTAMP#,
      FEC_ANUL = #fecAnul:TIMESTAMP#,
      COD_MOTANUL = #codMotanul:VARCHAR#,
      VAL_MONTO_ORIG = #valMontoOrig:DECIMAL#,
      FEC_RETORNO = #fecRetorno:TIMESTAMP#,
      FEC_EXTORNO = #fecExtorno:TIMESTAMP#,
      FEC_CONSULTA = #fecConsulta:TIMESTAMP#,
      COD_USUARIO = #codUsuario:VARCHAR#,
      COD_ENTIDADUSU = #codEntidadusu:VARCHAR#,
      FEC_MODIF = #fecModif:TIMESTAMP#,
      COD_USUMODIF = #codUsumodif:VARCHAR#,
      IND_ESTADO = #indEstado:CHAR#,
      VAL_MONTOPAG = #valMontopag:DECIMAL#,
      NUM_CHEQUE = #numCheque:VARCHAR#,
      COD_BANCOCHEQ = #codBancocheq:VARCHAR#,
      IND_FLAG = #indFlag:CHAR#,
      NUM_OPERACION = #numOperacion:VARCHAR#,
      COD_AGENTE = #codAgente:VARCHAR#
    where IND_SUFIJO = #indSufijo:VARCHAR#
      and NUM_CDA = #numCda:VARCHAR#
  </update>
  <update id="updateByPrimaryKeySelective" parameterClass="pe.gob.sunat.vuce.pago.model.CabDocpago" >
    update Cab_Docpago
    <dynamic prepend="set" >
      <isNotNull prepend="," property="indChequeo" >
        IND_CHEQUEO = #indChequeo:CHAR#
      </isNotNull>
      <isNotNull prepend="," property="codAduaaso" >
        COD_ADUAASO = #codAduaaso:VARCHAR#
      </isNotNull>
      <isNotNull prepend="," property="annDeclaso" >
        ANN_DECLASO = #annDeclaso:DECIMAL#
      </isNotNull>
      <isNotNull prepend="," property="numDeclaso" >
        NUM_DECLASO = #numDeclaso:DECIMAL#
      </isNotNull>
      <isNotNull prepend="," property="codRegiaso" >
        COD_REGIASO = #codRegiaso:VARCHAR#
      </isNotNull>
      <isNotNull prepend="," property="valMonto" >
        VAL_MONTO = #valMonto:DECIMAL#
      </isNotNull>
      <isNotNull prepend="," property="codMoneda" >
        COD_MONEDA = #codMoneda:VARCHAR#
      </isNotNull>
      <isNotNull prepend="," property="codTdocpag" >
        COD_TDOCPAG = #codTdocpag:CHAR#
      </isNotNull>
      <isNotNull prepend="," property="numDocpag" >
        NUM_DOCPAG = #numDocpag:VARCHAR#
      </isNotNull>
      <isNotNull prepend="," property="codEmpracre" >
        COD_EMPRACRE = #codEmpracre:CHAR#
      </isNotNull>
      <isNotNull prepend="," property="fecPago" >
        FEC_PAGO = #fecPago:TIMESTAMP#
      </isNotNull>
      <isNotNull prepend="," property="codBanco" >
        COD_BANCO = #codBanco:VARCHAR#
      </isNotNull>
      <isNotNull prepend="," property="codTipopago" >
        COD_TIPOPAGO = #codTipopago:VARCHAR#
      </isNotNull>
      <isNotNull prepend="," property="fecEmision" >
        FEC_EMISION = #fecEmision:TIMESTAMP#
      </isNotNull>
      <isNotNull prepend="," property="fecIngres" >
        FEC_INGRES = #fecIngres:TIMESTAMP#
      </isNotNull>
      <isNotNull prepend="," property="fecAnul" >
        FEC_ANUL = #fecAnul:TIMESTAMP#
      </isNotNull>
      <isNotNull prepend="," property="codMotanul" >
        COD_MOTANUL = #codMotanul:VARCHAR#
      </isNotNull>
      <isNotNull prepend="," property="valMontoOrig" >
        VAL_MONTO_ORIG = #valMontoOrig:DECIMAL#
      </isNotNull>
      <isNotNull prepend="," property="fecRetorno" >
        FEC_RETORNO = #fecRetorno:TIMESTAMP#
      </isNotNull>
      <isNotNull prepend="," property="fecExtorno" >
        FEC_EXTORNO = #fecExtorno:TIMESTAMP#
      </isNotNull>
      <isNotNull prepend="," property="fecConsulta" >
        FEC_CONSULTA = #fecConsulta:TIMESTAMP#
      </isNotNull>
      <isNotNull prepend="," property="codUsuario" >
        COD_USUARIO = #codUsuario:VARCHAR#
      </isNotNull>
      <isNotNull prepend="," property="codEntidadusu" >
        COD_ENTIDADUSU = #codEntidadusu:VARCHAR#
      </isNotNull>
      <isNotNull prepend="," property="fecModif" >
        FEC_MODIF = #fecModif:TIMESTAMP#
      </isNotNull>
      <isNotNull prepend="," property="codUsumodif" >
        COD_USUMODIF = #codUsumodif:VARCHAR#
      </isNotNull>
      <isNotNull prepend="," property="indEstado" >
        IND_ESTADO = #indEstado:CHAR#
      </isNotNull>
      <isNotNull prepend="," property="valMontopag" >
        VAL_MONTOPAG = #valMontopag:DECIMAL#
      </isNotNull>
      <isNotNull prepend="," property="numCheque" >
        NUM_CHEQUE = #numCheque:VARCHAR#
      </isNotNull>
      <isNotNull prepend="," property="codBancocheq" >
        COD_BANCOCHEQ = #codBancocheq:VARCHAR#
      </isNotNull>
      <isNotNull prepend="," property="indFlag" >
        IND_FLAG = #indFlag:CHAR#
      </isNotNull>
      <isNotNull prepend="," property="numOperacion" >
        NUM_OPERACION = #numOperacion:VARCHAR#
      </isNotNull>
      <isNotNull prepend="," property="codAgente" >
        COD_AGENTE = #codAgente:VARCHAR#
      </isNotNull>
    </dynamic>
    where IND_SUFIJO = #indSufijo:VARCHAR#
      and NUM_CDA = #numCda:VARCHAR#
  </update>
</sqlMap>