<?xml version="1.0" encoding="UTF-8"?>
<beans xmlns="http://www.springframework.org/schema/beans"
	xmlns:xsi="http://www.w3.org/2001/XMLSchema-instance"
	xmlns:context="http://www.springframework.org/schema/context"
	xmlns:mvc="http://www.springframework.org/schema/mvc"
	xsi:schemaLocation="http://www.springframework.org/schema/mvc http://www.springframework.org/schema/mvc/spring-mvc.xsd
		http://www.springframework.org/schema/beans http://www.springframework.org/schema/beans/spring-beans.xsd
		http://www.springframework.org/schema/context http://www.springframework.org/schema/context/spring-context.xsd">

	<!-- DispatcherServlet Context -->

	<!-- Para el uso de  Anotaciones Spring MVC @Controller -->
	<mvc:annotation-driven />

	<context:component-scan base-package="pe.gob.sunat.despaduanero2.diligencia.ingreso.despacho.descrminima.web.controller"/>

<context:component-scan base-package="pe.gob.sunat.despaduanero2.diligencia.ingreso.descrminima.service"/>
								
	<!--
	<bean class="org.springframework.web.servlet.view.ContentNegotiatingViewResolver">
	         <constructor-arg>
                    <bean class="org.springframework.web.accept.PathExtensionContentNegotiationStrategy">
                        <constructor-arg>
                            <map>
                                <entry key="json" value="application/json"/>
                                <entry key="xml" value="application/xml"/>
                            </map>
                        </constructor-arg>
                    </bean>
                </constructor-arg>
	    <property name="mediaTypes">
	      <map>
	          <entry key="html" value="text/html"></entry>
	          <entry key="json" value="application/json"></entry>
	          <entry key="xml"  value="application/xml"></entry>
	      </map>
	    </property>
	    <property name="viewResolvers">
	        <list>
	          <bean class="org.springframework.web.servlet.view.UrlBasedViewResolver">
	            <property name="viewClass" value="org.springframework.web.servlet.view.JstlView"></property>
	            <property name="prefix" value="/WEB-INF/jsp/"></property>
	            <property name="suffix" value=".jsp"></property>
	          </bean>
	        </list>
	    </property>
	    <property name="defaultViews">
		    <list>
		      <bean class="org.springframework.web.servlet.view.json.MappingJackson2JsonView" />
		    </list>
		  </property>
	</bean>
-->

<!-- REST -->
    <bean class="org.springframework.web.servlet.view.ContentNegotiatingViewResolver">
        <property name="order" value="1" />
        <property name="contentNegotiationManager">
            <bean class="org.springframework.web.accept.ContentNegotiationManager">
                <constructor-arg>
                    <bean class="org.springframework.web.accept.PathExtensionContentNegotiationStrategy">
                        <constructor-arg>
                            <map>
                                <entry key="json" value="application/json"/>
                            </map>
                        </constructor-arg>
                    </bean>
                </constructor-arg>
            </bean>
        </property>


        <property name="defaultViews">
            <list>
                <!-- JSON View -->
                <bean class="org.springframework.web.servlet.view.json.MappingJackson2JsonView" />
            </list>
        </property>
    </bean>

    <bean class="org.springframework.web.servlet.view.InternalResourceViewResolver">
        <property name="viewClass" value="org.springframework.web.servlet.view.JstlView" />
        <property name="prefix" value="/WEB-INF/jsp/" />
        <property name="suffix" value=".jsp" />
    </bean>


</beans>