<beans xmlns="http://www.springframework.org/schema/beans"
  xmlns:context="http://www.springframework.org/schema/context"
    xmlns:mvc="http://www.springframework.org/schema/mvc" xmlns:xsi="http://www.w3.org/2001/XMLSchema-instance"
  xsi:schemaLocation="
        http://www.springframework.org/schema/beans
        http://www.springframework.org/schema/beans/spring-beans.xsd
        http://www.springframework.org/schema/context
        http://www.springframework.org/schema/context/spring-context.xsd
        http://www.springframework.org/schema/mvc
        http://www.springframework.org/schema/mvc/spring-mvc.xsd">


<bean id="jsonViewResolver" class="org.springframework.web.servlet.view.XmlViewResolver">
    <property name="order" value="1" />
    <property name="location" value="/WEB-INF/iaDiligenciaConsulta-jsonview.xml" />
  </bean>

  <bean id="viewResolver" class="org.springframework.web.servlet.view.InternalResourceViewResolver">
    <property name="prefix">
      <value>/WEB-INF/jsp/</value>
    </property>
    <property name="suffix">
      <value>.jsp</value>
    </property>
  </bean>


<!-- XXXXXXXXXXXXXXXXXXXXXXXXXXXXXXXX INSTANCIAS DE LOS CONTROLLER XXXXXXXXXXXXXXXXXXXXXXXXXXXXX -->
<!-- instancia comun para las opciones de las diligencias -->
    <import resource="classpath*:iadiligencia-controller.xml" /><!-- gmontoya Pase 130 2016 -->
    <!--fin -->
  <bean name="/Diligencia.htm"
class="pe.gob.sunat.despaduanero2.diligencia.ingreso.despacho.web.controller.DiligenciaController"
    scope="request"
    parent="diligencia.AbstractDespachoController">

<property name="methodNameResolver" ref="methodNameResolverDilig" />

<property name="formatoValorService" ref="diligencia.ingreso.formatoValorService" />
        <property name="declaracionService" ref="diligencia.ingreso.declaracionService" />
    <property name="soporteService" ref="diligencia.ingreso.soporteService" />
    <property name="solicitudService" ref="diligencia.ingreso.solicitudService" />
    <property name="fabricaDeServicios" ref="diligencia.ingreso.fabricaDeServiciosData" />
    <property name="liquidaDeclaracionService" ref="diligencia.ingreso.liquidaDeclaracionService" />
	<property name="rectificacionService" ref="diligencia.rectificacion.rectificacionService" />
	<property name="incidenciaService" ref="diligencia.ingreso.incidenciaService" />
	<property name="deudaService" ref="diligencia.ingreso.deudaService" />
	<property name="serieService" ref="diligencia.ingreso.serieService" />
	<property name="consultaService" ref="diligencia.ingreso.consultaService" />
	<property name="vehiCeticoService" ref="diligencia.ingreso.vehiCeticoService" />
	<!-- ggranados pase comunicacion -->
	<property name="comunicacionService" ref="diligencia.ingreso.comunicacionService" />
	<!-- gmontoya P24 -->
	<property name="declaracionConsultaService" ref="declaracion.DeclaracionConsultaService" />
	 
  </bean>

	<bean name="/Declaracion.htm"
		class="pe.gob.sunat.despaduanero2.diligencia.ingreso.despacho.web.controller.DespachoController"
		scope="request" parent="diligencia.AbstractDespachoController">
		<property name="jsonView" value="jsonView" />
		<!--  <property name="especialistaService" ref="asignacion.especialistaService" />-->
		<property name="methodNameResolver" ref="methodNameResolver" />
		<property name="declaracionService" ref="diligencia.ingreso.declaracionService" />
		<property name="solicitudService" ref="diligencia.ingreso.solicitudService" />
		<property name="soporteService" ref="diligencia.ingreso.soporteService" />
		<property name="formatoValorService" ref="diligencia.ingreso.formatoValorService" />
		<property name="liquidaDeclaracionService" ref="diligencia.ingreso.liquidaDeclaracionService" />
		<property name="incidenciaService" ref="diligencia.ingreso.incidenciaService" />
		<property name="validaDiligenciaService" ref="diligencia.ingreso.validaDiligenciaService" />
		<property name="fabricaDeServicios" ref="diligencia.ingreso.fabricaDeServiciosData" />
		<property name="solicitudRectificacionesService" ref="solicitudRectificacionesService" />
		<property name="rectificacionService" ref="diligencia.rectificacion.rectificacionService" />
		<property name="serieService" ref="diligencia.ingreso.serieService" />
		<property name="getDeclaracionService" ref="declaracionService" />
		<property name="recepcionDocumentosService" ref="declaracion.service.RecepcionDocumentosService1" />
		<property name="catalogoAyudaService" ref="Ayuda.catalogoAyudaService" />
		<property name="jasperService" ref="tecnologia2.generadoc.jasperService" />
		<!-- PAS20145E220000399 INICIO GGRANADOS -->
		<property name="documentoDeTransporteService" ref="manifiesto.documentoDeTransporteService"></property>
		<!-- PAS20145E220000399 FIN GGRANADOS -->
	</bean>
	
	<bean name="BloqueoController" class="pe.gob.sunat.despaduanero2.diligencia.ingreso.despacho.web.controller.BloqueoController" scope="request" parent="diligencia.AbstractDespachoController">
		<property name="jsonView" value="jsonView" />
		<property name="methodNameResolver" ref="methodNameResolver" />
		<property name="soporteService" ref="diligencia.ingreso.soporteService" />
		<property name="declaracionService" ref="diligencia.ingreso.declaracionService" />
		<property name="soporteAvisosService" ref="diligencia.ingreso.soporteAvisosService" />
		<property name="entradaSalidaBloqueoService" ref="declaracion.ingreso.EntradaSalidaBloqueoService" />
		<property name="diligenciaIngresoProperties" ref="diligenciaIngresoPropertyFactory"/>
		<property name="especialistaService" ref="asignacion.especialistaService" />
		<property name="jasperService" 		  ref="tecnologia2.generadoc.jasperService" />
	</bean>
<!--RIN13FSW-FIN-->	<!-- rcalle - Fin -->
	<!-- olunar - 309 -->
	<bean name="/Solicitud.htm"
		class="pe.gob.sunat.despaduanero2.diligencia.ingreso.despacho.web.controller.SolicitudDespachoController"
		scope="request">
		<property name="methodNameResolver" ref="methodNameResolverSolicitud" />
		<property name="catalogoAyudaService" ref="Ayuda.catalogoAyudaService" />
		<property name="getDeclaracionService" ref="declaracionService"/>
		<property name="consultaService" ref="diligencia.ingreso.consultaService" />
		<property name="especialistaService" ref="asignacion.especialistaService" />
		<property name="solicitudService" ref="diligencia.ingreso.solicitudService" />
		<property name="jsonView" value="jsonView" />
		<!-- ggranados 179 -->
		<property name="fabricaDeServicios" ref="diligencia.ingreso.fabricaDeServiciosData" />
	</bean>
	<!-- fin -->

<bean name="/ConsultaRectificacion.htm"
    class="pe.gob.sunat.despaduanero2.diligencia.ingreso.despacho.web.controller.ConsultaRectificacionController"
      scope="request">

      <property name="methodNameResolver"      ref="methodNameResolverConsultaRectificacion" />
      <property name="jsonView" 				 value="jsonView" />
      <property name="consultaRectificacionService" 	ref="diligencia.rectificacion.consultaRectificacionService" />
  </bean>

<!--INICIO-RIN13-->
<bean name="/SubsanacionZonaPrimaria.htm"
		class="pe.gob.sunat.despaduanero2.diligencia.ingreso.despacho.web.controller.SubsanacionZonaPrimariaController"
   		scope="request"
   		parent="diligencia.AbstractDespachoController">
		<property name="methodNameResolver" ref="methodNameResolverSubsanacionZonaPrimaria" />
		<property name="subsanacionZonaPrimariaService" ref="diligencia.ingreso.SubsanacionZonaPrimariaService"/>	
	</bean>
  	
  	<bean name="/DiligenciaUtil.htm"
    	class="pe.gob.sunat.despaduanero2.diligencia.ingreso.despacho.web.controller.DiligenciaUtilController"
   		scope="request"
   		parent="diligencia.AbstractDespachoController">
    		<property name="methodNameResolver" ref="methodNameResolverDiligenciaUtil" />
    		<property name="consultaService" ref="rrhh2.service.consultaService"/>
    		<property name="formatoValorService" ref="diligencia.ingreso.formatoValorService"/>
    		<property name="fabricaDeServicios" ref="diligencia.ingreso.fabricaDeServiciosData"/>		
    		<property name="declaracionService" ref="diligencia.ingreso.declaracionService"/>
    		<property name="solicitudService" ref="diligencia.ingreso.solicitudService"/>
    		<property name="serieService" ref="diligencia.ingreso.serieService"/>
    		<property name="rectificacionService" ref="diligencia.rectificacion.rectificacionService"/>
    		<property name="soporteService" ref="diligencia.ingreso.soporteService" />
  	</bean>
  <!--FIN-RIN13-->

<bean id="methodNameResolverConsultaRectificacion"
        class="org.springframework.web.servlet.mvc.multiaction.ParameterMethodNameResolver">
        <property name="paramName">
            <value>action</value>
        </property>
        <property name="defaultMethodName">
            <value>initConsultaRectificacion</value>
        </property>

        <property name="logicalMappings">
            <props>
                <prop key="initConsultaRectificacion">initConsultaRectificacion</prop>
                <prop key="validarConsultaRectificacion">validarConsultaRectificacion</prop>
                <prop key="consultaRectificacion">consultaRectificacion</prop>
                <prop key="consultaDetalleDiligencia">consultaDetalleDiligencia</prop>
                <prop key="consultaDatosRectificados">consultaDatosRectificados</prop>
            </props>
        </property>
    </bean>


<bean id="methodNameResolver"
class="org.springframework.web.servlet.mvc.multiaction.ParameterMethodNameResolver">
    <property name="paramName">
      <value>action</value>
    </property>
    <property name="defaultMethodName">
      <value>cargarBusqDeclaracion</value>
    </property>

    <property name="logicalMappings">
      <props>
        <prop key="cargaDeclaracion">cargaDeclaracion</prop>
        <prop key="cargarConsultaIndicadorDua">cargarConsultaIndicadorDua</prop>
        <prop key="modificarDeclaracion">modificarDeclaracion</prop>
        <prop key="grabarDeclaSession">grabarDeclaSession</prop>
        <prop key="cargarBoletinQuimico">cargarBoletinQuimico</prop>
        <prop key="procesarBoletinQuimico">procesarBoletinQuimico</prop>
        <prop key="cargarFormatoB">cargarFormatoB</prop>
        <prop key="cargarDAV">cargarDAV</prop>
        <prop key="modificarDAVSession">modificarDAVSession</prop>
        <prop key="modificarFacturaSession">modificarFacturaSession</prop>
        <prop key="descartarCambiosDAV">descartarCambiosDAV</prop>
        <prop key="cargarFormatoBFactura">cargarFormatoBFactura</prop>
        <prop key="cargarFormatoBDetFactura">cargarFormatoBDetFactura</prop>
        <prop key="cargaPruebaBusq">cargaPruebaBusq</prop>
        <prop key="busqDatosPers">busqDatosPers</prop>
        <prop key="validarDiligenciaDespacho">validarDiligenciaDespacho</prop>
        <prop key="grabarDiligenciaDespacho">grabarDiligenciaDespacho</prop>
        <prop key="cargarBusqDeclaracion">cargarBusqDeclaracion</prop>
        <prop key="validarDeclaracionDespacho">validarDeclaracionDespacho</prop>
        <prop key="iniciarDeclaracionDespacho">iniciarDeclaracionDespacho</prop>
        <prop key="obtenerListadoSeries">obtenerListadoSeries</prop>
        <prop key="obtenerListadoSeriesSession">obtenerListadoSeriesSession</prop>
        <prop key="obtenerDetalleSerie">obtenerDetalleSerie</prop>
        <prop key="editarSerieSession">editarSerieSession</prop>
        <prop key="grabarSerieSession">grabarSerieSession</prop>
        <prop key="declaracionEnProceso">declaracionEnProceso</prop>
        <prop key="declaracionEnRevision">declaracionEnRevision</prop>
        <prop key="despachadorNoSePresento">despachadorNoSePresento</prop>
        <prop key="mostrarIncidencias">mostrarIncidencias</prop>
        <prop key="obtenerTasaByPartida">obtenerTasaByPartida</prop>
        <prop key="validarPartidaNandina">validarPartidaNandina</prop>
        <prop key="cargarSeries">cargarSeries</prop>
        <prop key="validaGrabarSerie">validaGrabarSerie</prop>
        <prop key="cargarAlertasValidacion">cargarAlertasValidacion</prop>
        <prop key="limpiarResValidacion">limpiarResValidacion</prop>
        <prop key="adicionarRegPrecedenciaSession">adicionarRegPrecedenciaSession</prop>
        <prop key="modificarRegPrecedenciaSession">modificarRegPrecedenciaSession</prop>
        <prop key="eliminarRegPrecedenciaSession">eliminarRegPrecedenciaSession</prop>
        <prop key="cargarConsultaIntervenciones">cargarConsultaIntervenciones</prop>
        <prop key="cargarMantCertOrigen">cargarMantCertOrigen</prop>
        <prop key="modificarCertOrigenSession">modificarCertOrigenSession</prop>
        <prop key="obtenerFacturasProv">obtenerFacturasProv</prop>
        <prop key="obtenerItemsFact">obtenerItemsFact</prop>
        <prop key="cargarFormatoBItem">cargarFormatoBItem</prop>
        <prop key="cargarDetalleFormatoBItem">cargarDetalleFormatoBItem</prop>
        <prop key="modificarItemFacturaSession">modificarItemFacturaSession</prop>
        <prop key="evalEjecVerificacion">evalEjecVerificacion</prop>
        <prop key="validarDuracion">validarDuracion</prop>
        <prop key="validaMercAyudaHumanitaria">validaMercAyudaHumanitaria</prop>
        <prop key="validaIncentivoMigrat">validaIncentivoMigrat</prop>
        <prop key="cargarAnexo2">cargarAnexo2</prop>
        <prop key="validaFromRevisionToProceso">validaFromRevisionToProceso</prop>
        <prop key="cargarBusquedaDocuTrans">cargarBusquedaDocuTrans</prop>
        <prop key="buscarDocuTrans">buscarDocuTrans</prop>
        <prop key="anularCambios">anularCambios</prop>
 <!--RIN13FSW-INICIO-->   <!-- rcalle - Inicio -->
        <prop key="cargarBusqDeclaracionBloqueo">cargarBusqDeclaracionBloqueo</prop>
        <prop key="cargarBusqDeclaracionDesbloqueo">cargarBusqDeclaracionDesbloqueo</prop>
        <prop key="cargarBuscarFuncionario">cargarBuscarFuncionario</prop>       
        
 <!--RIN13FSW-FIN-->       <!-- rcalle - Fin -->	
<!--         inicio  EJHM -->
        <prop key="cargarFormularioImpresion">cargarFormularioImpresion</prop>
        <prop key="imprimirGuiaEntregaDocumentos">imprimirGuiaEntregaDocumentos</prop>
	<!--        fin EJHM -->
                <prop key="cargarFormatoBDetFacturaInicial">cargarFormatoBDetFacturaInicial</prop><!--AMANCILLA P24 -->
        <prop key="cConsulDudaRaz">cargarConsultaDudaRazonable</prop>
        <prop key="tieneDudaRaz">tieneDudaRazonable</prop>
      </props>
    </property>
  </bean>

<bean id="methodNameResolverDilig"
class="org.springframework.web.servlet.mvc.multiaction.ParameterMethodNameResolver">
    <property name="paramName">      <value>action</value>    </property>
    <property name="defaultMethodName">      <value>cargarConsultaDVItem</value>    </property>
        <property name="logicalMappings">
      	<props>
        <prop key="cargarConsultaDVItem">cargarConsultaDVItem</prop>
        <prop key="cargarConsultaIntervenciones">cargarConsultaIntervenciones</prop>
        <prop key="obtenerIncidencias">obtenerIncidencias</prop>
        <prop key="obtenerFotos">obtenerFotos</prop>
        <prop key="cargarBuscaDeclaracion">cargarBuscaDeclaracion</prop>
        <prop key="validarDatosDeclaracion">validarDatosDeclaracion</prop>
        <prop key="cargarRegistraDiligencia">cargarRegistraDiligencia</prop>
        <prop key="cargarConsultaFormatoValor">cargarConsultaFormatoValor</prop>
        <prop key="cargarFVItemFactura">cargarFVItemFactura</prop>
        <prop key="cargarFVFacturas">cargarFVFacturas</prop>
        <prop key="cargarFVIProveedores">cargarFVIProveedores</prop>
        <prop key="cargarDetFormatoValor">cargarDetFormatoValor</prop>
        <prop key="grabarRevision">grabarRevision</prop>
        <prop key="cargarConsultaRiesgo">cargarConsultaRiesgo</prop>
        <prop key="cargarConsultaDocRef">cargarConsultaDocRef</prop>
        <prop key="detalleDocRef">detalleDocRef</prop>
        <prop key="cargarConsultaTributoCargo">cargarConsultaTributoCargo</prop>
        <prop key="editarSeriePrecedenteSession">editarSeriePrecedenteSession</prop>
		<prop key="cargarConsultaUltimaLiquidacion">cargarConsultaUltimaLiquidacion</prop>
		<prop key="getListTipoDeuda">getListTipoDeuda</prop>
        <prop key="cargarTratamientoArancelario">cargarTratamientoArancelario</prop>
        <prop key="cargarConsultaManifiesto">cargarConsultaManifiesto</prop>
        <prop key="cargarComunicaPortal">cargarComunicaPortal</prop>
        <prop key="cargarConsultaContenedores">cargarConsultaContenedores</prop>
        <prop key="cargarConsultaDocAutorizaSerie">cargarConsultaDocAutorizaSerie</prop>
        <prop key="cargarSived">cargarSived</prop>
        <prop key="cargarConsultaTributoSerie">cargarConsultaTributoSerie</prop>
        <prop key="cargarConsultaVehiculos">cargarConsultaVehiculos</prop>
        <prop key="modificarDocumentoAsociadoSession">modificarDocumentoAsociadoSession</prop>
        <prop key="cargaBusqDeclaSolicitud">cargaBusqDeclaSolicitud</prop>
        <prop key="cargarSolicitudEspecialista">cargarSolicitudEspecialista</prop>
        <prop key="cargarComunicaciones">cargarComunicaciones</prop>
        <prop key="cargarPlazosProceso">cargarPlazosProceso</prop>
        <prop key="cargarFormatoBFactura">cargarFormatoBFactura</prop><!-- gmontoya P24 -->   
        <prop key="cargarCorrelacionItems">cargarCorrelacionItems</prop><!-- gmontoya P24 -->                
                <prop key="cargarConsultaConclusionDespacho">cargarConsultaConclusionDespacho</prop><!-- gmontoya P24 -->
        <prop key="cargarPorrogas">cargarPorrogas</prop><!-- gmontoya P24 -->
        <prop key="consultaRectificacion">consultaRectificacion</prop><!-- gmontoya P24 -->        
                <prop key="consultaRectificacion">consultaRectificacion</prop><!-- gmontoya P24 -->
        <prop key="consultaDetalleDiligencia">consultaDetalleDiligencia</prop><!-- gmontoya P24 -->
        <prop key="consultaDatosRectificados">consultaDatosRectificados</prop><!-- gmontoya P24 -->
        <prop key="initConsultaRectificacion">initConsultaRectificacion</prop><!-- gmontoya P24 -->    
        <prop key="cargarConsultaDVItemInicial">cargarConsultaDVItemInicial</prop><!--AMANCILLA P24 -->
		<prop key="cargarConsultaProveedorInicial">cargarConsultaProveedorInicial</prop><!--AMANCILLA P24 -->
		<prop key="cargarCorrelacionItemsInicial">cargarCorrelacionItemsInicial</prop><!--AMANCILLA P24 -->
      

      </props>
    </property>
  </bean>

	<!-- olunar - 309 -->
	<bean id="methodNameResolverSolicitud" class="org.springframework.web.servlet.mvc.multiaction.ParameterMethodNameResolver">
		<property name="paramName">
			<value>action</value>
		</property>
		<property name="logicalMappings">
			<props>
				<prop key="mostrarBusquedaSolicitudReconFisico">mostrarBusquedaSolicitudReconFisico</prop>
			</props>
		</property>
	</bean>
	<!-- fin -->

<!--INICIO-RIN13-->	
<bean id="methodNameResolverSubsanacionZonaPrimaria"
    	class="org.springframework.web.servlet.mvc.multiaction.ParameterMethodNameResolver">
    	<property name="paramName">
    		<value>action</value>
    	</property>
    	<property name="defaultMethodName">
    		<value>cargarConsultaSubsanacionObsZPAE</value>
    	</property>
    	<property name="logicalMappings">
      		<props>
        		<prop key="cargarConsultaSubsanacionObsZPAE">cargarConsultaSubsanacionObsZPAE</prop>
        		<prop key="consultarSubsanacionObsZPAE">consultarSubsanacionObsZPAE</prop>
      		</props>
    	</property>
	</bean>
	
	<bean id="methodNameResolverDiligenciaUtil"
    	class="org.springframework.web.servlet.mvc.multiaction.ParameterMethodNameResolver">
    	<property name="paramName">
    		<value>action</value>
    	</property>
    	<property name="logicalMappings">
      		<props>
				<prop key="obtenerEspecialista">obtenerEspecialista</prop>
        	</props>
    	</property>
	</bean>

	<bean id="secureHandlerMapping"
		class="org.springframework.web.servlet.handler.SimpleUrlHandlerMapping">
    	<property name="interceptors">
      		<list>
        		<ref bean="menuIntranetInterceptor" />
      		</list>
    	</property>
    	<property name="urlMap">
      		<props>
        		<prop key="/Declaracion.htm">/Declaracion.htm</prop>
        		<prop key="/Diligencia.htm">/Diligencia.htm</prop>
		      	<prop key="/ConsultaRectificacion.htm">/ConsultaRectificacion.htm</prop>
				<prop key="/Solicitud.htm">/Solicitud.htm</prop>
				<prop key="/Bloqueo.htm">BloqueoController</prop>	
				<prop key="/SubsanacionZonaPrimaria.htm">/SubsanacionZonaPrimaria.htm</prop>
				<prop key="/DiligenciaUtil.htm">/DiligenciaUtil.htm</prop>
                <prop key="/DiligenciaComun.htm">/DiligenciaComun.htm</prop><!-- gmontoya Pase 130 2016 -->
      		</props>
    	</property>
  	</bean>
  <!-- INICIO P34 3014 -->
  
    <bean name="/FormatoValorInicial.htm"
	class="pe.gob.sunat.despaduanero2.diligencia.ingreso.despacho.web.controller.FormatoValorInicialController"
    scope="request"
    parent="diligencia.AbstractDespachoController">
    
	<property name="methodNameResolver" ref="methodNameResolver" />
	<property name="jsonView" 				 value="jsonView" />
	<property name="formatoValorService" ref="diligencia.ingreso.formatoValorService" />
  </bean>
  <!-- FIN P34 3014 -->
  
</beans>