<beans xmlns="http://www.springframework.org/schema/beans"
xmlns:xsi="http://www.w3.org/2001/XMLSchema-instance"
		xsi:schemaLocation="http://www.springframework.org/schema/beans 
		http://www.springframework.org/schema/beans/spring-beans-2.5.xsd">

	<!-- bean id="jsonView" class="pe.gob.sunat.tecnologia.spring.web.view.JsonView"-->
	<!--<bean id="jsonView" class="pe.gob.sunat.framework.spring.web.view.JsonView">
		<property name="contentType">
     	 	<value>text/plain;charset=utf-8</value>
    	</property>
	</bean>-->
	<bean id="jsonView" class="pe.gob.sunat.despaduanero2.diligencia.ingreso.despacho.web.view.JsonView"><!-- gmontoya Pase 99 2016 -->
		<property name="contentType">
     	 	<value>text/plain;charset=utf-8</value>
    	</property>
	</bean>
</beans>