<?xml version="1.0" encoding="UTF-8"?>
<wls:weblogic-web-app xmlns:wls="http://www.bea.com/ns/weblogic/weblogic-web-app" xmlns:xsi="http://www.w3.org/2001/XMLSchema-instance" xsi:schemaLocation="http://java.sun.com/xml/ns/javaee http://java.sun.com/xml/ns/javaee/web-app_2_5.xsd http://www.bea.com/ns/weblogic/weblogic-web-app http://www.bea.com/ns/weblogic/weblogic-web-app/1.0/weblogic-web-app.xsd">
	<wls:weblogic-version>10.3.0</wls:weblogic-version>
	<wls:description><![CDATA[Diligencia de conclusion de despacho]]></wls:description>
	<wls:context-root>iadiligenciaconclusion</wls:context-root>

	<wls:resource-description>
		<wls:res-ref-name>jdbc/dcbdsigadadri</wls:res-ref-name>
		<wls:jndi-name>jdbc/dcbdsigadadri</wls:jndi-name>
	</wls:resource-description>

	<wls:resource-description>
		<wls:res-ref-name>jdbc/dxbdsigadadri</wls:res-ref-name>
		<wls:jndi-name>jdbc/dxbdsigadadri</wls:jndi-name>
	</wls:resource-description>

	<wls:resource-description>
		<wls:res-ref-name>jdbc/dcmetodos</wls:res-ref-name>
		<wls:jndi-name>jdbc/dcmetodos</wls:jndi-name>
	</wls:resource-description>

	<wls:resource-description>
		<wls:res-ref-name>jdbc/dxbdsigad</wls:res-ref-name>
		<wls:jndi-name>jdbc/dxbdsigad</wls:jndi-name>
	</wls:resource-description>

	<wls:resource-description>
		<wls:res-ref-name>jdbc/dcrecauda0j</wls:res-ref-name>
		<wls:jndi-name>jdbc/dcrecauda0j</wls:jndi-name>
	</wls:resource-description>

	<wls:resource-description>
		<wls:res-ref-name>jdbc/dcbdsigad</wls:res-ref-name>
		<wls:jndi-name>jdbc/dcbdsigad</wls:jndi-name>
	</wls:resource-description>

	<wls:resource-description>
		<wls:res-ref-name>jdbc/dsprad1</wls:res-ref-name>
		<wls:jndi-name>jdbc/dsprad1</wls:jndi-name>
	</wls:resource-description>

	<wls:resource-description>
		<wls:res-ref-name>jdbc/dxprad1di04</wls:res-ref-name>
		<wls:jndi-name>jdbc/dxprad1di04</wls:jndi-name>
	</wls:resource-description>

	<wls:resource-description>
		<wls:res-ref-name>jdbc/dspram1</wls:res-ref-name>
		<wls:jndi-name>jdbc/dspram1</wls:jndi-name>
	</wls:resource-description>

	<wls:resource-description>
		<wls:res-ref-name>jdbc/dxprad1daen</wls:res-ref-name>
		<wls:jndi-name>jdbc/dxprad1daen</wls:jndi-name>
	</wls:resource-description>

	<wls:resource-description>
		<wls:res-ref-name>jdbc/dxprtu1daen</wls:res-ref-name>
		<wls:jndi-name>jdbc/dxprtu1daen</wls:jndi-name>
	</wls:resource-description>

	<wls:resource-description>
		<wls:res-ref-name>jdbc/dxprpa1daen</wls:res-ref-name>
		<wls:jndi-name>jdbc/dxprpa1daen</wls:jndi-name>
	</wls:resource-description>

	<wls:resource-description>
		<wls:res-ref-name>jdbc/dxprpi1daen</wls:res-ref-name>
		<wls:jndi-name>jdbc/dxprpi1daen</wls:jndi-name>
	</wls:resource-description>

	<wls:resource-description>
		<wls:res-ref-name>jdbc/dxprsa1daen</wls:res-ref-name>
		<wls:jndi-name>jdbc/dxprsa1daen</wls:jndi-name>
	</wls:resource-description>

	<wls:resource-description>
		<wls:res-ref-name>jdbc/dxprch1daen</wls:res-ref-name>
		<wls:jndi-name>jdbc/dxprch1daen</wls:jndi-name>
	</wls:resource-description>

	<wls:resource-description>
		<wls:res-ref-name>jdbc/dxpram1daen</wls:res-ref-name>
		<wls:jndi-name>jdbc/dxpram1daen</wls:jndi-name>
	</wls:resource-description>

	<wls:resource-description>
		<wls:res-ref-name>jdbc/dxprps1daen</wls:res-ref-name>
		<wls:jndi-name>jdbc/dxprps1daen</wls:jndi-name>
	</wls:resource-description>

	<wls:resource-description>
		<wls:res-ref-name>jdbc/dxprmo1daen</wls:res-ref-name>
		<wls:jndi-name>jdbc/dxprmo1daen</wls:jndi-name>
	</wls:resource-description>

	<wls:resource-description>
		<wls:res-ref-name>jdbc/dxprar1daen</wls:res-ref-name>
		<wls:jndi-name>jdbc/dxprar1daen</wls:jndi-name>
	</wls:resource-description>

	<wls:resource-description>
		<wls:res-ref-name>jdbc/dxpril1daen</wls:res-ref-name>
		<wls:jndi-name>jdbc/dxpril1daen</wls:jndi-name>
	</wls:resource-description>

	<wls:resource-description>
		<wls:res-ref-name>jdbc/dxprta1daen</wls:res-ref-name>
		<wls:jndi-name>jdbc/dxprta1daen</wls:jndi-name>
	</wls:resource-description>

	<wls:resource-description>
		<wls:res-ref-name>jdbc/dxprpu1daen</wls:res-ref-name>
		<wls:jndi-name>jdbc/dxprpu1daen</wls:jndi-name>
	</wls:resource-description>

	<wls:resource-description>
		<wls:res-ref-name>jdbc/dxprcz1daen</wls:res-ref-name>
		<wls:jndi-name>jdbc/dxprcz1daen</wls:jndi-name>
	</wls:resource-description>

	<wls:resource-description>
		<wls:res-ref-name>jdbc/dxprpl1daen</wls:res-ref-name>
		<wls:jndi-name>jdbc/dxprpl1daen</wls:jndi-name>
	</wls:resource-description>

	<wls:resource-description>
		<wls:res-ref-name>jdbc/dxpriq1daen</wls:res-ref-name>
		<wls:jndi-name>jdbc/dxpriq1daen</wls:jndi-name>
	</wls:resource-description>

	<wls:resource-description>
		<wls:res-ref-name>jdbc/dxprae1daen</wls:res-ref-name>
		<wls:jndi-name>jdbc/dxprae1daen</wls:jndi-name>
	</wls:resource-description>

	<wls:resource-description>
		<wls:res-ref-name>jdbc/dxprap1daen</wls:res-ref-name>
		<wls:jndi-name>jdbc/dxprap1daen</wls:jndi-name>
	</wls:resource-description>

	<wls:resource-description>
		<wls:res-ref-name>jdbc/dxprtr1daen</wls:res-ref-name>
		<wls:jndi-name>jdbc/dxprtr1daen</wls:jndi-name>
	</wls:resource-description>

	<wls:resource-description>
		<wls:res-ref-name>jdbc/dxprpm1daen</wls:res-ref-name>
		<wls:jndi-name>jdbc/dxprpm1daen</wls:jndi-name>
	</wls:resource-description>

	<wls:resource-description>
		<wls:res-ref-name>jdbc/dxprlt1daen</wls:res-ref-name>
		<wls:jndi-name>jdbc/dxprlt1daen</wls:jndi-name>
	</wls:resource-description>

	<wls:resource-description>
		<wls:res-ref-name>jdbc/dcsp</wls:res-ref-name>
		<wls:jndi-name>jdbc/dcsp</wls:jndi-name>
	</wls:resource-description>

	<wls:resource-description>
		<wls:res-ref-name>jdbc/dcbdseq</wls:res-ref-name>
		<wls:jndi-name>jdbc/dxbdsigad</wls:jndi-name>
	</wls:resource-description>

	<wls:session-descriptor>
		<wls:invalidation-interval-secs>20</wls:invalidation-interval-secs>
        <wls:id-length>256</wls:id-length>
		<wls:tracking-enabled>true</wls:tracking-enabled>
		<wls:cookie-name>IADILIGENCIACONCLUSIONSESSION</wls:cookie-name>
        <wls:persistent-store-type>replicated_if_clustered</wls:persistent-store-type>
	</wls:session-descriptor>

	<wls:container-descriptor>
		<wls:session-monitoring-enabled>true</wls:session-monitoring-enabled>
	</wls:container-descriptor>
</wls:weblogic-web-app>